metric,metric_label,mode,temporal_bucket,geography,window,start_date,end_date,dates,zones,coverage,median_abs_change,robust_95pct_bound,median_spatial_spread,median_temporal_motion,material_share,persistent_zone_share,policy_step,median_abs_change_score,median_spatial_spread_score,median_temporal_motion_score,material_share_score,persistent_zone_share_score,policy_step_score,interest_score,coverage_factor,final_score
taxi_trip_count,Taxi trips,Taxi,weekend_overnight,Bronx,CP launch transition,2024-11-01,2025-04-30,52,42,1.0,162.50000000000003,1300.0000000000002,846.6062668333973,240.00000000000006,0.9880952380952381,1.0,358.73707627504973,1.0,1.0,1.0,1.0,1.0,1.0,1.0,1.0,1.0
taxi_trip_count,Taxi trips,Taxi,weekend_evening,Brooklyn,CP launch transition,2024-11-01,2025-04-30,52,61,1.0,170.4377687045399,1213.8453872437353,686.7325380728144,190.90909090909088,0.9577553593947037,1.0,439.0243902439024,1.0,1.0,1.0,1.0,1.0,1.0,1.0,1.0,1.0
taxi_trip_count,Taxi trips,Taxi,weekend_overnight,Brooklyn,CP launch transition,2024-11-01,2025-04-30,52,61,1.0,134.20074349442382,1073.2520446096646,632.6930762863644,162.79069767441857,0.9549180327868853,1.0,233.65785813630043,1.0,1.0,1.0,0.9998992862723055,1.0,1.0,0.9999848929408458,1.0,0.9999848929408458
taxi_trip_count,Taxi trips,Taxi,weekday_evening,Brooklyn,CP launch transition,2024-11-01,2025-04-30,129,61,0.9982208666920829,117.84232365145229,1109.6774193548388,598.1012658227849,165.39002282576328,0.9550604710375556,1.0,194.62465245597772,1.0,1.0,1.0,1.0,1.0,1.0,1.0,0.9982208666920829,0.9982208666920829
taxi_trip_count,Taxi trips,Taxi,weekday_overnight,Brooklyn,CP launch transition,2024-11-01,2025-04-30,129,61,0.9955521667302072,100.0,586.2745098039217,456.52173913043475,115.13157894736838,0.9365585907582333,1.0,82.98208640674393,0.9688584819380583,0.9744897587424276,1.0,0.9799279023282887,1.0,1.0,0.9843833214224619,0.9955521667302072,0.9800049485352099
taxi_trip_count,Taxi trips,Taxi,weekend_evening,Bronx,CP launch transition,2024-11-01,2025-04-30,52,43,0.9771914132379249,204.62375339981867,1475.0,720.485458813276,205.88235294117646,0.9826086956521739,1.0,515.902054601745,1.0,1.0,1.0,1.0,1.0,1.0,1.0,0.9771914132379249,0.9771914132379249
taxi_trip_count,Taxi trips,Taxi,weekend_evening,Queens,CP launch transition,2024-11-01,2025-04-30,52,69,0.9802118171683389,102.39968528717547,968.1261770244818,636.2057112545942,113.80299649346512,0.9385840204719932,1.0,244.8367754830113,0.9928724204877266,1.0,1.0,0.9821311628850089,1.0,1.0,0.9958941585302966,0.9802118171683389,0.9761872228403159
taxi_trip_count,Taxi trips,Taxi,weekend_evening,Citywide,CP launch transition,2024-11-01,2025-04-30,52,261,0.9832007073386384,100.0,1100.0,639.0530345458449,122.38982068207939,0.939748201438849,1.0,200.69504778453518,0.9688584819380583,1.0,1.0,0.9833975578567684,1.0,1.0,0.9912813300661268,0.9832007073386384,0.9746285048926022
taxi_trip_count,Taxi trips,Taxi,weekday_evening,Bronx,CP launch transition,2024-11-01,2025-04-30,129,43,0.9792680728321616,100.0,1281.578947368421,642.2077922077922,215.6398104265403,0.992820324005891,1.0,220.58823529411768,0.9688584819380583,1.0,1.0,1.0,1.0,1.0,0.9937716963876116,0.9792680728321616,0.9731688939566444
taxi_trip_count,Taxi trips,Taxi,weekend_overnight,Queens,CP launch transition,2024-11-01,2025-04-30,52,69,0.9782608695652174,100.0,950.0,596.0752351097184,116.55874190564292,0.9478632478632478,1.0,161.7894963325283,0.9688584819380583,1.0,1.0,0.9922250978011885,1.0,1.0,0.9926054610577899,0.9782608695652174,0.9710270814695771
taxi_trip_count,Taxi trips,Taxi,weekday_pm_peak,Brooklyn,CP launch transition,2024-11-01,2025-04-30,129,61,0.9996187571483035,117.8423236514523,677.7777777777778,415.3481012658228,117.71300448430492,0.9454614797864226,1.0,160.79632465543642,1.0,0.8850280029991344,1.0,0.98961245672354,1.0,1.0,0.9696988692583146,0.9996187571483035,0.9693291784961117
taxi_trip_count,Taxi trips,Taxi,weekday_pm_peak,Bronx,CP launch transition,2024-11-01,2025-04-30,129,43,0.9776455741842437,100.0,716.0621761658031,462.5675675675675,141.89189189189187,0.9470772635072838,1.0,121.1151615134905,0.9688584819380583,0.9876260871059093,1.0,0.9913701047506126,1.0,1.0,0.9893837338766809,0.9776455741842437,0.9672666285944186
taxi_trip_count,Taxi trips,Taxi,weekday_evening,Queens,CP launch transition,2024-11-01,2025-04-30,129,69,0.97809234917425,100.0,836.5162644281216,558.3217466461238,89.8972602739726,0.9308522857799219,0.9855072463768116,74.32751297781974,0.9688584819380583,1.0,1.0,0.9737205890861074,0.9855072463768116,1.0,0.9883805093882089,0.97809234917425,0.9667274143055551
taxi_trip_count,Taxi trips,Taxi,weekday_overnight,Bronx,CP launch transition,2024-11-01,2025-04-30,129,43,0.9765639084189652,100.0,728.9473684210526,434.44767441860455,147.88732394366198,0.97803212110024,1.0,140.56451612903226,0.9688584819380583,0.9265274049663311,1.0,1.0,1.0,1.0,0.9754035476291945,0.9765639084189652,0.9525439007584905
taxi_trip_count,Taxi trips,Taxi,weekday_am_peak,Bronx,CP launch transition,2024-11-01,2025-04-30,129,43,0.9776455741842437,100.57306590257879,516.9871794871794,389.0488847393199,86.20689655172413,0.9424672690392771,1.0,136.89700130378097,0.97459322117365,0.8278852726708009,1.0,0.9863553570607496,1.0,1.0,0.9498432659615427,0.9776455741842437,0.9286100651360096
taxi_trip_count,Taxi trips,Taxi,weekday_overnight,Queens,CP launch transition,2024-11-01,2025-04-30,129,69,0.9693292888439501,100.0,740.0,424.7639653815893,93.75,0.9255910987482615,1.0,67.52411575562701,0.9688584819380583,0.9054867183161197,1.0,0.9679974747318372,1.0,0.9080973716841939,0.9561527343448366,0.9693292888439501,0.9268268500086788
taxi_trip_count,Taxi trips,Taxi,weekend_midday,Brooklyn,CP launch transition,2024-11-01,2025-04-30,52,61,1.0,119.51219512195121,562.4536936888214,335.5642780926513,93.75,0.9319041614123581,1.0,116.3727959697733,1.0,0.7116743410163295,1.0,0.9748648184196544,1.0,1.0,0.9241483080170305,1.0,0.9241483080170305
taxi_trip_count,Taxi trips,Taxi,weekend_midday,Queens,CP launch transition,2024-11-01,2025-04-30,52,69,0.9949832775919732,100.0,530.0,423.45247766328805,70.94594594594594,0.8896358543417366,0.9855072463768116,89.40926024481108,0.9688584819380583,0.9026371281414357,0.8402152615062012,0.9288853933448848,0.9855072463768116,1.0,0.9253575643636248,0.9949832775919732,0.9207153023350447
taxi_trip_count,Taxi trips,Taxi,weekend_overnight,Citywide,CP launch transition,2024-11-01,2025-04-30,52,261,0.9868110816386678,100.0,951.1699164345395,576.6029863855952,61.643663106959906,0.9192861942805943,0.9961685823754789,106.12814165593679,0.9688584819380583,1.0,0.726625507463375,0.9611390055224996,0.9961685823754789,1.0,0.9328845069462094,0.9868110816386678,0.9205807693435442
taxi_trip_count,Taxi trips,Taxi,weekend_midday,Bronx,CP launch transition,2024-11-01,2025-04-30,52,43,0.9789803220035778,103.48837209302324,595.0354609929078,350.25408238202425,93.75,0.9524897213339424,1.0,179.99999999999997,1.0,0.7435922319632982,1.0,0.9972577713348314,1.0,1.0,0.9354867236910492,0.9789803220035778,0.9158230939891353
taxi_trip_count,Taxi trips,Taxi,weekday_am_peak,Brooklyn,CP launch transition,2024-11-01,2025-04-30,129,61,0.9989833523954759,122.15914955103726,474.81751824817525,311.2417591604307,80.39816232771821,0.9279989823177712,1.0,130.0443802249974,1.0,0.6588265636367621,0.9556358472429943,0.9706167682367336,1.0,1.0,0.9014263255932993,0.9989833523954759,0.9005098926787298
taxi_trip_count,Taxi trips,Taxi,weekend_midday,Brooklyn,Early 2026,2026-01-01,2026-03-31,26,61,1.0,277.14671033036547,777.3142317380352,572.4513290120582,132.07547169811318,0.9672131147540983,1.0,,1.0,1.0,1.0,1.0,1.0,0.0,0.9,1.0,0.9
taxi_trip_count,Taxi trips,Taxi,weekend_midday,Brooklyn,First six months post-CP,2025-01-05,2025-06-30,51,61,1.0,252.71317829457368,920.3985673983073,545.1659008719508,129.1743884358784,0.9636772741883639,1.0,,1.0,1.0,1.0,1.0,1.0,0.0,0.9,1.0,0.9
taxi_trip_count,Taxi trips,Taxi,weekend_evening,Brooklyn,First six months post-CP,2025-01-05,2025-06-30,51,61,1.0,472.72727272727275,1675.7854821235103,1127.6699029126212,257.6687116564417,0.9823207971713276,1.0,,1.0,1.0,1.0,1.0,1.0,0.0,0.9,1.0,0.9
taxi_trip_count,Taxi trips,Taxi,weekend_overnight,Brooklyn,First six months post-CP,2025-01-05,2025-06-30,51,61,1.0,320.0,1540.625,921.318986342098,252.7946838901999,0.98424943747991,1.0,,1.0,1.0,1.0,1.0,1.0,0.0,0.9,1.0,0.9
taxi_trip_count,Taxi trips,Taxi,weekend_overnight,Bronx,Second half of 2025,2025-07-01,2025-12-31,52,42,1.0,432.60869565217394,1777.2685246334681,1153.3653044203502,368.42105263157896,0.99496336996337,1.0,,1.0,1.0,1.0,1.0,1.0,0.0,0.9,1.0,0.9
taxi_trip_count,Taxi trips,Taxi,weekend_overnight,Bronx,First six months post-CP,2025-01-05,2025-06-30,51,42,1.0,483.33333333333337,1809.0909090909095,1189.5784429853225,365.8536585365854,0.9957983193277311,1.0,,1.0,1.0,1.0,1.0,1.0,0.0,0.9,1.0,0.9
taxi_trip_count,Taxi trips,Taxi,weekend_overnight,Brooklyn,Early 2026,2026-01-01,2026-03-31,26,61,1.0,248.54838462833445,1031.0239723206196,800.0483558994197,188.62275449101804,0.9829760403530895,1.0,,1.0,1.0,1.0,1.0,1.0,0.0,0.9,1.0,0.9
taxi_trip_count,Taxi trips,Taxi,weekend_midday,Brooklyn,Second half of 2025,2025-07-01,2025-12-31,52,61,1.0,337.91469194312793,837.5,587.7352255899398,137.53148614609574,0.9864438839848676,1.0,,1.0,1.0,1.0,1.0,1.0,0.0,0.9,1.0,0.9
taxi_trip_count,Taxi trips,Taxi,weekend_evening,Brooklyn,Second half of 2025,2025-07-01,2025-12-31,52,61,1.0,369.2791883788864,1352.4015009380857,858.8086102411551,282.3164426059979,0.9832912988650694,1.0,,1.0,1.0,1.0,1.0,1.0,0.0,0.9,1.0,0.9
taxi_trip_count,Taxi trips,Taxi,weekday_pm_peak,Brooklyn,Second half of 2025,2025-07-01,2025-12-31,132,61,0.9997516145057128,305.06373597568415,942.3389635287273,627.5273760413984,162.03703703703704,0.9878260869565217,1.0,,1.0,1.0,1.0,1.0,1.0,0.0,0.9,0.9997516145057128,0.8997764530551415
taxi_trip_count,Taxi trips,Taxi,weekday_pm_peak,Brooklyn,Early 2026,2026-01-01,2026-03-31,64,61,0.9997438524590164,379.76501305483026,1183.3333333333335,705.9825237065756,176.55602832869198,0.9902638995644376,1.0,,1.0,1.0,1.0,1.0,1.0,0.0,0.9,0.9997438524590164,0.8997694672131148
taxi_trip_count,Taxi trips,Taxi,weekend_overnight,Brooklyn,Second half of 2025,2025-07-01,2025-12-31,52,61,0.9996847414880202,388.3720930232558,1572.2030435395236,930.4375326762272,257.7748312439729,0.9927467675812046,1.0,,1.0,1.0,1.0,1.0,1.0,0.0,0.9,0.9996847414880202,0.8997162673392182
taxi_trip_count,Taxi trips,Taxi,weekday_overnight,Bronx,Early 2026,2026-01-01,2026-03-31,64,42,0.9996279761904762,257.8066914498141,1158.7851894206672,824.528143242188,203.48837209302326,0.9832526981764049,1.0,,1.0,1.0,1.0,1.0,1.0,0.0,0.9,0.9996279761904762,0.8996651785714286
taxi_trip_count,Taxi trips,Taxi,weekday_pm_peak,Brooklyn,First six months post-CP,2025-01-05,2025-06-30,126,61,0.9996096799375488,242.68929503916445,949.3640218049667,560.4268618719032,148.2266164469554,0.9757907067551738,1.0,,1.0,1.0,1.0,1.0,1.0,0.0,0.9,0.9996096799375488,0.8996487119437939
taxi_trip_count,Taxi trips,Taxi,weekday_am_peak,Brooklyn,Early 2026,2026-01-01,2026-03-31,64,61,0.9994877049180327,338.7535816618911,894.3862179896336,575.989357914015,129.693675889328,0.9779600205023065,1.0,,1.0,1.0,1.0,1.0,1.0,0.0,0.9,0.9994877049180327,0.8995389344262295
taxi_trip_count,Taxi trips,Taxi,weekday_evening,Brooklyn,Early 2026,2026-01-01,2026-03-31,64,61,0.9994877049180327,275.62965933788155,1231.2485956108153,803.7457056676712,225.6446991404011,0.9789851358277806,1.0,,1.0,1.0,1.0,1.0,1.0,0.0,0.9,0.9994877049180327,0.8995389344262295
taxi_trip_count,Taxi trips,Taxi,weekend_evening,Brooklyn,Early 2026,2026-01-01,2026-03-31,26,61,0.9993694829760403,316.21621621621625,1164.5393721049916,752.8852447424288,254.2372881355932,0.9798107255520505,1.0,,1.0,1.0,1.0,1.0,1.0,0.0,0.9,0.9993694829760403,0.8994325346784363
taxi_trip_count,Taxi trips,Taxi,weekday_evening,Brooklyn,Second half of 2025,2025-07-01,2025-12-31,132,61,0.9991306507699951,360.42780748663097,1540.5808386258823,959.7226537867502,236.75340125678724,0.9912989434431324,1.0,,1.0,1.0,1.0,1.0,1.0,0.0,0.9,0.9991306507699951,0.8992175856929956
taxi_trip_count,Taxi trips,Taxi,weekday_evening,Brooklyn,First six months post-CP,2025-01-05,2025-06-30,126,61,0.9988290398126464,281.8181818181818,1566.6666666666665,953.8320179751784,230.81081081081084,0.9753810082063306,1.0,,1.0,1.0,1.0,1.0,1.0,0.0,0.9,0.9988290398126464,0.8989461358313817
taxi_trip_count,Taxi trips,Taxi,weekday_am_peak,Brooklyn,Second half of 2025,2025-07-01,2025-12-31,132,61,0.9985096870342772,248.2587064676617,678.1620553359684,469.1657928287878,100.71252397917237,0.9672885572139304,1.0,,1.0,1.0,1.0,1.0,1.0,0.0,0.9,0.9985096870342772,0.8986587183308495
taxi_trip_count,Taxi trips,Taxi,weekday_overnight,Brooklyn,Second half of 2025,2025-07-01,2025-12-31,132,61,0.9971435668156979,255.93220338983053,910.6114815417131,713.9038305770341,183.8879159369527,0.985178727114211,1.0,,1.0,1.0,1.0,1.0,1.0,0.0,0.9,0.9971435668156979,0.8974292101341281
taxi_trip_count,Taxi trips,Taxi,weekday_overnight,Brooklyn,First six months post-CP,2025-01-05,2025-06-30,126,61,0.9960967993754879,153.62318840579707,867.0664961178757,592.8045157209043,149.57264957264957,0.9613375130616509,1.0,,1.0,1.0,1.0,1.0,1.0,0.0,0.9,0.9960967993754879,0.8964871194379391
taxi_trip_count,Taxi trips,Taxi,weekday_overnight,Brooklyn,Early 2026,2026-01-01,2026-03-31,64,61,0.9951331967213115,226.08695652173915,881.7453250222618,667.8828902866647,181.15168246692366,0.9791505791505791,1.0,,1.0,1.0,1.0,1.0,1.0,0.0,0.9,0.9951331967213115,0.8956198770491803
taxi_trip_count,Taxi trips,Taxi,weekday_am_peak,Queens,CP launch transition,2024-11-01,2025-04-30,129,69,0.983709695539827,100.0,494.4197655248214,393.47977317283977,69.15173867228661,0.9079488350845135,1.0,111.22881355932202,0.9688584819380583,0.8375126721264617,0.8183062778250484,0.9488062367453876,1.0,1.0,0.9091320554960449,0.983709695539827,0.8943220175175115
taxi_trip_count,Taxi trips,Taxi,weekend_midday,Queens,Second half of 2025,2025-07-01,2025-12-31,52,69,0.9966555183946488,200.13398838767307,900.0000000000002,661.4738695015412,112.90322580645176,0.950503355704698,0.9710144927536232,,1.0,1.0,1.0,0.9950970046528742,0.9710144927536232,0.0,0.8963659999732935,0.9966555183946488,0.8933681203747206
taxi_trip_count,Taxi trips,Taxi,weekend_midday,Queens,First six months post-CP,2025-01-05,2025-06-30,51,69,0.9957374254049446,156.09756097560975,955.8659217877095,631.2727272727273,108.1081081081081,0.9320776255707762,0.9855072463768116,,1.0,1.0,1.0,0.9750535125696665,0.9855072463768116,0.0,0.8948087515231311,0.9957374254049446,0.8909945624714554
taxi_trip_count,Taxi trips,Taxi,weekday_pm_peak,Queens,Early 2026,2026-01-01,2026-03-31,64,69,0.9904891304347826,141.8474496439753,1005.263157894737,767.7985491176678,124.44971215712836,0.9462734339277549,1.0,,1.0,1.0,1.0,0.9904956996824587,1.0,0.0,0.8985743549523688,0.9904891304347826,0.8900281314677675
taxi_trip_count,Taxi trips,Taxi,weekday_pm_peak,Queens,CP launch transition,2024-11-01,2025-04-30,129,69,0.9883159195596001,100.0,573.0769230769231,448.8259677596228,63.32931242460796,0.8971240195521201,0.9710144927536232,59.60103795004866,0.9688584819380583,0.9577684473806366,0.7472088948649744,0.9370310124883973,0.9710144927536232,0.7996238284954489,0.9002740712039325,0.9883159195596001,0.8897551965375795
taxi_trip_count,Taxi trips,Taxi,weekend_midday,Queens,Early 2026,2026-01-01,2026-03-31,26,69,0.9916387959866221,142.15007982969667,699.4004094764542,581.1499971530764,104.47761194029847,0.9319842608206858,1.0,,1.0,1.0,1.0,0.9749519504814514,1.0,0.0,0.8962427925722177,0.9916387959866221,0.8887491237380019
taxi_trip_count,Taxi trips,Taxi,weekend_evening,Queens,Second half of 2025,2025-07-01,2025-12-31,52,69,0.9871794871794872,215.0,1111.3931931377967,742.593947398891,162.7906976744186,0.9669678147939017,1.0,,1.0,1.0,1.0,1.0,1.0,0.0,0.9,0.9871794871794872,0.8884615384615385
taxi_trip_count,Taxi trips,Taxi,weekend_overnight,Citywide,Second half of 2025,2025-07-01,2025-12-31,52,261,0.9894636015325671,179.81800454988627,1400.0,945.3022386225134,125.74850299401194,0.9487675925236428,0.9885057471264368,,1.0,1.0,1.0,0.9932088430807173,0.9885057471264368,0.0,0.8978319011747513,0.9894636015325671,0.8883719865072013
taxi_trip_count,Taxi trips,Taxi,weekday_midday,Brooklyn,Early 2026,2026-01-01,2026-03-31,64,61,1.0,288.2418324601603,668.7218851517136,446.7448587220314,107.20536756126018,0.9766905737704918,1.0,,1.0,0.9532466300710181,1.0,1.0,1.0,0.0,0.8883116575177545,1.0,0.8883116575177545
taxi_trip_count,Taxi trips,Taxi,weekday_am_peak,Queens,Early 2026,2026-01-01,2026-03-31,64,69,0.9859601449275363,239.80582524271847,944.3037974683544,669.1622147127225,117.48251748251747,0.9706017455213597,1.0,,1.0,1.0,1.0,1.0,1.0,0.0,0.9,0.9859601449275363,0.8873641304347827
taxi_trip_count,Taxi trips,Taxi,weekend_evening,Citywide,Early 2026,2026-01-01,2026-03-31,26,260,0.9875739644970414,128.3737582247452,1066.6666666666665,832.811047477755,145.03255641496042,0.9457759137207908,1.0,,1.0,1.0,1.0,0.9899544976645719,1.0,0.0,0.8984931746496858,0.9875739644970414,0.8873284665623228
taxi_trip_count,Taxi trips,Taxi,weekend_overnight,Citywide,First six months post-CP,2025-01-05,2025-06-30,51,261,0.9885808729622118,134.0764331210191,1365.1162790697674,988.0000000000001,110.10858921494543,0.9429287939813056,0.9923371647509579,,1.0,1.0,1.0,0.9868574034629555,0.9923371647509579,0.0,0.8972623269945392,0.9885808729622118,0.887016374496367
taxi_trip_count,Taxi trips,Taxi,All temporal buckets,Brooklyn,Early 2026,2026-01-01,2026-03-31,90,61,1.0,314.9721951012438,720.1750567136837,443.9333644643116,86.01920826289687,0.9907103825136612,1.0,,1.0,0.9471378375133904,1.0,1.0,1.0,0.0,0.8867844593783476,1.0,0.8867844593783476
taxi_trip_count,Taxi trips,Taxi,weekday_pm_peak,Queens,Second half of 2025,2025-07-01,2025-12-31,132,69,0.9918752744839702,106.69291338582678,901.9083969465647,625.9088124714095,109.28393005828474,0.9346911667035643,0.9710144927536232,,1.0,1.0,1.0,0.9778965201804063,0.9710144927536232,0.0,0.8937859273024233,0.9918752744839702,0.886524161973001
taxi_trip_count,Taxi trips,Taxi,weekend_overnight,Queens,Second half of 2025,2025-07-01,2025-12-31,52,69,0.9846711259754738,255.9322033898305,1403.5335689045905,929.8142042893484,231.67848699763596,0.979054627795075,1.0,,1.0,1.0,1.0,1.0,1.0,0.0,0.9,0.9846711259754738,0.8862040133779264
taxi_trip_count,Taxi trips,Taxi,weekend_evening,Citywide,Second half of 2025,2025-07-01,2025-12-31,52,261,0.9869584438549955,162.50000000000003,1197.752808988764,953.5476718403547,151.21438242419603,0.9397536394176932,1.0,,1.0,1.0,1.0,0.9834034732850917,1.0,0.0,0.8975105209927637,0.9869584438549955,0.8858055871425045
taxi_trip_count,Taxi trips,Taxi,weekend_evening,Citywide,First six months post-CP,2025-01-05,2025-06-30,51,261,0.9840733228157164,208.82352941176472,1515.3846153846152,1205.0516143202285,170.06408471539817,0.9572486449347278,1.0,,1.0,1.0,1.0,1.0,1.0,0.0,0.9,0.9840733228157164,0.8856659905341447
taxi_trip_count,Taxi trips,Taxi,weekday_am_peak,Queens,Second half of 2025,2025-07-01,2025-12-31,132,69,0.9862758014931928,154.23728813559322,663.6363636363636,526.3843664493552,98.92086330935251,0.9492374485138595,0.9855072463768116,,1.0,1.0,1.0,0.9937199519893851,0.9855072463768116,0.0,0.8976087174360889,0.9862758014931928,0.8852897572165555
taxi_trip_count,Taxi trips,Taxi,weekday_am_peak,Queens,First six months post-CP,2025-01-05,2025-06-30,126,69,0.9855072463768116,125.32188841201715,650.0,521.6402062605328,87.82936010037639,0.9402427637721755,1.0,,1.0,1.0,1.0,0.9839355423024667,1.0,0.0,0.89759033134537,0.9855072463768116,0.8845817758186256
taxi_trip_count,Taxi trips,Taxi,weekend_overnight,Queens,First six months post-CP,2025-01-05,2025-06-30,51,69,0.982665529980108,226.70700086430423,1365.1162790697674,932.1536905965625,206.89655172413794,0.9681897050318103,1.0,,1.0,1.0,1.0,1.0,1.0,0.0,0.9,0.982665529980108,0.8843989769820972
taxi_trip_count,Taxi trips,Taxi,weekend_evening,Queens,Early 2026,2026-01-01,2026-03-31,26,69,0.9827201783723523,159.25925925925927,881.3084112149534,639.1977064822516,142.10526315789474,0.9534883720930233,1.0,,1.0,1.0,1.0,0.998344102700701,1.0,0.0,0.8997516154051052,0.9827201783723523,0.884204067981717
taxi_trip_count,Taxi trips,Taxi,weekday_overnight,Citywide,Second half of 2025,2025-07-01,2025-12-31,132,260,0.9851398601398601,115.16393442622952,848.9074762575154,637.4509691382896,102.40828275592169,0.9406684412895593,0.9961538461538462,,1.0,1.0,1.0,0.9843985939095219,0.9961538461538462,0.0,0.897275173701813,0.9851398601398601,0.8839415391275727
taxi_trip_count,Taxi trips,Taxi,weekday_evening,Queens,Second half of 2025,2025-07-01,2025-12-31,132,69,0.9839701361440492,139.5697522816167,1180.4878048780488,771.7914374760946,154.41176470588235,0.952242802945771,0.9855072463768116,,1.0,1.0,1.0,0.9969891737420881,0.9855072463768116,0.0,0.8980991006989945,0.9839701361440492,0.8837026943856376
taxi_trip_count,Taxi trips,Taxi,weekend_evening,Queens,First six months post-CP,2025-01-05,2025-06-30,51,69,0.9812446717817562,300.0,1315.5665238379277,1000.0539189566365,194.44444444444446,0.9759629307848248,1.0,,1.0,1.0,1.0,1.0,1.0,0.0,0.9,0.9812446717817562,0.8831202046035806
taxi_trip_count,Taxi trips,Taxi,weekday_evening,Citywide,Second half of 2025,2025-07-01,2025-12-31,132,262,0.9844725884802221,109.49307847677225,1281.578947368421,869.6009264425104,89.89726027397259,0.9367345140541017,0.9961832061068703,,1.0,1.0,1.0,0.9801192715257298,0.9961832061068703,0.0,0.8966362113395465,0.9844725884802221,0.8827137719025429
taxi_trip_count,Taxi trips,Taxi,weekday_evening,Bronx,First six months post-CP,2025-01-05,2025-06-30,126,43,0.9800664451827242,280.4347826086956,1613.2375776397519,1093.1860957247623,336.53846153846155,0.9926553672316384,1.0,,1.0,1.0,1.0,1.0,1.0,0.0,0.9,0.9800664451827242,0.8820598006644518
taxi_trip_count,Taxi trips,Taxi,weekend_overnight,Bronx,Early 2026,2026-01-01,2026-03-31,26,43,0.9794275491949911,315.8415841584158,1391.7330067360667,1046.9417475728155,311.11111111111103,0.9963470319634703,1.0,,1.0,1.0,1.0,1.0,1.0,0.0,0.9,0.9794275491949911,0.881484794275492
taxi_trip_count,Taxi trips,Taxi,weekend_midday,Bronx,Early 2026,2026-01-01,2026-03-31,26,43,0.9794275491949911,245.2054794520548,668.100918121613,519.6443539417945,153.28467153284674,0.9863013698630136,1.0,,1.0,1.0,1.0,1.0,1.0,0.0,0.9,0.9794275491949911,0.881484794275492
taxi_trip_count,Taxi trips,Taxi,weekend_midday,Bronx,Second half of 2025,2025-07-01,2025-12-31,52,43,0.9789803220035778,294.9843260188088,813.0434782608695,538.4164014795526,146.17169373549882,0.9917770671539515,1.0,,1.0,1.0,1.0,1.0,1.0,0.0,0.9,0.9789803220035778,0.88108228980322
taxi_trip_count,Taxi trips,Taxi,weekend_evening,Bronx,Second half of 2025,2025-07-01,2025-12-31,52,43,0.9789803220035778,425.0,1588.7931034482756,1019.4560916485282,342.39130434782606,0.9922338967565099,1.0,,1.0,1.0,1.0,1.0,1.0,0.0,0.9,0.9789803220035778,0.88108228980322
taxi_trip_count,Taxi trips,Taxi,weekend_midday,Bronx,First six months post-CP,2025-01-05,2025-06-30,51,43,0.9785681714546284,273.6654804270463,874.1017119207377,568.0449904008606,139.53488372093017,0.9799627213420317,1.0,,1.0,1.0,1.0,1.0,1.0,0.0,0.9,0.9785681714546284,0.8807113543091656
taxi_trip_count,Taxi trips,Taxi,weekday_pm_peak,Bronx,Early 2026,2026-01-01,2026-03-31,64,43,0.9785610465116279,377.27272727272737,1297.9289940828403,918.6909581646423,260.545905707196,0.9910880059413294,1.0,,1.0,1.0,1.0,1.0,1.0,0.0,0.9,0.9785610465116279,0.8807049418604651
taxi_trip_count,Taxi trips,Taxi,weekday_evening,Bronx,Early 2026,2026-01-01,2026-03-31,64,43,0.9785610465116279,291.79104477611935,1593.5483870967741,1130.963321589596,345.3947368421052,0.9922020051986632,1.0,,1.0,1.0,1.0,1.0,1.0,0.0,0.9,0.9785610465116279,0.8807049418604651
taxi_trip_count,Taxi trips,Taxi,weekday_pm_peak,Bronx,First six months post-CP,2025-01-05,2025-06-30,126,43,0.9782207456626061,165.15151515151513,896.2049335863378,632.5451752617012,195.16728624535315,0.9647169811320755,1.0,,1.0,1.0,1.0,1.0,1.0,0.0,0.9,0.9782207456626061,0.8803986710963455
taxi_trip_count,Taxi trips,Taxi,weekday_evening,Bronx,Second half of 2025,2025-07-01,2025-12-31,132,43,0.97815362931642,294.7368421052631,1775.0,1119.6531958406542,346.5346534653465,0.9936959654178674,1.0,,1.0,1.0,1.0,1.0,1.0,0.0,0.9,0.97815362931642,0.8803382663847781
taxi_trip_count,Taxi trips,Taxi,weekday_pm_peak,Bronx,Second half of 2025,2025-07-01,2025-12-31,132,43,0.9779774489076815,251.56249999999994,1017.0212765957447,740.1645711009407,212.55060728744945,0.9778418303008467,1.0,,1.0,1.0,1.0,1.0,1.0,0.0,0.9,0.9779774489076815,0.8801797040169134
taxi_trip_count,Taxi trips,Taxi,weekend_overnight,Queens,Early 2026,2026-01-01,2026-03-31,26,69,0.9777034559643255,167.68653321201091,937.0370370370371,740.0495880214271,139.0728476821192,0.9578107183580388,1.0,,1.0,1.0,1.0,1.0,1.0,0.0,0.9,0.9777034559643255,0.879933110367893
taxi_trip_count,Taxi trips,Taxi,weekend_evening,Bronx,Early 2026,2026-01-01,2026-03-31,26,43,0.9776386404293381,380.91603053435114,1332.7812678469427,980.3031903876681,266.184284517484,0.9890210430009149,1.0,,1.0,1.0,1.0,1.0,1.0,0.0,0.9,0.9776386404293381,0.8798747763864043
taxi_trip_count,Taxi trips,Taxi,weekday_am_peak,Bronx,Early 2026,2026-01-01,2026-03-31,64,43,0.9774709302325582,458.5106382978724,1212.5,614.4185911524154,177.56482525366403,0.9944237918215614,1.0,,1.0,1.0,1.0,1.0,1.0,0.0,0.9,0.9774709302325582,0.8797238372093024
taxi_trip_count,Taxi trips,Taxi,weekday_am_peak,Bronx,Second half of 2025,2025-07-01,2025-12-31,132,43,0.9774489076814659,299.5157384987893,865.3855335402227,514.3664398791788,132.35294117647058,0.9893655371304975,1.0,,1.0,1.0,1.0,1.0,1.0,0.0,0.9,0.9774489076814659,0.8797040169133193
taxi_trip_count,Taxi trips,Taxi,weekday_am_peak,Bronx,First six months post-CP,2025-01-05,2025-06-30,126,43,0.9772978959025471,199.99999999999997,610.2593010146562,468.3025582594398,114.7003745318352,0.9769593956562795,1.0,,1.0,1.0,1.0,1.0,1.0,0.0,0.9,0.9772978959025471,0.8795681063122924
taxi_trip_count,Taxi trips,Taxi,weekend_evening,Bronx,First six months post-CP,2025-01-05,2025-06-30,51,43,0.9772001823985408,568.7898089171974,1844.4444444444446,1246.4868820654951,368.9612594536195,0.9962669155389641,1.0,,1.0,1.0,1.0,1.0,1.0,0.0,0.9,0.9772001823985408,0.8794801641586867
taxi_trip_count,Taxi trips,Taxi,weekday_overnight,Bronx,Second half of 2025,2025-07-01,2025-12-31,132,43,0.9770965468639887,209.96309963099634,1066.6666666666665,735.6738343086005,198.86363636363632,0.9839523981247746,1.0,,1.0,1.0,1.0,1.0,1.0,0.0,0.9,0.9770965468639887,0.8793868921775899
taxi_trip_count,Taxi trips,Taxi,weekday_evening,Queens,First six months post-CP,2025-01-05,2025-06-30,126,69,0.9802162410858063,130.88863019014357,1111.5384615384614,805.5383895131085,150.33407572383075,0.9459047172025347,0.9855072463768116,,1.0,1.0,1.0,0.9900946099720818,0.9855072463768116,0.0,0.8970649161334934,0.9802162410858063,0.879317600102327
taxi_trip_count,Taxi trips,Taxi,weekday_overnight,Bronx,First six months post-CP,2025-01-05,2025-06-30,126,43,0.9767441860465116,147.64150943396226,932.7868852459015,632.6787815473222,173.26732673267327,0.9848828420256992,1.0,,1.0,1.0,1.0,1.0,1.0,0.0,0.9,0.9767441860465116,0.8790697674418605
taxi_trip_count,Taxi trips,Taxi,weekday_evening,Queens,Early 2026,2026-01-01,2026-03-31,64,69,0.978713768115942,114.28571428571428,926.4290094018254,651.954205381645,133.45841907759353,0.9511800092549746,0.9855072463768116,,1.0,1.0,1.0,0.9958330677548227,0.9855072463768116,0.0,0.8979256848009045,0.978713768115942,0.8788122304595809
taxi_trip_count,Taxi trips,Taxi,weekday_overnight,Citywide,Early 2026,2026-01-01,2026-03-31,64,259,0.9864261583011583,100.0,879.9999999999999,627.033920213826,97.76536312849164,0.9387805027215461,0.9961389961389961,,0.9688584819380583,1.0,1.0,0.9823448960931251,0.9961389961389961,0.0,0.8907373304154801,0.9864261583011583,0.8786466028971716
taxi_trip_count,Taxi trips,Taxi,weekend_overnight,Citywide,Early 2026,2026-01-01,2026-03-31,26,262,0.983998825601879,117.22358722358723,1019.9999999999999,718.9827764351892,84.19243986254291,0.9266000298373862,0.9694656488549618,,1.0,1.0,1.0,0.9690949890311563,0.9694656488549618,0.0,0.8923108132401696,0.983998825601879,0.8780327923001845
taxi_trip_count,Taxi trips,Taxi,weekday_overnight,Queens,Second half of 2025,2025-07-01,2025-12-31,132,69,0.9752964426877471,163.28986960882648,971.4285714285713,668.4624936656162,136.54096228868656,0.9661150512214342,1.0,,1.0,1.0,1.0,1.0,1.0,0.0,0.9,0.9752964426877471,0.8777667984189724
taxi_trip_count,Taxi trips,Taxi,weekday_pm_peak,Queens,First six months post-CP,2025-01-05,2025-06-30,126,69,0.9903381642512077,100.0,795.5223880597015,582.5755896876548,88.58267716535433,0.9198606271777003,0.9710144927536232,,0.9688584819380583,1.0,1.0,0.9617638730931085,0.9710144927536232,0.0,0.8851377266269402,0.9903381642512077,0.8765856712972113
taxi_trip_count,Taxi trips,Taxi,weekday_evening,Citywide,First six months post-CP,2025-01-05,2025-06-30,126,262,0.9838543559917605,100.0,1281.578947368421,872.5464012272314,86.66017383526255,0.931186304997075,0.9961832061068703,,0.9688584819380583,1.0,1.0,0.9740839348795164,0.9961832061068703,0.0,0.8895026072302261,0.9838543559917605,0.875141014789486
taxi_trip_count,Taxi trips,Taxi,weekday_overnight,Citywide,First six months post-CP,2025-01-05,2025-06-30,126,260,0.9833028083028083,100.0,782.3529411764706,554.7154605263158,85.08914100486223,0.9317666780492347,0.9961538461538462,,0.9688584819380583,1.0,1.0,0.9747152641452617,0.9961538461538462,0.0,0.8895943706247855,0.9833028083028083,0.8747406428857208
taxi_trip_count,Taxi trips,Taxi,weekday_overnight,Queens,Early 2026,2026-01-01,2026-03-31,64,69,0.9714673913043478,135.77844311377245,891.2758274824417,632.1618939343925,126.7350633675317,0.9564102564102565,1.0,,1.0,1.0,1.0,1.0,1.0,0.0,0.9,0.9714673913043478,0.874320652173913
taxi_trip_count,Taxi trips,Taxi,weekday_evening,Citywide,Early 2026,2026-01-01,2026-03-31,64,262,0.9832418893129771,100.0,1145.634644573741,737.7353934280568,86.61551353899335,0.9256383817553224,0.9961832061068703,,0.9688584819380583,1.0,1.0,0.9680489091428922,0.9961832061068703,0.0,0.8885973533697324,0.9832418893129771,0.8737061405657668
taxi_trip_count,Taxi trips,Taxi,weekday_overnight,Queens,First six months post-CP,2025-01-05,2025-06-30,126,69,0.9719346675868415,127.2727272727273,929.4117647058824,634.2979480022597,122.09302325581396,0.9481656804733728,1.0,,1.0,1.0,1.0,0.9925540837128828,1.0,0.0,0.8988831125569324,0.9719346675868415,0.8736556592024476
taxi_trip_count,Taxi trips,Taxi,weekday_am_peak,Brooklyn,First six months post-CP,2025-01-05,2025-06-30,126,61,0.9994795732500651,196.84424016221885,600.5838198498749,414.7375533268381,91.30434782608695,0.9610778443113772,1.0,,1.0,0.8837014092508088,1.0,1.0,1.0,0.0,0.8709253523127023,0.9994795732500651,0.8704720994621623
taxi_trip_count,Taxi trips,Taxi,weekday_evening,Citywide,CP launch transition,2024-11-01,2025-04-30,129,262,0.9829575714539321,100.0,919.4174757281553,541.8269230769231,57.53602602012475,0.9199024742640419,0.9961832061068703,44.968546859856815,0.9688584819380583,1.0,0.6764673372091521,0.9618093943146664,0.9961832061068703,0.5992928216342852,0.8828841757507577,0.9829575714539321,0.8678376852710714
taxi_trip_count,Taxi trips,Taxi,weekday_pm_peak,Citywide,Early 2026,2026-01-01,2026-03-31,64,262,0.9874165076335878,122.92993630573248,1042.3659340829984,782.142663765323,79.78723404255321,0.9029413541100441,0.950381679389313,,1.0,1.0,0.9481758296482957,0.9433591036038999,0.950381679389313,0.0,0.8761771994091755,0.9874165076335878,0.8651518303087857
taxi_trip_count,Taxi trips,Taxi,weekday_am_peak,Citywide,Early 2026,2026-01-01,2026-03-31,64,261,0.9850335249042146,212.4406570451956,966.0755321722287,755.5450556232247,79.06626506024097,0.923301324905798,0.9540229885057471,,1.0,1.0,0.9393721100892503,0.965506660878048,0.9540229885057471,0.0,0.878102720000132,0.9850335249042146,0.8649606175097087
taxi_trip_count,Taxi trips,Taxi,weekday_midday,Bronx,Early 2026,2026-01-01,2026-03-31,64,43,0.9785610465116279,239.97955010224948,653.1494628086081,422.6415845816072,128.36185819070909,0.9810620126253249,1.0,,1.0,0.9008752260465615,1.0,1.0,1.0,0.0,0.8752188065116404,0.9785610465116279,0.8564550312266888
taxi_trip_count,Taxi trips,Taxi,weekday_midday,Queens,Early 2026,2026-01-01,2026-03-31,64,69,0.9893568840579711,105.61357702349868,485.5018587360595,436.59151485922183,76.19738751814224,0.929732204165713,1.0,,1.0,0.9311855245738759,0.9043403764786322,0.9725021653490958,1.0,0.0,0.8595397812415598,0.9893568840579711,0.8503915996930197
taxi_trip_count,Taxi trips,Taxi,weekday_midday,Brooklyn,Second half of 2025,2025-07-01,2025-12-31,132,61,0.9998758072528564,249.8134328358209,573.2461654513453,373.90269124443796,94.90810485085872,0.9839771456961868,1.0,,1.0,0.7949757428562303,1.0,1.0,1.0,0.0,0.8487439357140576,0.9998758072528564,0.8486385278730598
taxi_trip_count,Taxi trips,Taxi,All temporal buckets,Queens,Early 2026,2026-01-01,2026-03-31,90,69,1.0,180.02116295748513,566.2389578441232,441.33576169035473,67.61729530818766,0.9607085346215781,0.9855072463768116,,1.0,0.9414937866853833,0.7995692594675583,1.0,0.9855072463768116,0.0,0.8438380232025386,1.0,0.8438380232025386
taxi_trip_count,Taxi trips,Taxi,All temporal buckets,Bronx,Early 2026,2026-01-01,2026-03-31,90,43,1.0,348.2618418377719,713.6531365313654,363.3537024182307,112.4478442280946,0.9930232558139535,1.0,,1.0,0.7720549831018437,1.0,1.0,1.0,0.0,0.843013745775461,1.0,0.843013745775461
taxi_trip_count,Taxi trips,Taxi,weekday_pm_peak,Citywide,Second half of 2025,2025-07-01,2025-12-31,132,262,0.9877689104788342,100.0,861.5384615384617,640.9432364373496,68.23498830257344,0.9099265243991687,0.9809160305343512,,0.9688584819380583,1.0,0.8071118806198846,0.9509575653404132,0.9809160305343512,0.0,0.8459293103660858,0.9877689104788342,0.8355826732424201
taxi_trip_count,Taxi trips,Taxi,weekend_midday,Citywide,Second half of 2025,2025-07-01,2025-12-31,52,262,0.989870816206694,148.22695035460993,793.6170212765958,688.9873249591079,65.35595941684534,0.9149488358297494,0.9580152671755725,,1.0,1.0,0.771956189412403,0.9564208310382497,0.9580152671755725,0.0,0.8436558892557754,0.989870816206694,0.8351103436951987
taxi_trip_count,Taxi trips,Taxi,weekday_midday,Bronx,Second half of 2025,2025-07-01,2025-12-31,132,43,0.97815362931642,171.31782945736435,529.4964028776978,379.2829485726975,111.64274322169055,0.9664985590778098,1.0,,1.0,0.8066659235616498,1.0,1.0,1.0,0.0,0.8516664808904124,0.97815362931642,0.8330606592501004
taxi_trip_count,Taxi trips,Taxi,All temporal buckets,Brooklyn,Second half of 2025,2025-07-01,2025-12-31,184,61,1.0,290.1175281182864,686.7536377320621,361.9780156528993,77.87195398819438,0.9910014255167499,1.0,,1.0,0.7690659017439117,0.924788431730661,1.0,1.0,0.0,0.8272241617821101,1.0,0.8272241617821101
taxi_trip_count,Taxi trips,Taxi,weekend_midday,Citywide,Early 2026,2026-01-01,2026-03-31,26,262,0.9879624192601292,105.18262488750625,668.2926829268292,619.6770613132849,68.27048114434331,0.8710252600297177,0.8931297709923665,,1.0,1.0,0.8075452821017255,0.9086408061808731,0.8931297709923665,0.0,0.8371181544467128,0.9879624192601292,0.8270412770737489
taxi_trip_count,Taxi trips,Taxi,weekday_am_peak,Citywide,Second half of 2025,2025-07-01,2025-12-31,132,261,0.9852838732149077,133.8474064849849,709.7686375321337,584.7288053788969,61.83381426299983,0.9169538960082486,0.9808429118773946,,1.0,1.0,0.7289474346095816,0.9586019336334798,0.9808429118773946,0.0,0.8376640681546778,0.9852838732149077,0.8253368975243973
taxi_trip_count,Taxi trips,Taxi,weekday_overnight,Citywide,CP launch transition,2024-11-01,2025-04-30,129,260,0.9824090638044126,100.0,586.2745098039217,413.48837209302326,62.015203356686236,0.9130804248861912,0.9923076923076923,28.275109170305676,0.9688584819380583,0.8809871981143986,0.7311623686096035,0.9543883753535526,0.9923076923076923,0.37074573695070023,0.8397145688670042,0.9824090638044126,0.8249432034635596
taxi_trip_count,Taxi trips,Taxi,All temporal buckets,Bronx,CP launch transition,2024-11-01,2025-04-30,181,43,1.0,109.18885952429358,454.71874913763423,234.36360124799577,65.64698001563025,0.920467685982269,1.0,155.1568154402895,1.0,0.49178630822450464,0.7755098287512148,0.9624242310954767,1.0,1.0,0.8224121774706905,1.0,0.8224121774706905
taxi_trip_count,Taxi trips,Taxi,weekday_am_peak,Citywide,CP launch transition,2024-11-01,2025-04-30,129,260,0.9887596899224806,100.0,469.5652173913044,375.2769628723756,44.1547518923465,0.8802279649006423,0.9730769230769231,91.46369223765078,0.9688584819380583,0.79796174941479,0.5130692054533941,0.9186514999706887,0.9730769230769231,1.0,0.8309813921352837,0.9887596899224806,0.8216409036190344
taxi_trip_count,Taxi trips,Taxi,weekday_midday,Brooklyn,CP launch transition,2024-11-01,2025-04-30,129,61,1.0,99.09568261376896,321.87500000000006,240.1114864235687,69.07894736842105,0.8996060490532469,1.0,72.51381215469613,0.9598088693666075,0.5042752678182247,0.8174174265134228,0.9397309618686684,1.0,0.9764104769098014,0.8201147681018426,1.0,0.8201147681018426
taxi_trip_count,Taxi trips,Taxi,All temporal buckets,Bronx,Second half of 2025,2025-07-01,2025-12-31,184,43,1.0,288.49359625940235,646.2746179509248,317.22462897591885,99.86413043478262,0.9949443882709808,1.0,,1.0,0.671826096003494,1.0,1.0,1.0,0.0,0.8179565240008735,1.0,0.8179565240008735
taxi_trip_count,Taxi trips,Taxi,weekday_pm_peak,Citywide,First six months post-CP,2025-01-05,2025-06-30,126,262,0.9873985217496668,100.0,795.5223880597015,579.4556888002858,62.0136186770428,0.8980549760706835,0.9732824427480916,,0.9688584819380583,1.0,0.7311430181583164,0.9380437061224632,0.9732824427480916,0.0,0.8280351002124536,0.9873985217496668,0.817600633906614
taxi_trip_count,Taxi trips,Taxi,All temporal buckets,Queens,Second half of 2025,2025-07-01,2025-12-31,184,69,1.0,176.4312578353531,566.6666666666667,391.41244506754697,67.30769230769229,0.9593572778827977,0.9855072463768116,,1.0,0.8330207979178942,0.7957887112638634,1.0,0.9855072463768116,0.0,0.8159636663699275,1.0,0.8159636663699275
taxi_trip_count,Taxi trips,Taxi,All temporal buckets,Brooklyn,CP launch transition,2024-11-01,2025-04-30,181,61,1.0,116.37092157985116,456.4668769716088,252.55646570007718,57.10807400019229,0.9258219364188026,1.0,133.2211289487312,1.0,0.5313156206752224,0.6712416344942733,0.9682485797349154,1.0,1.0,0.8123145190278975,1.0,0.8123145190278975
taxi_trip_count,Taxi trips,Taxi,All temporal buckets,Citywide,Early 2026,2026-01-01,2026-03-31,90,263,1.0,171.21771217712177,656.5781960990586,534.0161670608361,52.40947454396951,0.910730882974229,0.9505703422053232,,1.0,1.0,0.6138672495377868,0.9518325458494136,0.9505703422053232,0.0,0.8106053660055018,1.0,0.8106053660055018
taxi_trip_count,Taxi trips,Taxi,weekend_midday,Citywide,First six months post-CP,2025-01-05,2025-06-30,51,262,0.9892980092800479,100.0,837.3093220338978,600.6850495476092,61.165048543689295,0.8749527195703155,0.9198473282442748,,0.9688584819380583,1.0,0.720781166728499,0.9129130930122191,0.9198473282442748,0.0,0.8168496265095719,0.9892980092800479,0.8081077093870701
taxi_trip_count,Taxi trips,Taxi,All temporal buckets,Citywide,Second half of 2025,2025-07-01,2025-12-31,184,263,1.0,166.87313114053822,613.5922330097087,468.18811740249726,48.58254994124559,0.9205860472805423,0.9809885931558935,,1.0,0.9998383734753793,0.5671368467013973,0.9625529844055305,0.9809885931558935,0.0,0.8058687696855433,1.0,0.8058687696855433
taxi_trip_count,Taxi trips,Taxi,All temporal buckets,Bronx,First six months post-CP,2025-01-05,2025-06-30,177,43,1.0,231.82844243792323,620.4537322694371,291.67541037268796,88.66103739445114,0.9767441860465116,1.0,,1.0,0.6163129552499356,1.0,1.0,1.0,0.0,0.8040782388124839,1.0,0.8040782388124839
taxi_trip_count,Taxi trips,Taxi,weekday_am_peak,Citywide,First six months post-CP,2025-01-05,2025-06-30,126,260,0.9890720390720391,100.0,600.0000000000001,543.0759702494659,54.87326887901749,0.9070736374297883,0.9692307692307692,,0.9688584819380583,1.0,0.643952530470904,0.947854197551487,0.9692307692307692,0.0,0.8116634090375924,0.9890720390720391,0.802793583016974
taxi_trip_count,Taxi trips,Taxi,weekday_midday,Queens,Second half of 2025,2025-07-01,2025-12-31,132,69,0.9925340360122968,102.4128407364575,474.72527472527474,378.345189173066,70.65948855989232,0.919358407079646,0.9710144927536232,,0.9930040686468999,0.8046283673313339,0.8367173433511854,0.9612175585380696,0.9710144927536232,0.0,0.8083854572885233,0.9925340360122968,0.8023500805762243
taxi_trip_count,Taxi trips,Taxi,weekday_midday,Bronx,First six months post-CP,2025-01-05,2025-06-30,126,43,0.9782207456626061,102.03408466190216,411.9612199013962,333.91621156449384,83.73205741626795,0.93,1.0,,0.9892138111709327,0.7080934350571443,0.996345889032503,0.9727934734082845,1.0,0.0,0.8200543198162159,0.9782207456626061,0.80219414821446
taxi_trip_count,Taxi trips,Taxi,All temporal buckets,Queens,First six months post-CP,2025-01-05,2025-06-30,177,69,1.0,147.75387966240135,590.026520247937,382.3198253553724,62.85064820627967,0.9395725865880619,0.9855072463768116,,1.0,0.8132644254926062,0.7413639477944403,0.9832065241855997,0.9855072463768116,0.0,0.7976205991975607,1.0,0.7976205991975607
taxi_trip_count,Taxi trips,Taxi,weekend_midday,Citywide,CP launch transition,2024-11-01,2025-04-30,52,262,0.9894304169113329,100.0,497.1563981042654,363.56699609285226,44.644822437358364,0.8489614243323442,0.9198473282442748,65.54843518227588,0.9688584819380583,0.772518425916475,0.519053434661974,0.8846397862532374,0.9198473282442748,0.8810486568716648,0.8034975562487047,0.9894304169113329,0.7950049220663931
taxi_trip_count,Taxi trips,Taxi,weekday_midday,Citywide,Early 2026,2026-01-01,2026-03-31,64,262,0.9874761450381679,105.61357702349868,578.4053910005749,520.1478701776059,54.8363511160586,0.8676168619398478,0.8778625954198473,,1.0,1.0,0.6435017293410203,0.9049331539123229,0.8778625954198473,0.0,0.8022265784970373,0.9874761450381679,0.7921796091814136
taxi_trip_count,Taxi trips,Taxi,weekday_midday,Brooklyn,First six months post-CP,2025-01-05,2025-06-30,126,61,1.0,159.3049920620921,530.9012875536481,286.98989905728604,80.39816232771818,0.9474368982565704,1.0,,1.0,0.6061323132039435,0.9556358472429939,0.9917613150960253,1.0,0.0,0.7914244450139885,1.0,0.7914244450139885
taxi_trip_count,Taxi trips,Taxi,All temporal buckets,Brooklyn,First six months post-CP,2025-01-05,2025-06-30,177,61,1.0,226.3205690933858,682.7763496143958,339.1782755939988,68.18181818181816,0.9689728628322682,1.0,,1.0,0.7195268062948544,0.8064626226857237,1.0,1.0,0.0,0.7911742261108583,1.0,0.7911742261108583
taxi_trip_count,Taxi trips,Taxi,weekday_pm_peak,Citywide,CP launch transition,2024-11-01,2025-04-30,129,262,0.9868335404461802,100.0,556.25,401.4936519790889,43.59559892048992,0.8720354990555572,0.9694656488549618,38.23330894204397,0.9688584819380583,0.8549251648160427,0.5062414138623541,0.9097397432525327,0.9694656488549618,0.5070817971950251,0.7928669764569719,0.9868335404461802,0.7824277254798918
taxi_trip_count,Taxi trips,Taxi,weekday_midday,Queens,First six months post-CP,2025-01-05,2025-06-30,126,69,0.9911433172302737,100.0,474.72527472527474,366.12967058902177,67.96116504854368,0.88673552280376,0.9710144927536232,,0.9688584819380583,0.778086584857877,0.803768237278264,0.9257304153984158,0.9710144927536232,0.0,0.7850080016428584,0.9911433172302737,0.7780554348006109
taxi_trip_count,Taxi trips,Taxi,All temporal buckets,Citywide,First six months post-CP,2025-01-05,2025-06-30,177,263,1.0,117.13441654357459,606.402108200279,427.16135735590024,46.349932455815164,0.9062963201649803,0.9771863117870723,,1.0,0.9106957526970986,0.5398744557989295,0.9470086325546007,0.9771863117870723,0.0,0.775418755395958,1.0,0.775418755395958
subway_transfers,Subway transfers,Subway,weekend_overnight,Queens,Early 2026,2026-01-01,2026-03-31,26,27,0.9957264957264957,100.0,348.7422922580017,284.26792343721206,79.97079278011772,0.9227467811158798,1.0,,0.9688584819380583,0.6002180260364364,0.9504172570713558,0.9649034286597191,1.0,0.0,0.7786451686099499,0.9957264957264957,0.7753176251543519
taxi_trip_count,Taxi trips,Taxi,weekday_midday,Citywide,Second half of 2025,2025-07-01,2025-12-31,132,262,0.9883472125838538,100.0,489.06030855539973,464.9919681246588,48.1798715203426,0.8796699921008747,0.916030534351145,,0.9688584819380583,0.9928938055226203,0.5622197587585295,0.9180445376786384,0.916030534351145,0.0,0.7837488336068829,0.9883472125838538,0.7746159750612094
taxi_trip_count,Taxi trips,Taxi,weekday_midday,Bronx,CP launch transition,2024-11-01,2025-04-30,129,43,0.9774652965566973,86.69985775248932,311.3614103819785,267.5726777752118,67.82945736434108,0.8839911471781631,1.0,58.03262143229813,0.835762362900923,0.5639427278857267,0.8021599607172221,0.9227450861482206,1.0,0.778150898271746,0.7847969994444683,0.9774652965566973,0.7671118317987935
subway_transfers,Subway transfers,Subway,weekend_overnight,Manhattan,Early 2026,2026-01-01,2026-03-31,26,49,1.0,91.0427807486631,543.8033782501404,333.8693906574356,70.20547945205479,0.9215070643642073,1.0,,0.8792225143272016,0.7079917029594196,0.8311734587171541,0.9635548659315684,1.0,0.0,0.7636103502384614,1.0,0.7636103502384614
subway_transfers,Subway transfers,Subway,weekend_overnight,Manhattan,Second half of 2025,2025-07-01,2025-12-31,52,49,1.0,84.63534159700203,657.7319587628866,379.26982635283287,63.829787234042584,0.9203296703296703,1.0,,0.8151025020609943,0.8066374117057823,0.75332017007476,0.9622740977970883,1.0,0.0,0.7596850020231597,1.0,0.7596850020231597
subway_transfers,Subway transfers,Subway,weekend_overnight,Citywide,Early 2026,2026-01-01,2026-03-31,26,153,0.9959778783308195,89.72332015810277,438.43184389140254,351.7356573418483,66.48963333673781,0.9071176173649672,1.0,,0.866018513906913,0.7468113863554117,0.785799430254926,0.9479020388840241,1.0,0.0,0.7592517412538243,0.9959778783308195,0.7561979383729643
taxi_trip_count,Taxi trips,Taxi,All temporal buckets,Queens,CP launch transition,2024-11-01,2025-04-30,181,69,1.0,83.97997496871089,418.2937038973677,271.54184802179816,47.97650130548303,0.878853390984066,0.9855072463768116,117.86110768471691,0.8085441695899016,0.5725669097049595,0.559736414284341,0.9171562397441234,0.9855072463768116,1.0,0.7529220048003881,1.0,0.7529220048003881
subway_transfers,Subway transfers,Subway,weekday_overnight,Manhattan,Early 2026,2026-01-01,2026-03-31,63,49,1.0,91.72245891661595,1142.2461925761656,400.9984136375223,47.276241400449564,0.9277615808228054,1.0,,0.8860241352922499,0.8538491148518975,0.5511855723291338,0.9703585231115577,1.0,0.0,0.7464579987039848,1.0,0.7464579987039848
subway_transfers,Subway transfers,Subway,weekend_overnight,Bronx,Early 2026,2026-01-01,2026-03-31,26,27,0.9914529914529915,91.00258657153873,439.43433196810156,354.3944040311404,61.69212690951822,0.9037356321839081,1.0,,0.8788202863747789,0.7525882902006066,0.727217296759386,0.944223118553085,1.0,0.0,0.7509880569599473,0.9914529914529915,0.7445693556184093
taxi_trip_count,Taxi trips,Taxi,All temporal buckets,Citywide,CP launch transition,2024-11-01,2025-04-30,181,263,1.0,79.25273935692474,422.9154859213187,309.41819317467707,37.13389445296795,0.8609541415457009,0.973384030418251,85.18407122232917,0.7612381557147014,0.6548643338397324,0.4273378335404233,0.8976854528713286,0.973384030418251,1.0,0.7334225022834824,1.0,0.7334225022834824
subway_transfers,Subway transfers,Subway,weekend_overnight,Citywide,Second half of 2025,2025-07-01,2025-12-31,52,153,0.9944695827048768,81.38987043580684,438.4615384615384,337.2022453724361,60.0,0.9011627906976745,1.0,,0.7826246828043716,0.715233303408272,0.7065548117771111,0.9414243839799713,1.0,0.0,0.7178578823653602,0.9944695827048768,0.7138878287172863
subway_transfers,Subway transfers,Subway,weekend_overnight,Queens,Second half of 2025,2025-07-01,2025-12-31,52,27,0.9964387464387464,88.91566265060241,347.0588235294117,276.8224257295448,64.94925839188136,0.9206576125804146,1.0,,0.8579361883378296,0.584040507316793,0.7669899816337048,0.962630833072096,1.0,0.0,0.7153899857843194,0.9964387464387464,0.7128423006497598
taxi_trip_count,Taxi trips,Taxi,weekday_midday,Queens,CP launch transition,2024-11-01,2025-04-30,129,69,0.9900011234692732,64.31924882629109,321.8407596785975,282.81643049036774,54.3478260869565,0.8452110758057195,0.9710144927536232,62.05673758865249,0.6117969244619186,0.5970642336049615,0.6375363723571511,0.8805601606179805,0.9710144927536232,0.8332444046583045,0.7116426315989441,0.9900011234692732,0.7045270047915848
taxi_trip_count,Taxi trips,Taxi,All temporal buckets,Staten Island,Second half of 2025,2025-07-01,2025-12-31,184,20,1.0,100.0,1370.0,824.6341463414636,0.0,0.9815217391304348,1.0,,0.9688584819380583,1.0,0.0,1.0,1.0,0.0,0.6937716963876117,1.0,0.6937716963876117
taxi_trip_count,Taxi trips,Taxi,weekday_am_peak,Staten Island,First six months post-CP,2025-01-05,2025-06-30,126,18,1.0,100.0,3650.0,1510.9011627906982,0.0,1.0,1.0,,0.9688584819380583,1.0,0.0,1.0,1.0,0.0,0.6937716963876117,1.0,0.6937716963876117
taxi_trip_count,Taxi trips,Taxi,weekday_am_peak,Staten Island,Second half of 2025,2025-07-01,2025-12-31,132,18,1.0,100.0,4275.0,1918.2692307692307,0.0,1.0,1.0,,0.9688584819380583,1.0,0.0,1.0,1.0,0.0,0.6937716963876117,1.0,0.6937716963876117
taxi_trip_count,Taxi trips,Taxi,All temporal buckets,Staten Island,CP launch transition,2024-11-01,2025-04-30,181,20,1.0,100.0,1030.769230769231,542.6028128894429,0.0,0.9870165745856354,1.0,0.0,0.9688584819380583,1.0,0.0,1.0,1.0,0.0,0.6937716963876117,1.0,0.6937716963876117
taxi_trip_count,Taxi trips,Taxi,All temporal buckets,Staten Island,Early 2026,2026-01-01,2026-03-31,90,20,1.0,100.0,1609.3023255813953,1034.342025601108,0.0,0.9844444444444445,1.0,,0.9688584819380583,1.0,0.0,1.0,1.0,0.0,0.6937716963876117,1.0,0.6937716963876117
taxi_trip_count,Taxi trips,Taxi,All temporal buckets,Staten Island,First six months post-CP,2025-01-05,2025-06-30,177,20,1.0,100.0,1265.325077399381,737.7364941873725,0.0,0.9844632768361582,1.0,,0.9688584819380583,1.0,0.0,1.0,1.0,0.0,0.6937716963876117,1.0,0.6937716963876117
taxi_trip_count,Taxi trips,Taxi,weekday_midday,Citywide,First six months post-CP,2025-01-05,2025-06-30,126,262,0.9882769901853872,100.0,437.280701754386,370.2208997199665,39.58749168330006,0.8365977011494253,0.8893129770992366,,0.9688584819380583,0.7869759752587432,0.45729859809012424,0.8711905396869055,0.8893129770992366,0.0,0.7015852884832818,0.9882769901853872,0.6933605972606044
taxi_trip_count,Taxi trips,Taxi,weekday_am_peak,Staten Island,Early 2026,2026-01-01,2026-03-31,64,18,0.9991319444444444,100.0,5149.999999999999,2746.0047468354437,0.0,1.0,1.0,,0.9688584819380583,1.0,0.0,1.0,1.0,0.0,0.6937716963876117,0.9991319444444444,0.6931694640122752
taxi_trip_count,Taxi trips,Taxi,weekend_evening,Manhattan,First six months post-CP,2025-01-05,2025-06-30,51,66,0.9997029114676174,57.08378328548477,517.2811541678277,276.12942871600416,111.70212765957447,0.8787518573551263,1.0,,0.5393907527844322,0.5825347688692926,1.0,0.9170457915571023,1.0,0.0,0.6910687115077749,0.9997029114676174,0.6908634029184976
subway_transfers,Subway transfers,Subway,weekend_overnight,Brooklyn,Early 2026,2026-01-01,2026-03-31,26,48,0.9943910256410257,78.62426035502959,420.353982300885,309.23303397722293,57.931034482758605,0.8912167606768735,1.0,,0.7549488909465571,0.6544620213952811,0.6812907676393007,0.9306051017842412,1.0,0.0,0.690454202333628,0.9943910256410257,0.6865814624166926
subway_transfers,Subway transfers,Subway,weekday_overnight,Manhattan,Second half of 2025,2025-07-01,2025-12-31,132,49,1.0,76.21884702525804,978.1990521327014,378.26221929228865,37.03268281213261,0.898886827458256,1.0,,0.730877631187459,0.8044480910285073,0.42610194278244995,0.9389485932873153,1.0,0.0,0.673350226544206,1.0,0.673350226544206
subway_transfers,Subway transfers,Subway,weekend_overnight,Brooklyn,Second half of 2025,2025-07-01,2025-12-31,52,48,0.9959935897435898,74.9337623012869,379.88102722832133,296.83231057082617,55.24466308493538,0.8962188254223652,1.0,,0.7180176341880675,0.6275178273439532,0.6484876082828083,0.9360463431568897,1.0,0.0,0.6705874568036969,0.9959935897435898,0.6679008083389385
taxi_trip_count,Taxi trips,Taxi,weekend_evening,Staten Island,First six months post-CP,2025-01-05,2025-06-30,51,19,0.9484004127966976,100.0,2525.0,1105.5882352941178,0.0,1.0,1.0,,0.9688584819380583,1.0,0.0,1.0,1.0,0.0,0.6937716963876117,0.9484004127966976,0.6579733632406761
taxi_trip_count,Taxi trips,Taxi,weekend_evening,Manhattan,CP launch transition,2024-11-01,2025-04-30,52,66,0.9997086247086248,50.76201641266119,298.1042654028436,122.21570563920884,102.87087623450304,0.8805013115709706,1.0,47.024068599976985,0.4761280732903217,0.24811224480877753,1.0,0.9189488462241547,1.0,0.6274346286092646,0.6578394656548084,0.9997086247086248,0.6576477874888251
taxi_trip_count,Taxi trips,Taxi,weekend_evening,Manhattan,Early 2026,2026-01-01,2026-03-31,26,66,0.9994172494172494,55.816275586620065,477.9816513761467,222.2142367966263,105.42168674698797,0.8641399416909621,1.0,,0.5267066511839281,0.4653882649289706,1.0,0.9011509633029976,1.0,0.0,0.6568610409644778,0.9994172494172494,0.6564782548100696
taxi_trip_count,Taxi trips,Taxi,weekend_evening,Manhattan,Second half of 2025,2025-07-01,2025-12-31,52,66,1.0,44.468726547909185,502.0992311509716,262.93206754219676,93.291872325615,0.8208041958041958,1.0,,0.41315036663225935,0.5538596465575492,1.0,0.8540103792779338,1.0,0.0,0.6491965418575293,1.0,0.6491965418575293
taxi_trip_count,Taxi trips,Taxi,weekend_overnight,Staten Island,Second half of 2025,2025-07-01,2025-12-31,52,20,0.9615384615384616,100.0,2525.0,419.9999999999985,0.0,1.0,1.0,,0.9688584819380583,0.8951356118936367,0.0,1.0,1.0,0.0,0.6675555993610208,0.9615384615384616,0.6418803840009816
subway_transfers,Subway transfers,Subway,weekend_overnight,Bronx,Second half of 2025,2025-07-01,2025-12-31,52,27,0.9836182336182336,77.86561264822134,303.8461538461538,272.38526846506284,49.46996466431096,0.8674873280231716,1.0,,0.7473570123325146,0.5743994869946406,0.5779730276552292,0.9047922470383737,1.0,0.0,0.644384716801965,0.9836182336182336,0.6338285569113346
subway_transfers,Subway transfers,Subway,weekend_overnight,Manhattan,First six months post-CP,2025-01-05,2025-06-30,51,49,1.0,65.09433962264151,426.0960334029227,287.17607973421934,50.09541984732826,0.8731492597038816,1.0,,0.6195533510456231,0.6065368451109538,0.5856104325410486,0.9109512910487406,1.0,0.0,0.6293096616523838,1.0,0.6293096616523838
subway_transfers,Subway transfers,Subway,weekend_evening,Queens,Second half of 2025,2025-07-01,2025-12-31,52,27,0.9921652421652422,76.97623461992245,325.0,243.39001758756592,47.54716981132074,0.9303661162957645,1.0,,0.7384568997081074,0.5113988344837387,0.554493866872178,0.9731917343739207,1.0,0.0,0.6324186220930799,0.9921652421652422,0.6274637753387894
subway_transfers,Subway transfers,Subway,weekend_evening,Queens,Early 2026,2026-01-01,2026-03-31,26,27,0.9985754985754985,75.146090687181,292.22702035780384,220.91670708853655,51.19721375707442,0.9243937232524965,1.0,,0.7201424298179196,0.4625690026088306,0.5990643880249041,0.9666949707824382,1.0,0.0,0.6244878598381381,0.9985754985754985,0.6235982759922148
subway_transfers,Subway transfers,Subway,weekend_evening,Manhattan,Second half of 2025,2025-07-01,2025-12-31,52,49,1.0,64.27640156453717,446.9366308173971,227.7822585319587,59.701492537313435,0.8708791208791209,1.0,,0.611368146773328,0.4774864186577618,0.7029097506826012,0.9084818361489263,1.0,0.0,0.6184994595779653,1.0,0.6184994595779653
subway_transfers,Subway transfers,Subway,weekend_evening,Bronx,Early 2026,2026-01-01,2026-03-31,26,27,0.9943019943019943,71.8751631598183,300.592417061611,191.6779669145093,62.550607287449395,0.8782234957020058,0.9629629629629629,,0.6874098656511575,0.3990392984740733,0.7377001617364762,0.9164710402428031,0.9629629629629629,0.0,0.6185487824287619,0.9943019943019943,0.6150242879419883
subway_transfers,Subway transfers,Subway,weekend_evening,Citywide,Early 2026,2026-01-01,2026-03-31,26,153,0.9969834087481146,66.5040650406504,288.4563036380191,205.6854621555285,59.00948366701792,0.8900655572365104,0.9934640522875817,,0.6336606424229093,0.4294746737000367,0.6944596617385318,0.929352823753717,0.9934640522875817,0.0,0.6117420580491131,0.9969834087481146,0.6098966823083918
subway_transfers,Subway transfers,Subway,weekend_evening,Manhattan,Early 2026,2026-01-01,2026-03-31,26,49,1.0,62.60467802483396,345.25891262853213,165.14995240336543,67.86233640329618,0.8736263736263736,1.0,,0.5946390087613519,0.3413994376885328,0.8025614451713845,0.9114702951293797,1.0,0.0,0.6015104944780875,1.0,0.6015104944780875
subway_transfers,Subway transfers,Subway,weekend_evening,Citywide,Second half of 2025,2025-07-01,2025-12-31,52,153,0.994343891402715,64.88294314381271,311.71032414707713,231.92646368158694,52.20883534136545,0.8749841992162811,0.9934640522875817,,0.6174378811215706,0.48649091493436586,0.6114172533304443,0.9129473365417893,0.9934640522875817,0.0,0.603682261334021,0.994343891402715,0.6002677689056612
taxi_trip_count,Taxi trips,Taxi,weekday_am_peak,Staten Island,CP launch transition,2024-11-01,2025-04-30,129,18,1.0,100.0,2712.5,281.2500000000007,0.0,1.0,1.0,0.0,0.9688584819380583,0.5936607057850768,0.0,1.0,1.0,0.0,0.5921868728338808,1.0,0.5921868728338808
subway_transfers,Subway transfers,Subway,weekday_overnight,Citywide,Early 2026,2026-01-01,2026-03-31,63,153,1.0,73.57667129537789,360.5263157894737,238.48410676612542,32.65534614666916,0.9256146903205726,0.9934640522875817,,0.7044370616870104,0.500739310128634,0.37265048319999367,0.9680231376222308,0.9934640522875817,0.0,0.585152212381652,1.0,0.585152212381652
taxi_trip_count,Taxi trips,Taxi,weekend_evening,Staten Island,Second half of 2025,2025-07-01,2025-12-31,52,19,0.9534412955465587,100.0,1300.0000000000002,311.9565217391312,0.0,1.0,1.0,,0.9688584819380583,0.6603795941326441,0.0,1.0,1.0,0.0,0.6088665949207727,0.9534412955465587,0.5805185550762832
subway_transfers,Subway transfers,Subway,weekend_evening,Brooklyn,Early 2026,2026-01-01,2026-03-31,26,48,0.9943910256410257,61.73680098225247,251.72413793103448,188.4875265282978,51.679586563307495,0.8992747784045125,1.0,,0.5859540590804082,0.392107134756033,0.6049546204942208,0.9393706059654262,1.0,0.0,0.577114110498748,0.9943910256410257,0.5738770922507582
subway_transfers,Subway transfers,Subway,weekend_evening,Bronx,Second half of 2025,2025-07-01,2025-12-31,52,27,0.9893162393162394,67.47967479674799,250.37848175048623,189.14343716055095,50.58830606698813,0.849532037437005,0.9629629629629629,,0.6434236862922829,0.39353229220665736,0.5916290438251113,0.8852604986571809,0.9629629629629629,0.0,0.5744789901700166,0.9893162393162394,0.5683413941211917
subway_transfers,Subway transfers,Subway,weekend_overnight,Citywide,First six months post-CP,2025-01-05,2025-06-30,51,153,0.9793669101627579,56.32754342431762,290.8127993536845,248.3517033008246,48.12834224598929,0.8393090813923056,0.9934640522875817,,0.53182296977058,0.522179546084062,0.561590537125398,0.8741399765905041,0.9934640522875817,0.0,0.5796949896175448,0.9793669101627579,0.567734090818567
subway_transfers,Subway transfers,Subway,weekend_overnight,Bronx,First six months post-CP,2025-01-05,2025-06-30,51,27,0.9920116194625999,57.438016528925615,265.0485436893204,249.83333266317936,43.03278688524588,0.8396778916544656,1.0,,0.5429356073475281,0.5253988186815655,0.4993689416141676,0.874541168050277,1.0,0.0,0.5709917896702721,0.9920116194625999,0.5664304899706548
taxi_trip_count,Taxi trips,Taxi,weekday_overnight,Manhattan,Second half of 2025,2025-07-01,2025-12-31,132,66,0.9973599632690542,54.24296255807598,412.321839571719,247.11843660620832,45.297670405522005,0.8317412820807918,1.0,,0.5109623189630473,0.5194999139329538,0.5270253316054074,0.8659077315459303,1.0,0.0,0.5673586683288189,0.9973599632690542,0.5658608206048102
taxi_trip_count,Taxi trips,Taxi,weekday_midday,Citywide,CP launch transition,2024-11-01,2025-04-30,129,262,0.9879282797798686,58.17039041350402,291.69363816277706,270.6729182009803,32.28782287822878,0.7895477687930518,0.851145038167939,28.87471125288747,0.5502645606705485,0.5706789058408441,0.36816267323014445,0.8200096670785374,0.851145038167939,0.3789547895432678,0.572366606073251,0.9879282797798686,0.5654571565413885
subway_transfers,Subway transfers,Subway,weekday_overnight,Manhattan,First six months post-CP,2025-01-05,2025-06-30,126,49,1.0,59.768715763846615,853.7914691943128,269.44510374444496,30.373155915533705,0.8516358924522189,1.0,,0.5662591941962978,0.5680111202696534,0.3447827617470224,0.8875490701837998,1.0,0.0,0.5573435317836473,1.0,0.5573435317836473
subway_transfers,Subway transfers,Subway,weekend_overnight,Manhattan,CP launch transition,2024-11-01,2025-04-30,52,52,0.9619082840236687,52.416918429003026,264.8036253776435,225.63428035895566,43.84133611691024,0.8408304498269896,1.0,19.811320754716988,0.49268887630000785,0.47281930861791077,0.509242099627742,0.8757949197571845,1.0,0.2548694145457429,0.5754472017581796,0.9619082840236687,0.5535274303894324
subway_transfers,Subway transfers,Subway,weekend_midday,Bronx,Early 2026,2026-01-01,2026-03-31,26,27,0.9971509971509972,60.466801428716636,227.62641601483946,119.73770304448838,60.24096385542169,0.8757142857142857,1.0,,0.5732450211912721,0.24272806030729913,0.7094972104919565,0.9137415239545242,1.0,0.0,0.5542916900066491,0.9971509971509972,0.5527125114026417
subway_transfers,Subway transfers,Subway,weekday_evening,Bronx,Early 2026,2026-01-01,2026-03-31,62,27,1.0,80.72778069963911,204.44587628865975,128.83538326792007,37.32480195003046,0.929510155316607,1.0,,0.7759990713862126,0.26249542817155,0.4296689963325693,0.9722606208177913,1.0,0.0,0.5525965637093125,1.0,0.5525965637093125
subway_transfers,Subway transfers,Subway,weekday_evening,Manhattan,Early 2026,2026-01-01,2026-03-31,62,49,1.0,69.73241484869024,423.3380597507093,183.04148196583571,35.38461538461539,0.9088215931533904,1.0,,0.6659671262445245,0.38027401206679834,0.40597746613752345,0.9497556221600736,1.0,0.0,0.5519207648171202,1.0,0.5519207648171202
subway_transfers,Subway transfers,Subway,weekday_evening,Queens,Early 2026,2026-01-01,2026-03-31,62,27,1.0,80.52725420275088,191.21035414592518,164.32075193733044,31.594784353059183,0.9109916367980884,0.9629629629629629,,0.7739923786754688,0.3395977574532674,0.35970001121708545,0.9521161936162161,0.9629629629629629,0.0,0.5507516426805564,1.0,0.5507516426805564
subway_transfers,Subway transfers,Subway,weekend_evening,Brooklyn,Second half of 2025,2025-07-01,2025-12-31,52,48,0.9947916666666666,57.43155149934811,251.72413793103448,190.17492332825066,47.233468286099864,0.8674989931534434,1.0,,0.5428709110209616,0.3957734972196992,0.55066327176886,0.9048049363562217,1.0,0.0,0.5533709513163224,0.9947916666666666,0.5504888109448832
subway_transfers,Subway transfers,Subway,weekday_overnight,Brooklyn,Early 2026,2026-01-01,2026-03-31,63,48,1.0,65.61514195583597,331.2239703840815,208.3238168576581,31.650339110776187,0.9123677248677249,0.9791666666666666,,0.6247650824725288,0.4352072699962934,0.3603783878450822,0.9536131009370705,0.9791666666666666,0.0,0.5467891433698228,1.0,0.5467891433698228
taxi_trip_count,Taxi trips,Taxi,weekday_overnight,Manhattan,Early 2026,2026-01-01,2026-03-31,64,66,0.9966856060606061,51.702037433664685,392.5983991385807,229.40975505144166,42.55935147654894,0.838479809976247,1.0,,0.4855349764181666,0.481022630264271,0.4935878433010021,0.8732378959162624,1.0,0.0,0.5470659058973408,0.9966856060606061,0.5452527139743857
subway_transfers,Subway transfers,Subway,weekend_overnight,Bronx,CP launch transition,2024-11-01,2025-04-30,52,27,0.99002849002849,51.7766497461929,265.0485436893204,226.90678612824217,41.2454508693894,0.8201438848920863,1.0,8.24909017387788,0.48628163078058523,0.47558419912110544,0.4775438625505479,0.8532920936825664,1.0,0.09657283472598586,0.5493122459714865,0.99002849002849,0.5438347734333093
subway_transfers,Subway transfers,Subway,weekday_evening,Citywide,Early 2026,2026-01-01,2026-03-31,62,153,1.0,69.79301423027168,238.94771193105242,171.1686771041549,33.82731958762892,0.9055450137044065,0.9934640522875817,,0.6665735515258819,0.3544768752673711,0.38696139775802213,0.9461913620863411,0.9934640522875817,0.0,0.5406013182153329,1.0,0.5406013182153329
subway_transfers,Subway transfers,Subway,weekday_evening,Manhattan,Second half of 2025,2025-07-01,2025-12-31,132,49,1.0,63.20631197064961,453.98008309701254,197.2176599896133,33.088611044867655,0.9033704390847248,1.0,,0.6006596318328118,0.41107589991326066,0.3779410612305281,0.9438258618398303,1.0,0.0,0.5400629928669577,1.0,0.5400629928669577
subway_transfers,Subway transfers,Subway,All temporal buckets,Manhattan,Early 2026,2026-01-01,2026-03-31,90,52,1.0,71.72897196261681,374.99878198804106,196.59717461179355,23.808311553689343,0.9012820512820513,1.0,,0.6859469128027732,0.4097277141761799,0.26461974485120215,0.941554115532611,1.0,0.0,0.5337783774047317,1.0,0.5337783774047317
subway_transfers,Subway transfers,Subway,weekend_midday,Queens,Second half of 2025,2025-07-01,2025-12-31,52,27,0.9964387464387464,60.16427104722791,222.42574884109843,153.52220142202137,44.60827189803824,0.8784846318799142,1.0,,0.5702175633703221,0.3161347520283204,0.5186071176832958,0.9167551039339843,1.0,0.0,0.5343118898079013,0.9964387464387464,0.5324090696875028
subway_transfers,Subway transfers,Subway,weekend_midday,Citywide,Early 2026,2026-01-01,2026-03-31,26,153,0.9982403217697335,53.776170241093524,254.86337988873476,160.7503058903269,48.00175426607805,0.865776882397381,1.0,,0.5062910722477466,0.3318399204313857,0.5600447770413644,0.9029316258792601,1.0,0.0,0.5316668938475576,0.9982403217697335,0.5307313311887006
subway_transfers,Subway transfers,Subway,weekend_overnight,Brooklyn,First six months post-CP,2025-01-05,2025-06-30,51,48,0.9967320261437909,47.37323559033596,220.7855973813421,216.12320269394442,43.008319756018444,0.8098360655737705,0.9791666666666666,,0.4422161370624684,0.45215371405178084,0.4990701746083493,0.842079257425867,0.9791666666666666,0.0,0.5255242461276555,0.9967320261437909,0.5238068466305063
subway_transfers,Subway transfers,Subway,weekend_midday,Manhattan,Early 2026,2026-01-01,2026-03-31,26,49,1.0,56.2637722058802,368.2790331056226,140.15828291427113,45.79029136798495,0.8822605965463108,1.0,,0.5311848035372918,0.2870977352545077,0.5330407038458633,0.9208625947822334,1.0,0.0,0.5227489245075929,1.0,0.5227489245075929
subway_transfers,Subway transfers,Subway,weekend_overnight,Citywide,CP launch transition,2024-11-01,2025-04-30,52,156,0.9693047337278107,46.83840749414521,209.7223170327647,211.43168141682978,42.375324300951284,0.8078341599898258,0.9871794871794872,13.581558645539797,0.43686404814264257,0.44196001360836124,0.4913406958023552,0.8399015863956562,0.9871794871794872,0.16957877550523542,0.5377920164189106,0.9693047337278107,0.5212843472758746
taxi_trip_count,Taxi trips,Taxi,weekend_overnight,Manhattan,Second half of 2025,2025-07-01,2025-12-31,52,66,0.9997086247086248,51.34688090737241,470.97883093393733,253.84651452607318,27.64976958525346,0.8353249781404838,0.9696969696969697,,0.4819808824528138,0.5341186285937276,0.3115276147283097,0.8698060727828303,0.9696969696969697,0.0,0.5196719644717782,0.9997086247086248,0.5195205449017107
taxi_trip_count,Taxi trips,Taxi,weekend_midday,Staten Island,First six months post-CP,2025-01-05,2025-06-30,51,19,0.9969040247678018,100.0,1515.3846153846152,149.99999999999946,0.0,1.0,1.0,,0.9688584819380583,0.3084817405472429,0.0,1.0,1.0,0.0,0.5208921315244224,0.9969040247678018,0.5192794623865759
subway_transfers,Subway transfers,Subway,weekend_midday,Queens,Early 2026,2026-01-01,2026-03-31,26,27,1.0,55.03075906094735,203.08940215732613,132.59177353550024,49.262325274810465,0.8490028490028491,1.0,,0.5188458930761611,0.27065728332993455,0.5754375524830365,0.8846848479712413,1.0,0.0,0.5192237371400094,1.0,0.5192237371400094
subway_transfers,Subway transfers,Subway,weekday_overnight,Bronx,Early 2026,2026-01-01,2026-03-31,63,27,1.0,70.04704249248091,168.4049079754601,135.89607514967926,28.412451351738977,0.9512051734273956,1.0,,0.6691156428205915,0.27783684382643187,0.32084068720391307,0.9958604413181517,1.0,0.0,0.5168295431592317,1.0,0.5168295431592317
subway_transfers,Subway transfers,Subway,weekday_overnight,Queens,Early 2026,2026-01-01,2026-03-31,63,27,1.0,68.4942497994116,238.80903490759758,168.99785278038226,24.08781585263845,0.9206349206349206,1.0,,0.6535766600585516,0.3497601252912446,0.2680327591747918,0.9626061487949163,1.0,0.0,0.5161528374887173,1.0,0.5161528374887173
subway_transfers,Subway transfers,Subway,weekend_evening,Manhattan,First six months post-CP,2025-01-05,2025-06-30,51,49,1.0,43.775412713577886,233.69588628042183,165.25271954423016,52.08148804251552,0.8135254101640657,1.0,,0.40621229191794395,0.3416227293219976,0.6098622212372727,0.8460925230359863,1.0,0.0,0.5155344634169406,1.0,0.5155344634169406
subway_transfers,Subway transfers,Subway,weekday_evening,Queens,Second half of 2025,2025-07-01,2025-12-31,132,27,1.0,64.06570841889118,220.9388536691686,176.55356566609447,28.514528831356927,0.8928170594837261,0.9629629629629629,,0.609259715188812,0.36617711868081837,0.3220871506800095,0.9323459053362734,0.9629629629629629,0.0,0.5139618349407061,1.0,0.5139618349407061
taxi_trip_count,Taxi trips,Taxi,weekday_midday,Staten Island,Early 2026,2026-01-01,2026-03-31,64,19,1.0,100.0,2988.2352941176473,131.24999999999955,0.0,1.0,1.0,,0.9688584819380583,0.2677418883704101,0.0,1.0,1.0,0.0,0.5107071684802141,1.0,0.5107071684802141
subway_transfers,Subway transfers,Subway,weekday_evening,Bronx,Second half of 2025,2025-07-01,2025-12-31,132,27,0.9977553310886644,66.91641036227851,170.6185567010309,141.32235285741083,33.61075544174136,0.8802024746906637,0.9629629629629629,,0.637787031523905,0.2896270172495481,0.3843169427901764,0.9186237717440083,0.9629629629629629,0.0,0.5109174112331009,0.9977553310886644,0.5097705708038459
subway_transfers,Subway transfers,Subway,weekday_evening,Citywide,Second half of 2025,2025-07-01,2025-12-31,132,153,0.9996038819568231,59.80677607199577,248.11697917706869,171.66869234651608,30.711732206694826,0.885426986328512,0.9869281045751634,,0.5666400682658934,0.35556330444390216,0.3489171014895792,0.924306990639039,0.9869281045751634,0.0,0.5093411191154422,0.9996038819568231,0.5091393599080287
subway_transfers,Subway transfers,Subway,weekday_overnight,Citywide,Second half of 2025,2025-07-01,2025-12-31,132,153,0.9998019409784116,54.35013575728958,308.2262384310514,216.32279200040404,25.52717780734978,0.8750990491283677,0.9934640522875817,,0.5120348140247294,0.45258738012331373,0.2856087427526125,0.9130722701692187,0.9934640522875817,0.0,0.5089828021404378,0.9998019409784116,0.5088819935046405
subway_transfers,Subway transfers,Subway,weekend_midday,Brooklyn,Early 2026,2026-01-01,2026-03-31,26,48,0.9959935897435898,48.355287364780324,261.21530267803684,158.19041889545616,43.270292148060925,0.8576025744167337,1.0,,0.45204364698226196,0.3262778181508294,0.5022691076114829,0.8940396212691323,1.0,0.0,0.5065379486468262,0.9959935897435898,0.5045085498141065
subway_transfers,Subway transfers,Subway,weekend_evening,Bronx,First six months post-CP,2025-01-05,2025-06-30,51,27,0.9912854030501089,50.91779728651237,222.95081967213113,150.92848469736612,46.99488491048593,0.8058608058608059,1.0,,0.47768699118337554,0.3104991447775986,0.5477499409850318,0.8377549736115278,1.0,0.0,0.5083754186698103,0.9912854030501089,0.5039451317968707
subway_transfers,Subway transfers,Subway,weekday_evening,Brooklyn,Early 2026,2026-01-01,2026-03-31,62,48,1.0,59.549522732350056,202.29064964325948,155.63957592949856,31.512605042016798,0.8877688172043011,1.0,,0.5640657032343769,0.32073536666499325,0.3586965233754138,0.9268544320852086,1.0,0.0,0.5037644518009877,1.0,0.5037644518009877
subway_transfers,Subway transfers,Subway,weekend_overnight,Queens,First six months post-CP,2025-01-05,2025-06-30,51,27,0.896877269426289,56.395348837209305,240.74548631333636,177.85459157201043,55.8823529411765,0.8396761133603239,1.0,,0.5325015066717385,0.3690039775120315,0.6562744102087245,0.8745392336235654,1.0,0.0,0.5611870627976353,0.896877269426289,0.5033159205193025
subway_transfers,Subway transfers,Subway,weekend_midday,Bronx,Second half of 2025,2025-07-01,2025-12-31,52,27,0.9886039886039886,53.44754693896803,182.18669287394533,127.87951423652376,47.91502753737214,0.840057636887608,1.0,,0.5030024994397183,0.2604185234761101,0.5589857608887532,0.8749542545613028,1.0,0.0,0.5087454211189173,0.9886039886039886,0.5029477525021775
subway_transfers,Subway transfers,Subway,weekend_midday,Citywide,Second half of 2025,2025-07-01,2025-12-31,52,153,0.9963549522373052,51.04166666666667,233.64332721686353,166.1396258934097,38.92348754448399,0.8498801564274,1.0,,0.478926566930707,0.34354979244521194,0.44919047365260095,0.8856391821707937,1.0,0.0,0.5043567335535836,0.9963549522373052,0.502518329170344
subway_transfers,Subway transfers,Subway,weekend_evening,Bronx,CP launch transition,2024-11-01,2025-04-30,52,27,0.9928774928774928,35.55883437845813,202.8846153846154,147.9880081049639,44.39746300211416,0.7539454806312769,1.0,33.03445021236432,0.3239880068074799,0.3041101004200571,0.5160329398118491,0.7812815311659813,1.0,0.43590508521713184,0.5048144526254904,0.9928774928774928,0.5012189080911208
subway_transfers,Subway transfers,Subway,weekday_overnight,Manhattan,CP launch transition,2024-11-01,2025-04-30,129,52,0.9615384615384616,49.2537313432836,360.5263157894737,227.0776598741666,29.880478087649408,0.8178294573643411,0.9807692307692307,10.615711252653924,0.46103448365797123,0.4759554722490981,0.33876669512548424,0.8507744615728831,0.9807692307692307,0.12897385111121726,0.5175395812429429,0.9615384615384616,0.4976342127335989
subway_transfers,Subway transfers,Subway,All temporal buckets,Manhattan,Second half of 2025,2025-07-01,2025-12-31,184,52,1.0,63.680880108157425,483.06902473782236,180.6369336742007,19.535072790052222,0.8914088628762542,1.0,,0.6054086921169447,0.3750494284959574,0.2124394200288362,0.9308140703778583,1.0,0.0,0.4969540901098243,1.0,0.4969540901098243
taxi_trip_count,Taxi trips,Taxi,weekday_overnight,Manhattan,First six months post-CP,2025-01-05,2025-06-30,126,66,0.9962722462722463,47.99703264094955,298.9637305699482,163.09154253414206,39.638311641619325,0.8356065178032589,1.0,,0.4484585489824626,0.3369269409529865,0.4579191582973197,0.8701123313658512,1.0,0.0,0.4960241263990808,0.9962722462722463,0.4941750706128408
subway_transfers,Subway transfers,Subway,weekday_am_peak,Manhattan,Early 2026,2026-01-01,2026-03-31,63,49,1.0,69.7612124660833,384.77122381477403,112.78572191928812,25.09070345231573,0.9365079365079365,1.0,,0.6662553074565148,0.22762285052720355,0.28027897419015463,0.979872800681981,1.0,0.0,0.49319348906343197,1.0,0.49319348906343197
taxi_trip_count,Taxi trips,Taxi,weekend_evening,Staten Island,CP launch transition,2024-11-01,2025-04-30,52,19,0.9392712550607287,100.0,1300.0000000000002,157.50000000000037,0.0,1.0,1.0,0.0,0.9688584819380583,0.3247776814179781,0.0,1.0,1.0,0.0,0.5249661167421061,0.9392712550607287,0.4930855833367151
subway_transfers,Subway transfers,Subway,weekend_overnight,Brooklyn,CP launch transition,2024-11-01,2025-04-30,52,48,0.9951923076923077,41.987829614604465,156.72187033360134,184.54334562555132,37.5,0.7809983896940419,0.9791666666666666,12.386762127410872,0.38832373339713055,0.38353724958608215,0.4318083317784255,0.8107096604550891,0.9791666666666666,0.1532210146840845,0.4947559426349702,0.9951923076923077,0.492377308295379
subway_transfers,Subway transfers,Subway,All temporal buckets,Bronx,Early 2026,2026-01-01,2026-03-31,90,27,1.0,75.62420050220307,149.18363642411455,69.85981238749821,30.500583038356048,0.9205761316872428,1.0,,0.724926932093819,0.13435377272020463,0.34633876856710233,0.9625421982323717,1.0,0.0,0.4922229130470912,1.0,0.4922229130470912
subway_transfers,Subway transfers,Subway,weekend_midday,Manhattan,Second half of 2025,2025-07-01,2025-12-31,52,49,1.0,52.87665735239015,363.03730951129836,150.39791247485337,34.05110909326761,0.8642072213500785,1.0,,0.4972895388594319,0.30934632163550246,0.3896940812662389,0.9012241500535392,1.0,0.0,0.4899169269420406,1.0,0.4899169269420406
subway_transfers,Subway transfers,Subway,weekend_evening,Citywide,First six months post-CP,2025-01-05,2025-06-30,51,153,0.9791105984877612,44.138826573606174,202.8846153846154,158.89349125170662,45.971978984238184,0.8068062827225131,1.0,,0.40984901801259327,0.32780544822353663,0.5352592830914158,0.8387834624613453,1.0,0.0,0.49679054164588776,0.9791105984877612,0.4864128845539642
subway_transfers,Subway transfers,Subway,weekday_pm_peak,Manhattan,Early 2026,2026-01-01,2026-03-31,62,49,1.0,62.28306722274578,344.113541551005,143.78822847341243,20.455759896691447,0.9312047399605003,1.0,,0.5914206108824593,0.29498485234727406,0.22368188855013849,0.9741039884155654,1.0,0.0,0.4828823112356728,1.0,0.4828823112356728
taxi_trip_count,Taxi trips,Taxi,weekday_midday,Staten Island,First six months post-CP,2025-01-05,2025-06-30,126,19,0.9995822890559732,100.0,2988.2352941176473,79.54545454545426,0.0,1.0,1.0,,0.9688584819380583,0.15539865964035568,0.0,1.0,1.0,0.0,0.4826213612977006,0.9995822890559732,0.48241976507326545
taxi_trip_count,Taxi trips,Taxi,weekday_evening,Manhattan,Second half of 2025,2025-07-01,2025-12-31,132,67,0.9851876978742651,44.2860084720156,525.9314456035768,202.6008795092509,32.232537199028606,0.8180879146103524,1.0,,0.4113218849268159,0.42277251684475275,0.3674875823077185,0.8510556111244408,1.0,0.0,0.4891133643267612,0.9851876978742651,0.48186846940061856
subway_transfers,Subway transfers,Subway,All temporal buckets,Citywide,Early 2026,2026-01-01,2026-03-31,90,156,1.0,67.57710959929429,173.43750000000003,108.79332335306108,25.407994804424398,0.8980769230769231,0.9935897435897436,,0.6443987280502378,0.21894819839818544,0.28415340450686044,0.9380675800554154,0.9935897435897436,0.0,0.48051658747825265,1.0,0.48051658747825265
taxi_trip_count,Taxi trips,Taxi,weekend_midday,Staten Island,Second half of 2025,2025-07-01,2025-12-31,52,19,0.9989878542510121,100.0,1515.3846153846152,74.99999999999974,0.0,1.0,1.0,,0.9688584819380583,0.14552233183991134,0.0,1.0,1.0,0.0,0.48015227934758953,0.9989878542510121,0.47966629525918103
subway_transfers,Subway transfers,Subway,weekday_evening,Brooklyn,Second half of 2025,2025-07-01,2025-12-31,132,48,1.0,52.882935352358764,206.50154798761608,149.4990889730834,28.918377566349527,0.8737373737373737,1.0,,0.49735236355826506,0.30739336501709325,0.3270185292751712,0.9115910409467717,1.0,0.0,0.4784611759629763,1.0,0.4784611759629763
taxi_trip_count,Taxi trips,Taxi,weekday_evening,Manhattan,First six months post-CP,2025-01-05,2025-06-30,126,67,0.9855484482350154,43.83561643835617,410.5294011061334,168.6176956310901,38.54625550660793,0.8183894230769231,1.0,,0.4068147578142068,0.3489341228343844,0.4445841103393041,0.8513835917536374,1.0,0.0,0.4852208431023439,0.9855484482350154,0.47820864897080095
taxi_trip_count,Taxi trips,Taxi,weekend_overnight,Manhattan,First six months post-CP,2025-01-05,2025-06-30,51,66,0.9991087344028521,47.738991622755584,408.2013210729682,183.95416359888844,28.706350192618373,0.832589949449896,0.9848484848484849,,0.4458763015572191,0.3822570795236025,0.3244294726264601,0.8668309111198349,0.9848484848484849,0.0,0.47813490987046026,0.9991087344028521,0.4777087646744973
taxi_trip_count,Taxi trips,Taxi,weekday_evening,Manhattan,Early 2026,2026-01-01,2026-03-31,64,67,0.9853078358208955,38.77846264455999,471.3927412318955,202.05332635817098,36.64281975222474,0.7872189349112426,1.0,,0.3562072131126322,0.42158279767494183,0.42134134263172973,0.8174763637503175,1.0,0.0,0.4835268651301555,0.9853078358208955,0.4764228090426556
subway_transfers,Subway transfers,Subway,All temporal buckets,Queens,Early 2026,2026-01-01,2026-03-31,90,27,1.0,65.41963497134311,148.20471542943065,91.19520778760356,26.880119658959636,0.8946502057613168,1.0,,0.6228086206244969,0.180711151639382,0.3021294543691775,0.9343400001501666,1.0,0.0,0.4703164029311053,1.0,0.4703164029311053
subway_transfers,Subway transfers,Subway,weekday_overnight,Brooklyn,Second half of 2025,2025-07-01,2025-12-31,132,48,1.0,47.65702891326022,265.5961233948404,171.49399015353663,24.9554367201426,0.8671085858585859,1.0,,0.44505609089055176,0.3551837128963314,0.2786272382556883,0.9043802516643897,1.0,0.0,0.46918963180298934,1.0,0.46918963180298934
subway_transfers,Subway transfers,Subway,weekend_evening,Brooklyn,First six months post-CP,2025-01-05,2025-06-30,51,48,0.9959150326797386,39.92743743187634,158.57361342520892,136.62537270054713,44.18407025360134,0.7916324856439705,1.0,,0.3677051416473399,0.27942145579524696,0.5134272106335761,0.8222774201278559,1.0,0.0,0.4694234474241733,0.9959150326797386,0.4675058679820811
subway_transfers,Subway transfers,Subway,weekend_overnight,Queens,CP launch transition,2024-11-01,2025-04-30,52,27,0.9145299145299145,43.29432943294329,179.41176470588235,160.64200750511452,45.66744730679157,0.7928348909657321,0.9629629629629629,15.742128935532236,0.401398033814945,0.33160461055381013,0.531540660583569,0.8235853955172906,0.9629629629629629,0.19915878474088958,0.5092388756161342,0.9145299145299145,0.465714185392533
subway_transfers,Subway transfers,Subway,weekend_midday,Bronx,First six months post-CP,2025-01-05,2025-06-30,51,27,0.9941902687000727,42.21304113526137,179.93677915204617,125.37615807664716,46.35761589403973,0.7815924032140248,0.9629629629629629,,0.3905774521020937,0.25497925094814544,0.5399682779147733,0.8113558278090316,0.9629629629629629,0.0,0.46785362920806084,0.9941902687000727,0.4651355253346662
taxi_trip_count,Taxi trips,Taxi,weekday_am_peak,Manhattan,Early 2026,2026-01-01,2026-03-31,64,67,0.9850746268656716,35.21260223252058,542.4825174825176,303.12168147602733,20.86413276741857,0.7601799242424242,0.835820895522388,,0.32052322018696,0.641183322861989,0.22866851116166007,0.7880633531212036,0.835820895522388,0.0,0.4719257695056406,0.9850746268656716,0.4648821013040638
subway_transfers,Subway transfers,Subway,weekend_evening,Manhattan,CP launch transition,2024-11-01,2025-04-30,52,52,0.9619082840236687,35.85291113381001,146.41460234680574,122.6608794654733,45.97197898423818,0.7770088427527874,1.0,20.613834173156206,0.32693086817752987,0.24907951498877803,0.5352592830914157,0.8063698350071191,1.0,0.2658564925589519,0.4822490335079466,0.9619082840236687,0.46387934029370165
taxi_trip_count,Taxi trips,Taxi,weekday_midday,Staten Island,CP launch transition,2024-11-01,2025-04-30,129,19,0.9991840065279478,100.0,408.1428703617999,43.74999999999985,0.0,1.0,1.0,0.0,0.9688584819380583,0.0776225782118565,0.0,1.0,1.0,0.0,0.46317734094057583,0.9991840065279478,0.46279939125396585
taxi_trip_count,Taxi trips,Taxi,weekday_midday,Staten Island,Second half of 2025,2025-07-01,2025-12-31,132,19,0.9984051036682615,100.0,1246.1538461538462,43.74999999999985,0.0,1.0,1.0,,0.9688584819380583,0.0776225782118565,0.0,1.0,1.0,0.0,0.46317734094057583,0.9984051036682615,0.4624386210985653
subway_transfers,Subway transfers,Subway,weekend_midday,Brooklyn,Second half of 2025,2025-07-01,2025-12-31,52,48,0.9979967948717948,44.86948694869487,226.7415917733343,135.02950931787723,35.061217999681986,0.8301886792452831,1.0,,0.417160824040587,0.2759539764190127,0.40202847533080205,0.8642188116271157,1.0,0.0,0.46245917572309836,0.9979967948717948,0.4615327751307043
taxi_trip_count,Taxi trips,Taxi,weekend_midday,Staten Island,Early 2026,2026-01-01,2026-03-31,26,19,1.0,100.0,1515.3846153846152,37.49999999999987,0.0,1.0,1.0,,0.9688584819380583,0.06404262748624553,0.0,1.0,1.0,0.0,0.45978235325917305,1.0,0.45978235325917305
taxi_trip_count,Taxi trips,Taxi,weekday_overnight,Manhattan,CP launch transition,2024-11-01,2025-04-30,129,66,0.9958891237961005,42.91927154117967,194.90971031245908,119.36378779450757,34.446375372393256,0.8142469630852694,0.9848484848484849,12.940612013953462,0.39764478449783097,0.2419156202000521,0.39452065988188106,0.8468774276318229,0.9848484848484849,0.16080368155448432,0.46050882471102583,0.9958891237961005,0.4586157299418355
taxi_trip_count,Taxi trips,Taxi,weekend_midday,Staten Island,CP launch transition,2024-11-01,2025-04-30,52,19,0.9969635627530364,100.0,1025.0,37.49999999999987,0.0,1.0,1.0,0.0,0.9688584819380583,0.06404262748624553,0.0,1.0,1.0,0.0,0.45978235325917305,0.9969635627530364,0.45838625299624036
subway_transfers,Subway transfers,Subway,weekend_evening,Citywide,CP launch transition,2024-11-01,2025-04-30,52,156,0.9690581854043393,34.862385321100916,148.81516587677726,136.1716571857307,41.20754716981132,0.761099096807022,0.9807692307692307,19.390581717451525,0.31701855754022373,0.2784356263017026,0.47708102219330323,0.7890632281811178,0.9807692307692307,0.24910914621947788,0.46977614444816956,0.9690581854043393,0.45524041808519
subway_transfers,Subway transfers,Subway,All temporal buckets,Brooklyn,Early 2026,2026-01-01,2026-03-31,90,48,1.0,60.02740783996081,174.07147662439056,98.2595748029735,23.52752880921895,0.8826388888888889,0.9791666666666666,,0.5688479568362539,0.1960605525955989,0.26119111948730833,0.921274100840256,0.9791666666666666,0.0,0.4511307352063172,1.0,0.4511307352063172
subway_transfers,Subway transfers,Subway,weekday_pm_peak,Manhattan,Second half of 2025,2025-07-01,2025-12-31,132,49,1.0,53.69836727646086,331.91353520612887,132.95986595924535,17.687998151784676,0.9182127396413111,1.0,,0.5055124886469486,0.2714570716462433,0.18988487535510937,0.9599713025653971,1.0,0.0,0.450939436096782,1.0,0.450939436096782
subway_transfers,Subway transfers,Subway,All temporal buckets,Bronx,Second half of 2025,2025-07-01,2025-12-31,184,27,1.0,60.99029009744788,136.70189822379464,92.5228191732281,22.250333801515154,0.8892914653784219,1.0,,0.5784836351001635,0.18359577519130862,0.24559534914781891,0.9285107673512567,1.0,0.0,0.4499913557501122,1.0,0.4499913557501122
taxi_trip_count,Taxi trips,Taxi,weekend_overnight,Manhattan,CP launch transition,2024-11-01,2025-04-30,52,66,0.997960372960373,41.249142072752235,200.74074074074076,103.76268044592857,28.187919463087255,0.7944525547445256,1.0,26.783288790323972,0.38093159854834613,0.20801765715066478,0.31809893849037896,0.8253450886696312,1.0,0.3503214717360053,0.45064443216945643,0.997960372960373,0.44972528560034625
subway_transfers,Subway transfers,Subway,weekday_pm_peak,Bronx,Early 2026,2026-01-01,2026-03-31,62,27,1.0,60.788900281473985,127.23091076356945,74.08109295034774,22.759148285094994,0.9438470728793309,1.0,,0.5764683030517604,0.14352573784700082,0.251808459740526,0.9878563063932042,1.0,0.0,0.44971523297918814,1.0,0.44971523297918814
taxi_trip_count,Taxi trips,Taxi,weekend_overnight,Manhattan,Early 2026,2026-01-01,2026-03-31,26,66,0.9988344988344988,39.49707521377854,376.8287350845856,216.39787749456212,23.505785064541115,0.7777129521586931,0.8939393939393939,,0.363398455301955,0.4527505252930537,0.260925607606765,0.8071357645632566,0.8939393939393939,0.0,0.4485167479834353,0.9988344988344988,0.4479940011909138
subway_transfers,Subway transfers,Subway,weekday_am_peak,Citywide,Early 2026,2026-01-01,2026-03-31,63,153,1.0,57.48987854251012,163.52839252326282,100.78913335181159,20.52591484919448,0.9183525261956634,0.9738562091503268,,0.5434545967391522,0.20155675746772198,0.22453854749479105,0.960123362249064,0.9738562091503268,0.0,0.44539194346611144,1.0,0.44539194346611144
taxi_trip_count,Taxi trips,Taxi,weekday_evening,Manhattan,CP launch transition,2024-11-01,2025-04-30,129,67,0.9853060279995371,39.43615078231335,212.2301440847789,97.13199231695708,34.377058219860004,0.8084781587599812,1.0,19.693791072148052,0.362788777207416,0.1936105502597325,0.39367423127467915,0.8406021276581943,1.0,0.25326033516889707,0.451111591926971,0.9853060279995371,0.4444829708261118
taxi_trip_count,Taxi trips,Taxi,weekday_overnight,Staten Island,CP launch transition,2024-11-01,2025-04-30,129,18,1.0,100.0,837.5,0.0,0.0,1.0,1.0,0.0,0.9688584819380583,0.0,0.0,1.0,1.0,0.0,0.4437716963876117,1.0,0.4437716963876117
taxi_trip_count,Taxi trips,Taxi,weekday_overnight,Staten Island,First six months post-CP,2025-01-05,2025-06-30,126,18,1.0,100.0,1041.304347826087,0.0,0.0,1.0,1.0,,0.9688584819380583,0.0,0.0,1.0,1.0,0.0,0.4437716963876117,1.0,0.4437716963876117
taxi_trip_count,Taxi trips,Taxi,weekday_overnight,Staten Island,Second half of 2025,2025-07-01,2025-12-31,132,18,1.0,100.0,1041.304347826087,0.0,0.0,1.0,1.0,,0.9688584819380583,0.0,0.0,1.0,1.0,0.0,0.4437716963876117,1.0,0.4437716963876117
subway_transfers,Subway transfers,Subway,All temporal buckets,Manhattan,First six months post-CP,2025-01-05,2025-06-30,177,52,1.0,48.765957816563194,165.672808216531,151.1054438951139,16.829722031525307,0.886897001303781,1.0,,0.45615327545978873,0.31088364032733595,0.1794045045591898,0.9259060715603836,1.0,0.0,0.4437183768196872,1.0,0.4437183768196872
subway_transfers,Subway transfers,Subway,weekday_evening,Manhattan,First six months post-CP,2025-01-05,2025-06-30,126,49,1.0,43.05856832971801,246.53465346534657,140.32801004501255,27.935078782134823,0.8249109167476515,1.0,,0.39903874417162766,0.2874665170260706,0.31501151239739444,0.8584776664963955,1.0,0.0,0.4434483305447814,1.0,0.4434483305447814
taxi_trip_count,Taxi trips,Taxi,weekday_pm_peak,Staten Island,Early 2026,2026-01-01,2026-03-31,64,19,0.9991776315789473,100.0,1093.1818181818182,0.0,0.0,1.0,1.0,,0.9688584819380583,0.0,0.0,1.0,1.0,0.0,0.4437716963876117,0.9991776315789473,0.44340675255834555
taxi_trip_count,Taxi trips,Taxi,weekday_pm_peak,Staten Island,Second half of 2025,2025-07-01,2025-12-31,132,19,0.9988038277511961,100.0,950.0,0.0,0.0,1.0,1.0,,0.9688584819380583,0.0,0.0,1.0,1.0,0.0,0.4437716963876117,0.9988038277511961,0.44324086899958826
subway_transfers,Subway transfers,Subway,All temporal buckets,Citywide,Second half of 2025,2025-07-01,2025-12-31,184,156,1.0,56.26644834075297,162.98372235872233,106.6961900624067,20.60551121690223,0.8865663322185061,0.9935897435897436,,0.5312115839400091,0.21439156371784543,0.22551049513249707,0.9255463700373124,0.9935897435897436,0.0,0.44313323660853376,1.0,0.44313323660853376
taxi_trip_count,Taxi trips,Taxi,weekday_evening,Staten Island,Early 2026,2026-01-01,2026-03-31,64,19,0.9967105263157895,100.0,1775.0,0.0,0.0,1.0,1.0,,0.9688584819380583,0.0,0.0,1.0,1.0,0.0,0.4437716963876117,0.9967105263157895,0.44231192107054723
subway_transfers,Subway transfers,Subway,All temporal buckets,Queens,First six months post-CP,2025-01-05,2025-06-30,177,27,1.0,51.9124884757146,138.69208008767427,125.67022715632825,15.348444766336506,0.946432308014229,1.0,,0.4876409852429525,0.25561820192606466,0.1613166950252919,0.9906685227657953,1.0,0.0,0.4422963649500343,1.0,0.4422963649500343
taxi_trip_count,Taxi trips,Taxi,weekday_pm_peak,Staten Island,First six months post-CP,2025-01-05,2025-06-30,126,19,0.9966583124477861,100.0,715.6779661016949,0.0,0.0,1.0,1.0,,0.9688584819380583,0.0,0.0,1.0,1.0,0.0,0.4437716963876117,0.9966583124477861,0.4422887500337684
taxi_trip_count,Taxi trips,Taxi,weekday_evening,Staten Island,First six months post-CP,2025-01-05,2025-06-30,126,19,0.9966583124477861,100.0,971.4285714285713,0.0,0.0,1.0,1.0,,0.9688584819380583,0.0,0.0,1.0,1.0,0.0,0.4437716963876117,0.9966583124477861,0.4422887500337684
taxi_trip_count,Taxi trips,Taxi,weekday_overnight,Staten Island,Early 2026,2026-01-01,2026-03-31,64,18,0.9965277777777778,100.0,2816.666666666667,0.0,0.0,1.0,1.0,,0.9688584819380583,0.0,0.0,1.0,1.0,0.0,0.4437716963876117,0.9965277777777778,0.4422308224418214
taxi_trip_count,Taxi trips,Taxi,weekday_evening,Staten Island,CP launch transition,2024-11-01,2025-04-30,129,19,0.996328029375765,100.0,100.0,0.0,0.0,1.0,1.0,0.0,0.9688584819380583,0.0,0.0,1.0,1.0,0.0,0.4437716963876117,0.996328029375765,0.4421421797546095
taxi_trip_count,Taxi trips,Taxi,weekday_pm_peak,Staten Island,CP launch transition,2024-11-01,2025-04-30,129,19,0.9946960424316605,100.0,100.0,0.0,0.0,1.0,1.0,0.0,0.9688584819380583,0.0,0.0,1.0,1.0,0.0,0.4437716963876117,0.9946960424316605,0.4414179501399418
taxi_trip_count,Taxi trips,Taxi,weekday_evening,Staten Island,Second half of 2025,2025-07-01,2025-12-31,132,19,0.9940191387559809,100.0,2663.157894736842,0.0,0.0,1.0,1.0,,0.9688584819380583,0.0,0.0,1.0,1.0,0.0,0.4437716963876117,0.9940191387559809,0.4411175594474944
taxi_trip_count,Taxi trips,Taxi,weekend_evening,Staten Island,Early 2026,2026-01-01,2026-03-31,26,18,0.9935897435897436,100.0,1640.869565217372,0.0,0.0,1.0,1.0,,0.9688584819380583,0.0,0.0,1.0,1.0,0.0,0.4437716963876117,0.9935897435897436,0.4409270060261527
subway_transfers,Subway transfers,Subway,weekday_pm_peak,Citywide,Early 2026,2026-01-01,2026-03-31,62,153,1.0,55.065760142666086,174.1542566483286,107.84929792440397,19.933070796616455,0.9099725911870125,0.9673202614379085,,0.5191961530998641,0.21689702738940345,0.21729935564439248,0.9510076767493363,0.9673202614379085,0.0,0.44090653625239346,1.0,0.44090653625239346
subway_transfers,Subway transfers,Subway,All temporal buckets,Bronx,CP launch transition,2024-11-01,2025-04-30,181,27,1.0,45.474719606549506,115.74588531292586,56.778545585930736,21.018573230579175,0.9154900757110702,1.0,29.694493202323972,0.42321745985514453,0.10593089934518743,0.23055437665600417,0.9570095912771941,1.0,0.39017828814818434,0.4398063596449241,1.0,0.4398063596449241
subway_transfers,Subway transfers,Subway,weekend_evening,Brooklyn,CP launch transition,2024-11-01,2025-04-30,52,48,0.9959935897435898,31.924612877883412,118.75365395577252,117.2866346248434,38.875176304654445,0.7429605792437651,0.9791666666666666,16.656178640601095,0.28761991626782113,0.23740239816907832,0.4486005472931548,0.7693321656648517,0.9791666666666666,0.21167288754190441,0.4410784725250496,0.9959935897435898,0.43931133120884347
subway_transfers,Subway transfers,Subway,All temporal buckets,Queens,Second half of 2025,2025-07-01,2025-12-31,184,27,1.0,53.80706051633399,157.43880417184883,100.76381330766861,21.768085256084053,0.8907004830917874,1.0,,0.506600194937864,0.20150174227542889,0.23970663402152195,0.9300434955078982,1.0,0.0,0.43914332568691916,1.0,0.43914332568691916
subway_transfers,Subway transfers,Subway,weekday_overnight,Bronx,Second half of 2025,2025-07-01,2025-12-31,132,27,0.9988776655443322,50.17162471395879,129.42686625082615,134.33577400017268,19.850647509216373,0.876123595505618,0.9629629629629629,,0.47021995273441275,0.2744466337900457,0.21629288861847726,0.914186770764421,0.9629629629629629,0.0,0.4393385386290489,0.9988776655443322,0.4388454538494428
subway_transfers,Subway transfers,Subway,weekend_midday,Bronx,CP launch transition,2024-11-01,2025-04-30,52,27,0.9957264957264957,32.41433840170876,147.7979059331893,98.84029216109346,43.69896270139043,0.7417739628040058,0.9629629629629629,15.440365527020642,0.2925206583352063,0.19732233069300306,0.5075035843050995,0.7680413654065578,0.9629629629629629,0.19502739200069474,0.44034067150866135,0.9957264957264957,0.43845887376717135
subway_transfers,Subway transfers,Subway,weekday_am_peak,Queens,Early 2026,2026-01-01,2026-03-31,63,27,1.0,54.05060599617265,161.3578872811899,108.69911516263893,17.861382099365184,0.916519694297472,0.9629629629629629,,0.5090373837718127,0.21874350358476435,0.1920020588789325,0.9581296094167887,0.9629629629629629,0.0,0.4349095021351548,1.0,0.4349095021351548
subway_transfers,Subway transfers,Subway,weekday_midday,Manhattan,Early 2026,2026-01-01,2026-03-31,62,49,1.0,52.95830717658889,429.5647103622261,106.42228232749251,16.90218578606664,0.924621461487821,1.0,,0.49810661844540033,0.21379641915088568,0.18028935618086622,0.9669427042227738,1.0,0.0,0.43416970534639077,1.0,0.43416970534639077
subway_transfers,Subway transfers,Subway,All temporal buckets,Manhattan,CP launch transition,2024-11-01,2025-04-30,181,52,1.0,40.381444871769716,112.10956613143172,119.66443498146653,17.892748923198543,0.8476413089672759,0.9807692307692307,23.076991087412633,0.3722484485638583,0.24256886403760347,0.19238507774279714,0.8832037659882951,0.9807692307692307,0.2995791650450321,0.43408432575040246,1.0,0.43408432575040246
subway_transfers,Subway transfers,Subway,weekend_evening,Queens,First six months post-CP,2025-01-05,2025-06-30,51,27,0.8976034858387799,49.27209350010253,207.63760522806567,144.19803127488743,37.862681340670335,0.8317152103559871,1.0,,0.4612182359640947,0.2958752686434737,0.43623701718777563,0.8658793707479636,1.0,0.0,0.4833417734034371,0.8976034858387799,0.43384926065842283
subway_transfers,Subway transfers,Subway,All temporal buckets,Queens,CP launch transition,2024-11-01,2025-04-30,181,27,1.0,46.541912174975906,106.02163256229188,85.65539736213287,16.472496817244075,0.9136484550849192,1.0,20.60926990102265,0.433896983914326,0.16867429522224311,0.17504244366183225,0.9550062780748274,1.0,0.2657940038667348,0.4337868014186901,1.0,0.4337868014186901
taxi_trip_count,Taxi trips,Taxi,weekday_am_peak,Manhattan,Second half of 2025,2025-07-01,2025-12-31,132,67,0.9853007688828584,36.1671469740634,432.371294851794,217.190539855626,18.762370793930067,0.769795731007574,0.9552238805970149,,0.33007546392859616,0.45447281582190074,0.20300399098339086,0.7985234187669124,0.9552238805970149,0.0,0.4355349958126109,0.9853007688828584,0.42913296624955805
subway_transfers,Subway transfers,Subway,weekday_overnight,Citywide,First six months post-CP,2025-01-05,2025-06-30,126,153,0.98308953210914,38.81461675579323,214.5235080284309,186.8451706261671,21.363794907568895,0.802501055297594,0.954248366013072,,0.3565690116410113,0.3885386368000568,0.23476986290365612,0.8341002400771799,0.954248366013072,0.0,0.4359423067218319,0.98308953210914,0.42857031834174486
fhvhv_trip_count,FHVHV trips,FHVHV,weekend_evening,Manhattan,Early 2026,2026-01-01,2026-03-31,26,66,0.9994172494172494,29.9453474341685,83.79363145412651,40.717938114839946,58.971229073246015,0.7790087463556852,0.9696969696969697,,0.2678131695277948,0.07103453805226054,0.6939925366281936,0.8085453282842114,0.9696969696969697,0.0,0.4283712719565915,0.9994172494172494,0.4281216383482252
subway_transfers,Subway transfers,Subway,weekday_overnight,Queens,Second half of 2025,2025-07-01,2025-12-31,132,27,1.0,41.652933770682615,219.6937177085691,149.46663080767635,19.46607341490551,0.8431537598204265,1.0,,0.38497239051085375,0.3073228401711938,0.21159687178689537,0.8783222142047763,1.0,0.0,0.4278928946330647,1.0,0.4278928946330647
taxi_trip_count,Taxi trips,Taxi,weekend_overnight,Staten Island,Early 2026,2026-01-01,2026-03-31,26,20,0.9615384615384616,100.0,2233.3333333333335,0.0,0.0,1.0,1.0,,0.9688584819380583,0.0,0.0,1.0,1.0,0.0,0.4437716963876117,0.9615384615384616,0.4267035542188574
taxi_trip_count,Taxi trips,Taxi,weekend_overnight,Staten Island,First six months post-CP,2025-01-05,2025-06-30,51,20,0.957843137254902,100.0,2233.3333333333335,0.0,0.0,1.0,1.0,,0.9688584819380583,0.0,0.0,1.0,1.0,0.0,0.4437716963876117,0.957843137254902,0.4250636738928399
subway_transfers,Subway transfers,Subway,weekday_midday,Bronx,Early 2026,2026-01-01,2026-03-31,62,27,1.0,54.96012312858542,123.42108236357473,72.83127438753164,17.10097719869708,0.9468339307048984,1.0,,0.5181390308270976,0.14081014192716135,0.18271678910860756,0.9911054075547485,1.0,0.0,0.4240395106021436,1.0,0.4240395106021436
subway_transfers,Subway transfers,Subway,weekday_am_peak,Manhattan,Second half of 2025,2025-07-01,2025-12-31,132,49,1.0,51.02265823871778,334.3816085894461,94.43705565948656,20.32520325203252,0.873222016079159,1.0,,0.4787363473118554,0.1877550131369977,0.22208766728078383,0.9110304353660228,1.0,0.0,0.42375812150768066,1.0,0.42375812150768066
taxi_trip_count,Taxi trips,Taxi,weekend_overnight,Staten Island,CP launch transition,2024-11-01,2025-04-30,52,20,0.9528846153846153,100.0,600.0000000000001,0.0,0.0,1.0,1.0,0.0,0.9688584819380583,0.0,0.0,1.0,1.0,0.0,0.4437716963876117,0.9528846153846153,0.4228632222308877
subway_ridership,Subway ridership,Subway,weekend_evening,Manhattan,Second half of 2025,2025-07-01,2025-12-31,52,49,1.0,29.36631918978405,301.167446139572,83.08361988237075,51.10936827990994,0.7091836734693877,1.0,,0.26201876442247496,0.16308635738985822,0.597991710885582,0.7325896790136658,1.0,0.0,0.4226621362611258,1.0,0.4226621362611258
subway_transfers,Subway transfers,Subway,All temporal buckets,Bronx,First six months post-CP,2025-01-05,2025-06-30,177,27,1.0,51.45890859403911,120.90919683923973,67.67665424173128,20.893542426683087,0.9353421217827997,1.0,,0.48310195695281294,0.12961022391288765,0.22902763117769945,0.9786046285094847,1.0,0.0,0.42161916788074705,1.0,0.42161916788074705
subway_transfers,Subway transfers,Subway,weekday_am_peak,Bronx,Early 2026,2026-01-01,2026-03-31,63,27,1.0,55.46958906395002,117.44207772795217,61.79394838601343,18.780311065706265,0.9335684891240447,1.0,,0.5232373175609363,0.11682832700826175,0.20322305882875663,0.9766752725547467,1.0,0.0,0.421000447913216,1.0,0.421000447913216
subway_ridership,Subway ridership,Subway,weekend_evening,Manhattan,Early 2026,2026-01-01,2026-03-31,26,49,1.0,28.847599218665653,228.31927729228744,63.18893248175952,54.26005038052157,0.7127158555729984,1.0,,0.2568278714426773,0.11985933745358063,0.6364645471850446,0.7364319834171059,1.0,0.0,0.4190881156015055,1.0,0.4190881156015055
subway_transfers,Subway transfers,Subway,weekday_pm_peak,Bronx,Second half of 2025,2025-07-01,2025-12-31,132,27,0.9985970819304153,50.17941342190328,118.75000000000003,105.76983680637854,18.510900863842043,0.8682214105085698,0.9629629629629629,,0.4702978952691942,0.21237879066642593,0.19993330306707083,0.9055907812824745,0.9629629629629629,0.0,0.41927585082252694,0.9985970819304153,0.4186876411552675
subway_transfers,Subway transfers,Subway,weekend_midday,Manhattan,First six months post-CP,2025-01-05,2025-06-30,51,49,1.0,36.18458075407991,195.8107326256949,117.81378361854414,32.00162469667849,0.7619047619047619,1.0,,0.3302499258566841,0.23854778334660012,0.3646679202095682,0.7899396299242725,1.0,0.0,0.41711145953854134,1.0,0.41711145953854134
fhvhv_trip_count,FHVHV trips,FHVHV,weekend_evening,Staten Island,Early 2026,2026-01-01,2026-03-31,26,19,0.9939271255060729,31.97084917617236,86.75378230563669,44.10504703456782,55.03412969283276,0.7291242362525459,1.0,,0.2880826084515874,0.07839402160940968,0.6459167945760359,0.7542810046422292,1.0,0.0,0.41954053670421143,0.9939271255060729,0.4169927196796919
subway_transfers,Subway transfers,Subway,weekday_evening,Bronx,First six months post-CP,2025-01-05,2025-06-30,126,27,0.9994121105232217,42.84499617379473,170.6185567010309,119.87742020611321,26.342197691921726,0.8026470588235294,0.9259259259259259,,0.39690150198588325,0.24303163665456112,0.2955609136155048,0.8342590625767462,0.9259259259259259,0.0,0.4169818442630224,0.9994121105232217,0.41673670502477256
subway_transfers,Subway transfers,Subway,weekday_pm_peak,Brooklyn,Early 2026,2026-01-01,2026-03-31,62,48,1.0,48.31565122254305,162.89292423345105,97.45446071997678,18.917588640597568,0.894489247311828,0.9583333333333334,,0.4516470033518999,0.19431120706350433,0.20489934907249627,0.9341649096986835,0.9583333333333334,0.0,0.41584514203889117,1.0,0.41584514203889117
subway_transfers,Subway transfers,Subway,weekday_midday,Manhattan,Second half of 2025,2025-07-01,2025-12-31,132,49,1.0,47.41357519777216,404.49212242372283,105.91236468490948,15.007169139085878,0.905534941249227,1.0,,0.44261982035346814,0.2126884741172221,0.15714939381211618,0.9461804052789753,1.0,0.0,0.41505302215426865,1.0,0.41505302215426865
subway_transfers,Subway transfers,Subway,All temporal buckets,Citywide,CP launch transition,2024-11-01,2025-04-30,181,156,1.0,41.42598342129965,100.63205270897141,70.92406313819895,18.305590700021806,0.8750885394531803,0.9871794871794872,22.284960106235545,0.3827012711382284,0.13666616836087833,0.19742626996406804,0.9130608377543354,0.9871794871794872,0.28873560034053714,0.41474268472583165,1.0,0.41474268472583165
subway_transfers,Subway transfers,Subway,weekend_midday,Citywide,First six months post-CP,2025-01-05,2025-06-30,51,153,0.9818018710752274,35.356849876948324,165.2549456673168,118.09144847443562,36.36764108332565,0.7542096332071531,0.9738562091503268,,0.32196672366957685,0.2391510913563986,0.41798114838058537,0.7815688760920629,0.9738562091503268,0.0,0.4223982995779742,0.9818018710752274,0.4147114408646495
subway_transfers,Subway transfers,Subway,weekday_am_peak,Brooklyn,Early 2026,2026-01-01,2026-03-31,63,48,1.0,52.39969036253387,183.8169545016218,78.5191335079651,19.230863623123046,0.8991402116402116,0.9375,,0.4925164729720669,0.15316867738151393,0.20872473568229735,0.9392242243645168,0.9375,0.0,0.4131740447309289,1.0,0.4131740447309289
subway_transfers,Subway transfers,Subway,All temporal buckets,Brooklyn,Second half of 2025,2025-07-01,2025-12-31,184,48,1.0,50.611001768853235,143.71630543151707,80.33379950425868,20.060482982975778,0.8755661231884058,0.9791666666666666,,0.4746168516330965,0.15711156935161133,0.2188551800759996,0.9135803528968285,0.9791666666666666,0.0,0.412926018280913,1.0,0.412926018280913
subway_transfers,Subway transfers,Subway,All temporal buckets,Citywide,First six months post-CP,2025-01-05,2025-06-30,177,156,1.0,47.184280882537664,127.06267743149733,89.80260451093366,17.42011752226889,0.9075764160509924,0.9935897435897436,,0.44032524463337,0.17768531421898173,0.1866137971320296,0.9484011196674881,0.9935897435897436,0.0,0.41142827921692293,1.0,0.41142827921692293
subway_transfers,Subway transfers,Subway,weekday_pm_peak,Citywide,Second half of 2025,2025-07-01,2025-12-31,132,153,0.9997524262230144,46.873503541094344,163.41955880214937,109.83789662715844,16.94485429730728,0.8748452280719132,0.954248366013072,,0.43721525849479875,0.2212178389728306,0.18081037943731737,0.9127961638603441,0.954248366013072,0.0,0.4112538485099897,0.9997524262230144,0.4111520328414142
subway_transfers,Subway transfers,Subway,weekday_overnight,Citywide,CP launch transition,2024-11-01,2025-04-30,129,156,0.9732657523355198,32.984847787040025,152.48138028831943,168.01566341527595,21.363794907568884,0.7522720310425814,0.9230769230769231,15.18657795776685,0.2982298141960066,0.3476260319822266,0.23476986290365598,0.7794611542615724,0.9230769230769231,0.1915528285129002,0.42188859171370735,0.9732657523355198,0.41060971761601434
fhvhv_trip_count,FHVHV trips,FHVHV,weekend_evening,Manhattan,CP launch transition,2024-11-01,2025-04-30,52,67,0.9850746268656716,28.945880413266487,58.57069040809264,36.647224314202404,53.04697142769528,0.7776806526806527,0.9402985074626866,8.417749540839122,0.2578113831474602,0.06218972319934493,0.6216516950850662,0.8071006292211188,0.9402985074626866,0.09888192212550322,0.4164231837883284,0.9850746268656716,0.41020791238850257
subway_transfers,Subway transfers,Subway,weekday_evening,Bronx,CP launch transition,2024-11-01,2025-04-30,129,27,1.0,30.79964850615114,157.92079207920793,106.17186448814437,26.992287917737787,0.7309790410565604,0.9259259259259259,26.458056535483575,0.2763622628422994,0.2132523132438198,0.30349913589214983,0.7562986595809998,0.9259259259259259,0.3458687709160078,0.4099096266791882,1.0,0.4099096266791882
subway_transfers,Subway transfers,Subway,weekday_evening,Citywide,First six months post-CP,2025-01-05,2025-06-30,126,153,0.9827782965037867,39.9078655611891,178.62898528667398,128.44464289435138,24.92630912579873,0.7973186952391006,0.9803921568627451,,0.36750928358941154,0.26164643056841885,0.27827156252160795,0.8284628736309235,0.9803921568627451,0.0,0.41687642359522165,0.9827782965037867,0.4096971014335029
subway_ridership,Subway ridership,Subway,weekend_evening,Manhattan,First six months post-CP,2025-01-05,2025-06-30,51,49,1.0,28.545666462531848,233.4324914816982,74.3380173229078,47.02682054593116,0.7274909963985594,0.9795918367346939,,0.25380639413034883,0.1440839810981327,0.5481399055817029,0.7525043678497968,0.9795918367346939,0.0,0.40724509406788245,1.0,0.40724509406788245
taxi_trip_count,Taxi trips,Taxi,All temporal buckets,Manhattan,Second half of 2025,2025-07-01,2025-12-31,184,67,1.0,33.84212755509087,356.68510520345285,184.59102729488515,17.919076224379136,0.7530012978585334,0.9402985074626866,,0.30680871567940826,0.38364085194129305,0.1927065592240075,0.7802544500249337,0.9402985074626866,0.0,0.40688128621601516,1.0,0.40688128621601516
fhvhv_trip_count,FHVHV trips,FHVHV,weekend_evening,Brooklyn,Early 2026,2026-01-01,2026-03-31,26,61,0.9993694829760403,32.31810490693739,84.36666371388588,54.62634558424764,47.656653623457316,0.7501577287066246,0.9508196721311475,,0.29155763820827146,0.1012546161492648,0.5558307687389051,0.7771612181491769,0.9508196721311475,0.0,0.4064474853622428,0.9993694829760403,0.4061912133033763
subway_transfers,Subway transfers,Subway,weekend_midday,Queens,First six months post-CP,2025-01-05,2025-06-30,51,27,0.9048656499636892,42.86457019494195,182.42452717021874,118.51549278667818,41.02968396517447,0.7800963081861958,0.9259259259259259,,0.39709738156372254,0.2400724514949153,0.474909142664625,0.8097283770307958,0.9259259259259259,0.0,0.4484712668666103,0.9048656499636892,0.4058062443832945
subway_transfers,Subway transfers,Subway,weekday_evening,Manhattan,CP launch transition,2024-11-01,2025-04-30,129,52,0.9594514013118665,33.5143611959452,145.73842292088,116.12672747503215,27.209121534076182,0.7545059042883778,0.9615384615384616,22.180695482612936,0.3035287184025832,0.234882161058563,0.30614688135145474,0.7818911594983567,0.9615384615384616,0.28730813068403294,0.4228239933624513,0.9594514013118665,0.4056790729398832
subway_transfers,Subway transfers,Subway,weekday_midday,Citywide,Early 2026,2026-01-01,2026-03-31,62,153,1.0,46.29487195652449,150.95902645652433,100.70913715943061,15.817421760253069,0.883090870756905,0.9607843137254902,,0.43142482281182926,0.20138294237159876,0.16704335183768926,0.9217657662954369,0.9607843137254902,0.0,0.40438266683966795,1.0,0.40438266683966795
taxi_trip_count,Taxi trips,Taxi,weekday_pm_peak,Manhattan,Second half of 2025,2025-07-01,2025-12-31,132,67,0.9851876978742651,33.07740347525807,343.4121621621622,178.6473170112741,21.30928939710255,0.7419947205325376,0.9552238805970149,,0.2991560300715502,0.3707264050966938,0.23410429858627124,0.7682815054581038,0.9552238805970149,0.0,0.4100982808841548,0.9851876978742651,0.40402378124645416
subway_transfers,Subway transfers,Subway,weekday_overnight,Brooklyn,First six months post-CP,2025-01-05,2025-06-30,126,48,1.0,34.140097742611125,159.16784203102964,146.02883518727592,21.260162601626014,0.7845568783068783,0.9791666666666666,,0.3097905390922471,0.2998532249504324,0.23350441351379153,0.8145805810547705,0.9791666666666666,0.0,0.40372605058369804,1.0,0.40372605058369804
subway_transfers,Subway transfers,Subway,weekday_pm_peak,Queens,Early 2026,2026-01-01,2026-03-31,62,27,1.0,49.94912163408911,141.0969586690928,93.31036489157324,17.908580958156456,0.8709677419354839,0.8888888888888888,,0.46799333772132845,0.1853069483191955,0.19257840200394838,0.9085782380515214,0.8888888888888888,0.0,0.40361670962147134,1.0,0.40361670962147134
subway_transfers,Subway transfers,Subway,weekend_evening,Queens,CP launch transition,2024-11-01,2025-04-30,52,27,0.9088319088319088,36.52590335219852,160.7933417090447,131.92561671242137,32.58624049892808,0.7735109717868338,0.9259259259259259,13.60544217687075,0.3336655820432005,0.2692098630366641,0.37180663726822066,0.802564854227275,0.9259259259259259,0.1699057609685744,0.4383648064449916,0.9088319088319088,0.39839992380613193
taxi_trip_count,Taxi trips,Taxi,All temporal buckets,Manhattan,Early 2026,2026-01-01,2026-03-31,90,67,1.0,29.823915077411506,374.94513533284567,208.46710976169857,18.506923026707575,0.7134328358208956,0.8208955223880597,,0.2665979813659604,0.43551861568848527,0.1998847298781507,0.7372119138631773,0.8208955223880597,0.0,0.39484753548922613,1.0,0.39484753548922613
subway_transfers,Subway transfers,Subway,weekday_evening,Citywide,CP launch transition,2024-11-01,2025-04-30,129,156,0.9724209898628503,30.60145406477198,122.91021671826623,110.26830155089625,25.261976047904195,0.7297255863866319,0.9551282051282052,21.06318956870612,0.2743789072908025,0.22215301939785778,0.28237037609051774,0.7549351527581619,0.9551282051282052,0.27200854269683655,0.4028420592219569,0.9724209898628503,0.3917320739870043
subway_transfers,Subway transfers,Subway,weekday_pm_peak,Queens,Second half of 2025,2025-07-01,2025-12-31,132,27,1.0,44.84023623336098,140.13722126929676,105.43837653062283,15.09830929208228,0.8611111111111112,0.8888888888888888,,0.4168681086231464,0.21165859639246437,0.158262302088663,0.8978562042184252,0.8888888888888888,0.0,0.39150805076213063,1.0,0.39150805076213063
fhvhv_trip_count,FHVHV trips,FHVHV,weekend_evening,Citywide,Early 2026,2026-01-01,2026-03-31,26,259,0.990941490941491,28.8922672932071,80.73483577888022,54.87299195148794,47.35606278696838,0.7167690693840851,0.9652509652509652,,0.2572748702232686,0.10179052743146869,0.552160267661341,0.7408410656267982,0.9652509652509652,0.0,0.3949859158039054,0.990941490941491,0.3914079323076122
subway_transfers,Subway transfers,Subway,weekday_evening,Brooklyn,First six months post-CP,2025-01-05,2025-06-30,126,48,1.0,34.544979079497914,126.02032030308249,114.86384976823042,24.34782608695652,0.7584325396825397,0.9791666666666666,,0.31384223520251114,0.2321381903336286,0.27120773235890394,0.786162549823977,0.9791666666666666,0.0,0.3908855902359534,1.0,0.3908855902359534
subway_transfers,Subway transfers,Subway,weekday_overnight,Brooklyn,CP launch transition,2024-11-01,2025-04-30,129,48,1.0,29.5897314983294,109.37188434695912,128.27160502189088,20.276292335115865,0.7320736434108527,0.9166666666666666,16.669683324971366,0.26425447819599335,0.26127045524335035,0.22149041829161234,0.7574893670027982,0.9166666666666666,0.21185777793415295,0.3889424426188604,1.0,0.3889424426188604
subway_ridership,Subway ridership,Subway,weekend_evening,Brooklyn,Second half of 2025,2025-07-01,2025-12-31,52,48,0.9947916666666666,27.452748147025268,163.43205924831662,87.44151990309956,39.67644801322548,0.7060008054772453,0.9791666666666666,,0.24286942943391823,0.17255516819764002,0.45838483980215144,0.7291273581754292,0.9791666666666666,0.0,0.39067541628960495,0.9947916666666666,0.38864064849642993
subway_transfers,Subway transfers,Subway,All temporal buckets,Brooklyn,CP launch transition,2024-11-01,2025-04-30,181,48,1.0,37.80922506594425,79.42809888798281,46.49698329174334,17.941324726209324,0.8576197053406999,0.9791666666666666,20.36061857078277,0.34650793638776484,0.08359120185120902,0.19297823467125588,0.8940582562722716,0.9791666666666666,0.262389759774783,0.3870594157595921,1.0,0.3870594157595921
subway_ridership,Subway ridership,Subway,weekend_evening,Citywide,Second half of 2025,2025-07-01,2025-12-31,52,153,0.994343891402715,27.053388090349078,148.80087422884935,94.85084630365301,39.13223163859679,0.6959929212488939,0.9477124183006536,,0.23887298543708807,0.1886540941863576,0.4517394383227346,0.718240791030319,0.9477124183006536,0.0,0.38779336878316717,0.994343891402715,0.3855999673760226
subway_transfers,Subway transfers,Subway,weekday_midday,Bronx,Second half of 2025,2025-07-01,2025-12-31,132,27,0.9985970819304153,45.43649334412003,114.52560873215782,92.83683410086229,15.817421760253069,0.8426524304579939,0.8888888888888888,,0.4228349250611569,0.18427806435040922,0.16704335183768926,0.8777768685911175,0.8888888888888888,0.0,0.3846005906449281,0.9985970819304153,0.3840610275267394
taxi_avg_trip_speed,Taxi average speed,Taxi,weekday_pm_peak,Brooklyn,First six months post-CP,2025-01-05,2025-06-30,126,61,0.9264897215716887,39.01816540857838,100.0,94.68265542690352,28.574843966490285,0.8362589523943267,1.0,,0.3586059474283719,0.18828865037535672,0.3228236560608333,0.8708220491065233,1.0,0.0,0.4139813906576587,0.9264897215716887,0.38354950336627475
subway_ridership,Subway ridership,Subway,weekend_evening,Manhattan,CP launch transition,2024-11-01,2025-04-30,52,52,0.9619082840236687,25.41799683869125,109.6492118572114,61.35080880444434,45.96076234904169,0.7108804306036139,0.9423076923076923,11.201074671009,0.2225074289902253,0.11586547681909758,0.5351223172675195,0.734435409844401,0.9423076923076923,0.13698796451514536,0.3985871956152673,0.9619082840236687,0.3834043253680881
subway_transfers,Subway transfers,Subway,weekday_pm_peak,Brooklyn,Second half of 2025,2025-07-01,2025-12-31,132,48,1.0,42.24235703304182,136.3905197720601,89.15947596660394,15.917778396577472,0.8525883838383839,0.9375,,0.39087081980809685,0.17628792958822467,0.16826880217433984,0.8885851894267911,0.9375,0.0,0.38293768520756216,1.0,0.38293768520756216
fhvhv_trip_count,FHVHV trips,FHVHV,weekend_evening,Brooklyn,CP launch transition,2024-11-01,2025-04-30,52,61,1.0,24.950161018248735,59.10135907137708,42.575076525232824,43.5733076438549,0.7430643127364439,0.9344262295081968,8.671273960099098,0.2178257398106147,0.07506971374886451,0.5059692160939031,0.7694450068615999,0.9344262295081968,0.10235288287040924,0.38262108188522026,1.0,0.38262108188522026
subway_transfers,Subway transfers,Subway,weekend_midday,Citywide,CP launch transition,2024-11-01,2025-04-30,52,156,0.9718934911242604,28.139113744485776,124.29114028084344,102.84440031385593,32.46610382221612,0.7034500253678336,0.9358974358974359,11.851086761271773,0.24973797230831465,0.20602242531932813,0.370339653755094,0.7263526219474805,0.9358974358974359,0.14588717215597938,0.39265248563997734,0.9718934911242604,0.3816163950672561
subway_transfers,Subway transfers,Subway,weekend_midday,Brooklyn,First six months post-CP,2025-01-05,2025-06-30,51,48,0.9987745098039216,29.154727793696278,125.65760825968218,91.46054757783637,32.905536487091474,0.7173824130879346,0.9791666666666666,,0.25990134393802844,0.18128767984368688,0.3757055461049138,0.741508260336752,0.9791666666666666,0.0,0.3815862036866896,0.9987745098039216,0.3811185735351128
subway_transfers,Subway transfers,Subway,weekday_am_peak,Manhattan,First six months post-CP,2025-01-05,2025-06-30,126,49,1.0,40.089777066593896,133.93991705652803,81.17995084439184,18.26965792980897,0.8300939423388403,0.9795918367346939,,0.3693296938472126,0.1589500803124782,0.19698749653595343,0.8641157569084982,0.9795918367346939,0.0,0.3805775053644969,1.0,0.3805775053644969
subway_ridership,Subway ridership,Subway,weekend_evening,Brooklyn,Early 2026,2026-01-01,2026-03-31,26,48,0.9943910256410257,27.817904443034386,120.17391830071944,84.45245903050535,39.264683833451414,0.6809024979854955,0.9583333333333334,,0.24652359229446097,0.16606056029913102,0.45335680606959716,0.7018254426553128,0.9583333333333334,0.0,0.38259836947922465,0.9943910256410257,0.3804523850350303
subway_transfers,Subway transfers,Subway,weekday_midday,Citywide,Second half of 2025,2025-07-01,2025-12-31,132,153,0.9997524262230144,40.01077005923533,143.50639887711833,102.40287015896322,14.135602992682275,0.8561240156505374,0.9215686274509803,,0.3685390612464122,0.20506307207975785,0.14650673910943135,0.8924312464199721,0.9215686274509803,0.0,0.38029647779920206,0.9997524262230144,0.380202326363819
subway_transfers,Subway transfers,Subway,weekend_midday,Queens,CP launch transition,2024-11-01,2025-04-30,52,27,0.9209401709401709,32.55475198691575,136.86230270605594,107.00459700655229,35.90439767155864,0.7331786542923434,0.9259259259259259,9.436264992067109,0.2939257939272439,0.21506166789463477,0.41232450407989346,0.7586913968107917,0.9259259259259259,0.11282624811828809,0.4126944035011263,0.9209401709401709,0.3800668545063791
taxi_avg_trip_speed,Taxi average speed,Taxi,weekday_pm_peak,Brooklyn,CP launch transition,2024-11-01,2025-04-30,129,61,0.8776210446054137,35.547980786145715,100.0,103.10154852965064,33.71400079806704,0.7984361424847958,1.0,12.103182084361332,0.32387939360714635,0.20658115493527549,0.3855776671558071,0.829678431704319,1.0,0.14933856738241308,0.4329223223802987,0.8776210446054137,0.3799417408003994
subway_transfers,Subway transfers,Subway,All temporal buckets,Brooklyn,First six months post-CP,2025-01-05,2025-06-30,177,48,1.0,42.07504894579826,97.52699670360268,59.15279732440446,17.102862111618684,0.8912429378531074,0.9791666666666666,,0.38919654770775053,0.11108965480417456,0.18273980569484377,0.9306335772921743,0.9791666666666666,0.0,0.3796713876420553,1.0,0.3796713876420553
subway_ridership,Subway ridership,Subway,weekend_evening,Citywide,Early 2026,2026-01-01,2026-03-31,26,153,0.9969834087481146,26.412280857049872,107.23608091850716,81.03384097085973,40.772775682051176,0.6845688350983359,0.9411764705882353,,0.23245734844232357,0.15863261393118358,0.4717720472659303,0.7058136807528794,0.9411764705882353,0.0,0.38049373179620216,0.9969834087481146,0.37934593773346853
subway_transfers,Subway transfers,Subway,weekday_am_peak,Citywide,Second half of 2025,2025-07-01,2025-12-31,132,153,0.9998514557338086,40.70199706060345,136.95806638310398,92.41273153492105,16.34902840059791,0.8264249987619472,0.9411764705882353,,0.3754562527729159,0.18335657763871527,0.17353477642340803,0.8601246835017621,0.9411764705882353,0.0,0.37877369983303144,0.9998514557338086,0.37871743517173717
fhvhv_trip_count,FHVHV trips,FHVHV,weekend_evening,Queens,Early 2026,2026-01-01,2026-03-31,26,69,0.9827201783723523,27.761498280035667,77.35585008262116,48.939263068815606,45.91749344455064,0.6925694838343732,0.9855072463768116,,0.24595912905450498,0.08889776809613667,0.5345939626363054,0.7145167789984173,0.9855072463768116,0.0,0.38406330184964,0.9827201783723523,0.3774267564999528
fhvhv_trip_count,FHVHV trips,FHVHV,weekend_evening,Manhattan,First six months post-CP,2025-01-05,2025-06-30,51,67,0.9856599356160375,27.455537930433373,54.44921544134382,37.12844199192545,49.4821393040036,0.7354513064133017,0.8805970149253731,,0.2428973471311626,0.06323530917562845,0.5781216916285984,0.7611635856718698,0.8805970149253731,0.0,0.3822468743891771,0.9856599356160375,0.37676542959986786
fhvhv_trip_count,FHVHV trips,FHVHV,weekend_evening,Staten Island,Second half of 2025,2025-07-01,2025-12-31,52,20,0.9557692307692308,25.855981607685358,67.1331071441683,41.31669810563625,51.3912632967493,0.7313883299798792,0.95,,0.22689039511687728,0.07233551903969752,0.6014339181569502,0.7567438836906909,0.95,0.0,0.39226032496829355,0.9557692307692308,0.37491034905623444
taxi_trip_count,Taxi trips,Taxi,All temporal buckets,Manhattan,First six months post-CP,2025-01-05,2025-06-30,177,67,1.0,31.018301267010795,226.2714630079175,129.87993559284232,20.141498598343226,0.747955139556455,0.9253731343283582,,0.27855034725114264,0.26476502322799267,0.2198444580825389,0.7747652437224861,0.9253731343283582,0.0,0.37462231686494324,1.0,0.37462231686494324
subway_transfers,Subway transfers,Subway,weekday_evening,Brooklyn,CP launch transition,2024-11-01,2025-04-30,129,48,1.0,27.272727272727266,100.0,94.76541566463644,25.15170871925902,0.6946059431524548,0.9375,17.094281191981842,0.24106793894841455,0.18846847116742918,0.2810239067392235,0.7167320375484486,0.9375,0.21767087685798053,0.37456238024745026,1.0,0.37456238024745026
subway_ridership,Subway ridership,Subway,weekend_evening,Queens,Second half of 2025,2025-07-01,2025-12-31,52,27,0.9921652421652422,28.408584819629723,143.78893180619383,105.13233039736903,33.64269141531322,0.6999282124910265,0.8888888888888888,,0.25243460168467613,0.2109936217669683,0.3847069115156964,0.7225215971793024,0.8888888888888888,0.0,0.3774438365476009,0.9921652421652422,0.37448665549202853
taxi_trip_count,Taxi trips,Taxi,weekday_pm_peak,Manhattan,First six months post-CP,2025-01-05,2025-06-30,126,67,0.9851930822080076,32.14060708715904,272.0817120622568,124.91173625913962,23.48599462701261,0.7299507033786221,0.9253731343283582,,0.2897813962320269,0.2539701588845213,0.26068394747127205,0.7551800348124391,0.9253731343283582,0.0,0.3793999271164918,0.9851930822080076,0.37378218358539
subway_transfers,Subway transfers,Subway,weekday_pm_peak,Manhattan,First six months post-CP,2025-01-05,2025-06-30,126,49,1.0,36.647041850959724,183.89822741187473,96.83401462254612,14.688489565449622,0.8262066731454486,0.9795918367346939,,0.3348778295328181,0.1929631066745434,0.1532580119852698,0.8598871890994211,0.9795918367346939,0.0,0.372810207010636,1.0,0.372810207010636
subway_transfers,Subway transfers,Subway,weekday_midday,Brooklyn,Early 2026,2026-01-01,2026-03-31,62,48,1.0,38.52242744063325,130.32934063128124,92.23068630213587,15.250532102174265,0.8343413978494624,0.9375,,0.35364503811139053,0.18296103119214643,0.16012108792191995,0.8687361350580834,0.9375,0.0,0.3725539032634112,1.0,0.3725539032634112
subway_transfers,Subway transfers,Subway,weekday_am_peak,Manhattan,CP launch transition,2024-11-01,2025-04-30,129,52,0.9609421586165772,35.50135501355014,101.91124086932996,72.85453867497776,18.20456820178273,0.7904126590133416,0.9615384615384616,22.53142826832291,0.32341280390726995,0.14086069038751092,0.19619268881776317,0.8209504938548565,0.9615384615384616,0.2921099550396682,0.38764368687792583,0.9609421586165772,0.37250316124256255
taxi_trip_count,Taxi trips,Taxi,weekend_midday,Manhattan,Second half of 2025,2025-07-01,2025-12-31,52,67,0.985361653272101,29.564193168433455,328.57142857142856,170.6073595282041,16.60578553147007,0.7378386251092339,0.8656716417910447,,0.26399891306499057,0.35325724886371807,0.17667002610881635,0.7637605087264369,0.8656716417910447,0.0,0.3775793405387609,0.985361653272101,0.3720522032346631
taxi_trip_count,Taxi trips,Taxi,weekday_pm_peak,Manhattan,Early 2026,2026-01-01,2026-03-31,64,67,0.9855410447761194,27.58213334532264,365.5827702702703,179.62170941206566,20.41509627464554,0.6921438712730714,0.8059701492537313,,0.24416420263511865,0.37284355722311924,0.2231853469047558,0.7140537980505274,0.8059701492537313,0.0,0.37438588384670696,0.9855410447761194,0.3689726551157144
fhvhv_trip_count,FHVHV trips,FHVHV,weekend_evening,Manhattan,Second half of 2025,2025-07-01,2025-12-31,52,67,0.9862227324913893,27.27204173786869,58.766244016184444,39.88769384664222,44.63998813555132,0.7267171129220024,0.9104477611940298,,0.24106107871884383,0.06923058985188517,0.5189944032217634,0.7516625381245724,0.9104477611940298,0.0,0.37311290068918157,0.9862227324913893,0.367972424445473
fhvhv_trip_count,FHVHV trips,FHVHV,weekend_evening,Staten Island,CP launch transition,2024-11-01,2025-04-30,52,20,0.9423076923076923,24.965591739985676,62.560348583776324,37.18196508106553,49.53528224857766,0.7336734693877551,0.95,5.607690547035935,0.2179801568941999,0.0633516037217412,0.5787706177156422,0.7592296562108509,0.95,0.06040987084605969,0.3901134913686374,0.9423076923076923,0.3676069437896775
subway_transfers,Subway transfers,Subway,weekend_midday,Manhattan,CP launch transition,2024-11-01,2025-04-30,52,52,0.9600591715976331,29.155944038363934,126.60017018230688,100.89236800486088,27.729636048526864,0.7041602465331279,0.9423076923076923,11.210762331838563,0.2599135150443258,0.2017810649079756,0.3125028604907236,0.7271251998697901,0.9423076923076923,0.13712059667163556,0.38194015021240507,0.9600591715976331,0.3666851442127972
subway_transfers,Subway transfers,Subway,weekday_evening,Queens,First six months post-CP,2025-01-05,2025-06-30,126,27,0.9029982363315696,41.953004338555736,180.92540132200187,105.01981154772649,21.190600863987427,0.8229166666666666,1.0,,0.38797523268185813,0.2107491416975526,0.23265499828895625,0.8563083231151762,1.0,0.0,0.4052595800858274,0.9029982363315696,0.3659486860739746
taxi_trip_count,Taxi trips,Taxi,weekday_am_peak,Manhattan,First six months post-CP,2025-01-05,2025-06-30,126,66,1.0,30.968976559919298,218.7939812077333,125.04858903806688,18.569665407366156,0.7538480038480039,0.8939393939393939,,0.2780567489899849,0.2542675115236405,0.2006508742440477,0.7811754960118988,0.8939393939393939,0.0,0.3658786663234409,1.0,0.3658786663234409
subway_transfers,Subway transfers,Subway,weekday_am_peak,Bronx,Second half of 2025,2025-07-01,2025-12-31,132,27,0.9991582491582491,43.63806175145589,104.5025840783965,81.73925717331537,14.42784484441028,0.8312271833754563,0.8518518518518519,,0.40483780436252886,0.16016533669444682,0.15007529111256768,0.8653484954529514,0.8518518518518519,0.0,0.3660114127717589,0.9991582491582491,0.36570332235696784
subway_transfers,Subway transfers,Subway,weekday_midday,Queens,Early 2026,2026-01-01,2026-03-31,62,27,1.0,42.998823971953705,127.16346153846152,78.70130154016421,13.74579001317909,0.8339307048984468,0.8888888888888888,,0.39844087521618227,0.1535644906456812,0.14174675048826246,0.8682893836483712,0.8888888888888888,0.0,0.3655609442384538,1.0,0.3655609442384538
taxi_avg_trip_speed,Taxi average speed,Taxi,weekday_pm_peak,Bronx,First six months post-CP,2025-01-05,2025-06-30,126,43,0.7535991140642303,39.999189365250324,100.0,138.31899260626147,49.878120245364855,0.7940240019593436,1.0,,0.3684231718524135,0.28310133977404933,0.5829569969524014,0.8248789093489423,1.0,0.0,0.4847832051068166,0.7535991140642303,0.36533219388171506
subway_transfers,Subway transfers,Subway,weekend_midday,Brooklyn,CP launch transition,2024-11-01,2025-04-30,52,48,0.9987980769230769,24.282198523379822,100.25216639892842,79.14516324205536,30.446293494704996,0.6658644203770557,0.9166666666666666,13.515311179508583,0.21114135899160094,0.15452890985218803,0.3456758414107085,0.6854670358350308,0.9166666666666666,0.16867179244334723,0.36134956882976493,0.9987980769230769,0.36091525444415223
fhvhv_trip_count,FHVHV trips,FHVHV,weekend_evening,Citywide,CP launch transition,2024-11-01,2025-04-30,52,261,0.9827586206896551,23.63319029880266,59.283357455131785,43.20655074177828,42.36082097346982,0.7144249512670565,0.9042145593869731,6.753306342321459,0.20464665582926678,0.07644177594809348,0.491163596327964,0.7382911361217377,0.9042145593869731,0.07609430655362268,0.3670470514307898,0.9827586206896551,0.3607186539923279
subway_ridership,Subway ridership,Subway,All temporal buckets,Queens,First six months post-CP,2025-01-05,2025-06-30,177,27,1.0,31.99363761089846,100.0,101.60367963737657,9.705834544551767,0.8777987026574597,0.9629629629629629,,0.2883106550517313,0.2033265972151943,0.09241503740573816,0.9160089507644771,0.9629629629629629,0.0,0.3606744267062604,1.0,0.3606744267062604
taxi_avg_trip_duration,Taxi average trip duration,Taxi,weekday_overnight,Bronx,Early 2026,2026-01-01,2026-03-31,64,42,0.8154761904761905,34.72904423396996,132.70504854010582,127.29464448345263,42.58380222676547,0.7568430656934306,0.9761904761904762,,0.31568419728489305,0.2591477230876931,0.4938864103034607,0.7844335214986073,0.9761904761904762,0.0,0.4419851281334327,0.8154761904761905,0.36042834853738265
subway_ridership,Subway ridership,Subway,All temporal buckets,Bronx,Early 2026,2026-01-01,2026-03-31,90,27,1.0,37.59379403824069,75.37998433915442,35.99293582886678,14.27651616594654,0.9267489711934156,1.0,,0.34435209224911345,0.060768090336754135,0.1482274234800892,0.9692570072995635,1.0,0.0,0.3590964768249636,1.0,0.3590964768249636
fhvhv_trip_count,FHVHV trips,FHVHV,weekend_evening,Brooklyn,First six months post-CP,2025-01-05,2025-06-30,51,61,1.0,23.05183037332366,58.75837747859839,41.04950266864921,42.17731141011538,0.7206685953069752,0.9180327868852459,,0.19882891731151106,0.0717549589007548,0.4889227693689539,0.7450829662948111,0.9180327868852459,0.0,0.359054800694028,1.0,0.359054800694028
fhvhv_trip_count,FHVHV trips,FHVHV,weekend_evening,Staten Island,First six months post-CP,2025-01-05,2025-06-30,51,20,0.9509803921568627,24.586829392321388,69.01389633745377,37.943918760604156,49.448324377372,0.7268041237113402,0.9,,0.2141898366424788,0.06500717066947441,0.5777087790924452,0.751757188380197,0.9,0.0,0.377395094071383,0.9509803921568627,0.35889533455807987
taxi_avg_trip_speed,Taxi average speed,Taxi,weekday_pm_peak,Brooklyn,Second half of 2025,2025-07-01,2025-12-31,132,61,0.9376552409339295,32.676709029860845,99.61737571223719,84.83552788287956,26.867139566050696,0.7732450331125827,1.0,,0.2951462326867072,0.16689288928149235,0.30197095504309807,0.8022755663850439,1.0,0.0,0.3814879948240907,0.9376552409339295,0.3577042177001844
subway_transfers,Subway transfers,Subway,weekday_evening,Queens,CP launch transition,2024-11-01,2025-04-30,129,27,0.918748205569911,30.922693266832923,117.31890622197707,92.79765361488668,21.668472372697725,0.7515625,1.0,17.96714579055442,0.277593586523643,0.18419293329937653,0.23849026561828138,0.7786893270541071,1.0,0.22962112120172867,0.38903051493151797,0.918748205569911,0.3574210875052706
subway_transfers,Subway transfers,Subway,weekday_overnight,Bronx,First six months post-CP,2025-01-05,2025-06-30,126,27,0.9997060552616108,32.971506105834465,104.8780487804878,117.20410660068106,16.879358955334617,0.7538959129667745,0.8518518518518519,,0.298096302391633,0.23722308192882124,0.18001061878561517,0.7812276115066886,0.8518518518518519,0.0,0.3572964816288434,0.9997060552616108,0.35719145620802367
subway_transfers,Subway transfers,Subway,weekday_pm_peak,Bronx,First six months post-CP,2025-01-05,2025-06-30,126,27,0.9991181657848325,36.247723132969035,118.75000000000003,83.49250663867738,17.0700481619216,0.7772874374816122,0.9259259259259259,,0.330881799217173,0.16397478331033805,0.18233911604266032,0.8066728900937311,0.9259259259259259,0.0,0.3572314049862035,0.9991181657848325,0.35691638611055426
fhvhv_trip_count,FHVHV trips,FHVHV,weekend_evening,Brooklyn,Second half of 2025,2025-07-01,2025-12-31,52,61,1.0,23.877503010621524,65.29067510087623,45.28404222058733,40.9129814550642,0.7115384615384616,0.9016393442622951,,0.20709152244568324,0.08095573305451008,0.4734840936041891,0.7351512152826258,0.9016393442622951,0.0,0.35679067319222535,1.0,0.35679067319222535
subway_ridership,Subway ridership,Subway,weekend_evening,Citywide,First six months post-CP,2025-01-05,2025-06-30,51,153,0.9791105984877612,25.743771955639357,121.43145161290302,78.08402176999006,35.86128382520361,0.6918848167539267,0.9150326797385621,,0.22576749966749776,0.15222327002762018,0.41179804285654903,0.7137719987858112,0.9150326797385621,0.0,0.3641379938034423,0.9791105984877612,0.3565313690450211
subway_transfers,Subway transfers,Subway,weekday_midday,Brooklyn,Second half of 2025,2025-07-01,2025-12-31,132,48,1.0,35.66898584829974,118.94739949229587,87.91573782185735,13.726204064388659,0.8314393939393939,0.8958333333333334,,0.325090305780628,0.17358554515282923,0.14150758735548002,0.8655793379068102,0.8958333333333334,0.0,0.35613619893478377,1.0,0.35613619893478377
subway_transfers,Subway transfers,Subway,weekday_am_peak,Queens,Second half of 2025,2025-07-01,2025-12-31,132,27,1.0,35.527589545014514,134.27378377314346,95.8557909506962,14.514763524338747,0.7951739618406285,0.8888888888888888,,0.3236753360108886,0.19083762999256768,0.1511366511728556,0.8261298346370589,0.8888888888888888,0.0,0.35548016901933854,1.0,0.35548016901933854
subway_transfers,Subway transfers,Subway,weekday_overnight,Bronx,CP launch transition,2024-11-01,2025-04-30,129,27,1.0,27.034755829300476,100.0,110.78922476900607,16.985069315259075,0.6976744186046512,0.8518518518518519,16.633120876663313,0.23868653016553487,0.22328487725925905,0.18130144319844357,0.7200699222882444,0.8518518518518519,0.21135720752288706,0.354150208268321,1.0,0.354150208268321
subway_ridership,Subway ridership,Subway,All temporal buckets,Queens,CP launch transition,2024-11-01,2025-04-30,181,27,1.0,30.994925806588686,100.0,79.24159090573876,11.335393152432939,0.84243912420708,0.9629629629629629,7.739450376746031,0.2783164262144356,0.15473842711961305,0.11231350369315639,0.877544834249986,0.9629629629629629,0.0895954408518575,0.3536981582804016,1.0,0.3536981582804016
fhvhv_trip_count,FHVHV trips,FHVHV,weekend_evening,Queens,Second half of 2025,2025-07-01,2025-12-31,52,69,0.9871794871794872,22.17560430620828,70.8450704225352,46.15601639599562,41.97227519436703,0.6883116883116883,0.9420289855072463,,0.1900604179404568,0.08285035166827807,0.48641908143343787,0.7098851529933375,0.9420289855072463,0.0,0.35669415929157366,0.9871794871794872,0.35212115724937404
subway_ridership,Subway ridership,Subway,weekend_evening,Queens,Early 2026,2026-01-01,2026-03-31,26,27,0.9985754985754985,24.879720622105427,96.35979155652896,87.5309069593309,31.387609139932337,0.6790299572039943,0.8888888888888888,,0.21712083431594847,0.17274938768870068,0.35717020408154865,0.6997884945367465,0.8888888888888888,0.0,0.3519027176710755,0.9985754985754985,0.3514014317484671
fhvhv_trip_count,FHVHV trips,FHVHV,weekend_evening,Citywide,Second half of 2025,2025-07-01,2025-12-31,52,261,0.986221632773357,22.7875608842263,63.84696557539879,52.16870317561087,41.23902330579125,0.6915203586103847,0.9042145593869731,,0.1961843408307318,0.09591467009959133,0.47746537586283416,0.7133755415566186,0.9042145593869731,0.0,0.35613639803580116,0.986221632773357,0.35122941996088997
taxi_trip_count,Taxi trips,Taxi,weekday_am_peak,Manhattan,CP launch transition,2024-11-01,2025-04-30,129,66,1.0,29.091134442694134,135.07462686567163,86.02211507180004,17.448405253283305,0.7365515621329575,0.9090909090909091,11.089870280522192,0.2592649576455032,0.16947109657064136,0.18695921733306783,0.7623604428192469,0.9090909090909091,0.13546548366234396,0.3504223148365868,1.0,0.3504223148365868
subway_transfers,Subway transfers,Subway,weekday_midday,Queens,Second half of 2025,2025-07-01,2025-12-31,132,27,1.0,35.15423216023988,133.96859351451215,93.2803543878646,11.640475596574376,0.835016835016835,0.8518518518518519,,0.31993910387121666,0.18524174173333727,0.11603885158814552,0.8694708749798419,0.8518518518518519,0.0,0.34911184295736825,1.0,0.34911184295736825
subway_transfers,Subway transfers,Subway,weekday_am_peak,Brooklyn,Second half of 2025,2025-07-01,2025-12-31,132,48,1.0,34.60922118950597,141.18686122372463,69.23953647257079,15.70046503282145,0.7941919191919192,0.9583333333333334,,0.3144851137042377,0.13300604210244502,0.16561519854106693,0.8250615695581875,0.9583333333333334,0.0,0.34886414174173364,1.0,0.34886414174173364
subway_ridership,Subway ridership,Subway,All temporal buckets,Bronx,CP launch transition,2024-11-01,2025-04-30,181,27,1.0,33.02206988330417,60.396170663375536,24.74138921385791,14.055686718851256,0.8811131573562513,1.0,10.263782101101032,0.29860230017871187,0.03632081855775641,0.14553088511255652,0.9196144114996843,1.0,0.12415564750939559,0.34826456817358503,1.0,0.34826456817358503
taxi_avg_trip_speed,Taxi average speed,Taxi,weekday_pm_peak,Brooklyn,Early 2026,2026-01-01,2026-03-31,64,61,0.9500512295081968,31.439395211928034,90.40404197719765,84.92534650435726,23.58690193445131,0.7444055001348072,1.0,,0.28276428487493094,0.16708804647411785,0.2619161220279355,0.7709039492647398,1.0,0.0,0.3663436853888137,0.9500512295081968,0.34804526872620645
fhvhv_trip_count,FHVHV trips,FHVHV,weekend_evening,Queens,CP launch transition,2024-11-01,2025-04-30,52,69,0.9802118171683389,21.93890431709164,63.9073257423278,38.75040255742557,39.96194100856327,0.6909297696900768,0.9130434782608695,6.361708573159648,0.18769173275339024,0.06675949230496858,0.4618709818258554,0.7127330994790138,0.9130434782608695,0.07073300649218912,0.35189002938924924,0.9802118171683389,0.3449267651510562
taxi_avg_trip_duration,Taxi average trip duration,Taxi,weekday_midday,Bronx,CP launch transition,2024-11-01,2025-04-30,129,42,0.8449612403100775,27.143053415452385,82.34794423386465,88.8098215723647,31.716280581387263,0.7136304062909568,1.0,25.12213656583073,0.2397702771021969,0.17552820327706273,0.36118359615336354,0.737426830836549,1.0,0.3275789123432676,0.4074447413301869,0.8449612403100775,0.34427501399217336
subway_transfers,Subway transfers,Subway,weekday_pm_peak,Bronx,CP launch transition,2024-11-01,2025-04-30,129,27,1.0,26.51408899655744,116.9671792963122,70.59112745263653,17.062073448163794,0.6767154751650876,0.8518518518518519,28.066528066528065,0.23347615470790203,0.1359427683281207,0.18224173717448455,0.6972708031298726,0.8518518518518519,0.3678900876785137,0.34369408488102493,1.0,0.34369408488102493
subway_transfers,Subway transfers,Subway,weekday_midday,Manhattan,First six months post-CP,2025-01-05,2025-06-30,126,49,1.0,30.88459936119982,139.17836602956606,84.38767385120556,12.48596472371944,0.779073534175575,0.9795918367346939,,0.277212376239995,0.16591979557230846,0.12636308099082408,0.8086158044143626,0.9795918367346939,0.0,0.3414465946748647,1.0,0.3414465946748647
subway_transfers,Subway transfers,Subway,weekday_pm_peak,Manhattan,CP launch transition,2024-11-01,2025-04-30,129,52,0.9540846750149076,27.79183802594116,127.54518627812617,79.02103445021058,15.448262829684424,0.73578125,0.9615384615384616,20.84850089350718,0.24626274253152247,0.15425920379188696,0.16253556887174195,0.7615224979982649,0.9615384615384616,0.269069275678036,0.35761361165001415,0.9540846750149076,0.3411936664520111
subway_ridership,Subway ridership,Subway,weekend_evening,Brooklyn,First six months post-CP,2025-01-05,2025-06-30,51,48,0.9959150326797386,24.39940277889704,101.56478136294663,65.5580159330413,34.70788834311237,0.6710418375717802,0.8541666666666666,,0.2123142360371001,0.12500686329890337,0.3977139829120622,0.6910990254386816,0.8541666666666666,0.0,0.3423388800970273,0.9959150326797386,0.34094043695937604
taxi_avg_trip_duration,Taxi average trip duration,Taxi,weekday_overnight,Bronx,Second half of 2025,2025-07-01,2025-12-31,132,42,0.7875180375180375,35.39180895606273,112.43710916466793,116.20960757189656,38.313876755853165,0.7755382501145213,1.0,,0.3223165633681794,0.2350622422796114,0.44174654394835466,0.8047701257045041,1.0,0.0,0.4322937008888853,0.7875180375180375,0.34043908695542446
taxi_trip_count,Taxi trips,Taxi,All temporal buckets,Manhattan,CP launch transition,2024-11-01,2025-04-30,181,67,1.0,26.39610424823487,141.95318215069497,76.9264303831311,18.338236687716925,0.7078420054424013,0.9104477611940298,12.828217764455946,0.23229546717726707,0.14970806458859037,0.19782490863985977,0.7311302137831571,0.9104477611940298,0.15926491053945635,0.3400918905513951,1.0,0.3400918905513951
taxi_avg_trip_duration,Taxi average trip duration,Taxi,weekend_midday,Bronx,CP launch transition,2024-11-01,2025-04-30,52,43,0.8228980322003577,28.858118396439316,83.59801656556522,82.11758375502487,30.620095734804003,0.7418478260869565,0.9534883720930233,30.9858121224145,0.2569331381166032,0.16098736170849545,0.34779813268551246,0.7681217138169766,0.9534883720930233,0.4078575211541082,0.41254594098480657,0.8228980322003577,0.33948324302864225
subway_ridership,Subway ridership,Subway,All temporal buckets,Manhattan,Early 2026,2026-01-01,2026-03-31,90,52,1.0,30.690370305526468,213.6855324625901,72.25767370034393,13.576446835174101,0.8134615384615385,0.9423076923076923,,0.275268702778968,0.13956382687625166,0.1396789086185442,0.846023043457449,0.9423076923076923,0.0,0.3390147047479519,1.0,0.3390147047479519
fhvhv_trip_count,FHVHV trips,FHVHV,weekend_evening,Queens,First six months post-CP,2025-01-05,2025-06-30,51,69,0.9812446717817562,21.916010498687665,68.93627016464453,43.56684698597827,40.10576923059069,0.6927309585867362,0.8840579710144928,,0.18746263156613938,0.07722462478695089,0.46362726172481106,0.714692431083686,0.8840579710144928,0.0,0.34513379661893,0.9812446717817562,0.33866069898413337
fhvhv_trip_count,FHVHV trips,FHVHV,weekend_evening,Citywide,First six months post-CP,2025-01-05,2025-06-30,51,261,0.9838479453083916,22.45693262616077,58.775739460555506,44.665261611562016,41.02998282276513,0.6889890042761149,0.8390804597701149,,0.1928757041880849,0.07961125142562572,0.47491279200111625,0.7106219366687818,0.8390804597701149,0.0,0.3439618485715754,0.9838479453083916,0.3384061579816206
subway_ridership,Subway ridership,Subway,All temporal buckets,Bronx,First six months post-CP,2025-01-05,2025-06-30,177,27,1.0,33.678754714246104,62.46029673683546,25.5421527764485,12.122954892774391,0.9133709981167608,1.0,,0.3051738240618709,0.0380607113134116,0.12193038440162095,0.9547044606432091,1.0,0.0,0.3381416886175327,1.0,0.3381416886175327
subway_ridership,Subway ridership,Subway,All temporal buckets,Bronx,Second half of 2025,2025-07-01,2025-12-31,184,27,1.0,33.53267026330552,66.7938657634829,27.56817070599204,13.141455672318003,0.892512077294686,1.0,,0.3037119394361255,0.04246282709779651,0.13436725124853316,0.932014145995009,1.0,0.0,0.3380336668106322,1.0,0.3380336668106322
subway_transfers,Subway transfers,Subway,weekday_pm_peak,Citywide,First six months post-CP,2025-01-05,2025-06-30,126,153,0.9837638759207387,31.2900274473925,126.5261853011183,87.64489493586672,14.026806786302714,0.7708410229369892,0.934640522875817,,0.2812695437361546,0.17299705986544764,0.14517823356543158,0.7996604863544431,0.934640522875817,0.0,0.34195194566742726,0.9837638759207387,0.3363999714484261
taxi_trip_count,Taxi trips,Taxi,weekday_pm_peak,Manhattan,CP launch transition,2024-11-01,2025-04-30,129,67,0.9851903274326044,26.698712242596883,157.97763557153786,75.01035909613367,21.963812699744494,0.6911332941867293,0.9104477611940298,9.661806147437307,0.23532370167955094,0.14554484000232104,0.24209665296307073,0.7129544932369677,0.9104477611940298,0.1159140946418529,0.341449640498238,0.9851903274326044,0.3363928831242042
subway_transfers,Subway transfers,Subway,weekday_am_peak,Citywide,CP launch transition,2024-11-01,2025-04-30,129,156,0.9732160604253628,28.465452009865317,100.0,67.84161285396337,15.08187302499282,0.742966556037784,0.9294871794871795,17.22860839724717,0.25300367847949917,0.12996864468502795,0.15806159957634533,0.7693386672158206,0.9294871794871795,0.21950992833006294,0.3450057276465232,0.9732160604253628,0.335765115084335
taxi_avg_trip_duration,Taxi average trip duration,Taxi,weekday_pm_peak,Bronx,Early 2026,2026-01-01,2026-03-31,64,43,0.840843023255814,29.71935174123967,95.40663451018249,103.04526383794044,36.49439509209658,0.7277441659464131,0.9767441860465116,,0.26555160351683244,0.20645886000087058,0.4195289358354981,0.752779765448222,0.9767441860465116,0.0,0.39922220629256816,0.840843023255814,0.3356832068898992
subway_ridership,Subway ridership,Subway,All temporal buckets,Citywide,Early 2026,2026-01-01,2026-03-31,90,156,1.0,32.73779981338099,100.0,43.345610650472466,13.938042908316536,0.8479344729344729,0.9551282051282052,,0.2957575754862168,0.07674392422136951,0.14409434187531,0.8835226694788427,0.9551282051282052,0.0,0.33519758546229467,1.0,0.33519758546229467
taxi_avg_trip_duration,Taxi average trip duration,Taxi,weekday_pm_peak,Bronx,Second half of 2025,2025-07-01,2025-12-31,132,43,0.795630725863284,33.277849774837684,103.84382071246299,101.92945839414806,38.14085428004087,0.7725863596102746,1.0,,0.30116192023820576,0.20403444672949952,0.4396337743399064,0.8015590619625339,1.0,0.0,0.4194016098923774,0.795630725863284,0.3336888073069021
subway_ridership,Subway ridership,Subway,All temporal buckets,Manhattan,Second half of 2025,2025-07-01,2025-12-31,184,52,1.0,29.183795580317728,228.79474771619556,73.1906142423027,12.652739189356987,0.7819816053511706,0.9807692307692307,,0.26019222876589854,0.14159091273060764,0.12839955643027198,0.811779201531427,0.9807692307692307,0.0,0.33295988852852315,1.0,0.33295988852852315
taxi_avg_trip_speed,Taxi average speed,Taxi,weekday_pm_peak,Bronx,CP launch transition,2024-11-01,2025-04-30,129,43,0.655669731386335,38.88818889459025,100.0,142.65127303710167,54.02472729234046,0.7847126752818256,1.0,11.26151193790362,0.35730525686011616,0.29251448453890355,0.6335910276232589,0.8147500568590536,1.0,0.13781540110501295,0.5073019266707601,0.655669731386335,0.3326225179919875
subway_ridership,Subway ridership,Subway,weekend_overnight,Manhattan,Second half of 2025,2025-07-01,2025-12-31,52,49,1.0,26.63074001134487,390.2044648445651,85.69324133187263,17.356806347632038,0.7244897959183674,0.9387755102040817,,0.23464349540704801,0.16875652230133548,0.1858407072486493,0.7492396647619065,0.9387755102040817,0.0,0.33254947184116745,1.0,0.33254947184116745
subway_ridership,Subway ridership,Subway,weekend_evening,Bronx,First six months post-CP,2025-01-05,2025-06-30,51,27,0.9912854030501089,25.54245914813823,87.33879162753499,61.94467344300083,25.80422104686386,0.6923076923076923,0.9629629629629629,,0.22375293825212006,0.11715582122378235,0.2889917051910092,0.7142320024194517,0.9629629629629629,0.0,0.3352689806537855,0.9912854030501089,0.33234724661758697
subway_transfers,Subway transfers,Subway,weekday_midday,Bronx,First six months post-CP,2025-01-05,2025-06-30,126,27,1.0,32.995023412027166,101.95544157717585,70.83471031240911,13.892196554735253,0.7666078777189889,0.8888888888888888,,0.298331642895983,0.13647202324545113,0.14353451413009968,0.7950556749278472,0.8888888888888888,0.0,0.3306384773446453,1.0,0.3306384773446453
subway_transfers,Subway transfers,Subway,weekday_am_peak,Citywide,First six months post-CP,2025-01-05,2025-06-30,126,153,0.9834007677144933,31.19471036895831,112.03197717304525,73.49210609065315,14.409881061299178,0.7728135879312164,0.9411764705882353,,0.28031569429744474,0.14224599184177125,0.1498559361713572,0.8018062407184788,0.9411764705882353,0.0,0.3359844072207986,0.9834007677144933,0.3304073240010323
subway_transfers,Subway transfers,Subway,weekday_overnight,Queens,First six months post-CP,2025-01-05,2025-06-30,126,27,0.9044679600235156,31.3081312039184,197.13218045566916,117.935020390764,16.047663751836726,0.7855053623659408,0.9259259259259259,,0.28145071019954643,0.2388112056494606,0.1698548263592669,0.8156123411310712,0.9259259259259259,0.0,0.3648983524863811,0.9044679600235156,0.3300388684892988
subway_ridership,Subway ridership,Subway,All temporal buckets,Brooklyn,Early 2026,2026-01-01,2026-03-31,90,48,1.0,32.96872686048786,100.01379394105771,37.943957646915344,13.61950383170674,0.84375,0.9375,,0.2980684901500343,0.06500725516134478,0.14020467565128455,0.8789708037169484,0.9375,0.0,0.32950206750814226,1.0,0.32950206750814226
taxi_avg_trip_speed,Taxi average speed,Taxi,weekend_midday,Bronx,CP launch transition,2024-11-01,2025-04-30,52,43,0.8228980322003577,27.699909644944533,89.78905161022497,84.02929879369455,32.549311070442485,0.7206521739130435,1.0,18.27148244073455,0.24534280419459917,0.16514112107274245,0.37135569369111937,0.7450651031177823,1.0,0.23378774376650896,0.39976351968964763,0.8228980322003577,0.3289646136981
subway_ridership,Subway ridership,Subway,weekend_overnight,Queens,Second half of 2025,2025-07-01,2025-12-31,52,27,0.9964387464387464,26.41558176280106,105.6927728540893,81.63347421744268,23.65877754391993,0.7012151536812009,0.8148148148148148,,0.23249038100217254,0.15993549232190915,0.2627937918367917,0.7239215306076839,0.8148148148148148,0.0,0.32911041872090424,0.9964387464387464,0.32793837307018875
taxi_avg_trip_speed,Taxi average speed,Taxi,weekday_pm_peak,Bronx,Early 2026,2026-01-01,2026-03-31,64,43,0.840843023255814,28.372549665104966,100.0,97.71590786080269,34.88373690889879,0.719533275713051,0.9767441860465116,,0.25207399357034965,0.19487927734986718,0.39986126177706827,0.7438479666976534,0.9767441860465116,0.0,0.38835848401624956,0.840843023255814,0.32654852180726796
subway_ridership,Subway ridership,Subway,All temporal buckets,Queens,Early 2026,2026-01-01,2026-03-31,90,27,1.0,31.03057211587801,75.01661292517606,31.00820406738541,14.528000764275397,0.8378600823045268,0.9629629629629629,,0.27867314310784286,0.049937304464545314,0.15129829050963306,0.872563756732003,0.9629629629629629,0.0,0.32565947264572825,1.0,0.32565947264572825
subway_ridership,Subway ridership,Subway,weekend_overnight,Citywide,Second half of 2025,2025-07-01,2025-12-31,52,153,0.9944695827048768,25.238956342030484,131.81818133825826,83.95450121891491,21.551258507075723,0.6916076845298281,0.8758169934640523,,0.22071574926134954,0.16497860149195803,0.2370589724188732,0.7134705346104787,0.8758169934640523,0.0,0.3274018742470111,0.9944695827048768,0.3255912052592197
subway_ridership,Subway ridership,Subway,All temporal buckets,Manhattan,First six months post-CP,2025-01-05,2025-06-30,177,52,1.0,27.83533200058642,216.61854177056514,69.43734022297019,12.534476395655235,0.7899826162538027,0.9423076923076923,,0.24669799195360043,0.1334358285318474,0.12695545481763346,0.8204826937414493,0.9423076923076923,0.0,0.32539281977919526,1.0,0.32539281977919526
subway_ridership,Subway ridership,Subway,weekend_overnight,Brooklyn,Second half of 2025,2025-07-01,2025-12-31,52,48,0.9959935897435898,25.03648198652256,174.4777285664891,85.1392828571856,20.74977764922536,0.6810136765888978,0.8958333333333334,,0.21868956409572143,0.16755288569489,0.22727212599750815,0.7019463826365737,0.8958333333333334,0.0,0.3259558501711878,0.9959935897435898,0.32464993730992503
subway_ridership,Subway ridership,Subway,weekend_midday,Bronx,Early 2026,2026-01-01,2026-03-31,26,27,0.9971509971509972,22.862571008994415,99.30481295697473,55.44377767173356,31.305855226618647,0.65,0.8888888888888888,,0.19693497614795905,0.10303072614439955,0.35617191075225735,0.6682097341204685,0.8888888888888888,0.0,0.32549940792310234,0.9971509971509972,0.3245720591825807
subway_ridership,Subway ridership,Subway,All temporal buckets,Citywide,CP launch transition,2024-11-01,2025-04-30,181,156,1.0,29.081210002745767,99.97254908112251,40.20275417055768,13.108524808277952,0.8060985975350616,0.9230769230769231,8.573118827029791,0.2591656425843435,0.0699151504397839,0.13396513396060786,0.8380136431733719,0.9230769230769231,0.10100905723503631,0.324215587426138,1.0,0.324215587426138
subway_ridership,Subway ridership,Subway,All temporal buckets,Queens,Second half of 2025,2025-07-01,2025-12-31,184,27,1.0,28.847978470151503,84.29987034608618,37.83507040002001,12.916570917139367,0.8339371980676329,1.0,,0.25683166665779356,0.06477066580974701,0.13162119369783554,0.868296446911766,1.0,0.0,0.32412770556032744,1.0,0.32412770556032744
taxi_avg_trip_duration,Taxi average trip duration,Taxi,weekend_midday,Bronx,Early 2026,2026-01-01,2026-03-31,26,42,0.913003663003663,23.469071135604853,86.63576696182109,85.66563092310813,33.79201429969905,0.6609829488465396,0.9285714285714286,,0.20300429567440914,0.16869653062284976,0.38653028648761895,0.6801569756493464,0.9285714285714286,0.0,0.35496173829266287,0.913003663003663,0.32408136728734876
subway_ridership,Subway ridership,Subway,weekend_evening,Citywide,CP launch transition,2024-11-01,2025-04-30,52,156,0.9690581854043393,21.622020587714296,94.22406277244988,68.09341391262163,32.622526668504655,0.6447016918967052,0.7756410256410257,10.59657572230077,0.18452063925820356,0.13051575604010568,0.3722497260399451,0.6624462394990384,0.7756410256410257,0.1287118697412071,0.33378523753273515,0.9690581854043393,0.3234573165982287
subway_ridership,Subway ridership,Subway,All temporal buckets,Manhattan,CP launch transition,2024-11-01,2025-04-30,181,52,1.0,26.924912928275297,100.0,63.04278083111749,14.107315378421331,0.7656183595410114,0.9038461538461539,6.445909572212546,0.23758731907755062,0.11954178029931094,0.14616132033406448,0.7939792779751984,0.9038461538461539,0.07188578839480649,0.3233052588775266,1.0,0.3233052588775266
fhvhv_trip_count,FHVHV trips,FHVHV,weekday_midday,Staten Island,Early 2026,2026-01-01,2026-03-31,64,20,0.96640625,34.177509293680295,76.88217941051894,30.867436008564553,13.797634691195789,0.8383185125303153,1.0,,0.3101649209719144,0.049631444736140964,0.14237982350122927,0.8730624367047644,1.0,0.0,0.33387617558437865,0.96640625,0.32266002281084094
taxi_avg_trip_duration,Taxi average trip duration,Taxi,weekend_midday,Bronx,Second half of 2025,2025-07-01,2025-12-31,52,43,0.898479427549195,24.992181487288516,84.06839416688679,82.4755465648301,30.9147264794829,0.6839223494275759,0.9767441860465116,,0.21824624368532788,0.16176514047949644,0.3513958553521755,0.7051104342421791,0.9767441860465116,0.0,0.3578106886683528,0.898479427549195,0.3214855427257248
fhvhv_trip_count,FHVHV trips,FHVHV,weekday_am_peak,Queens,Early 2026,2026-01-01,2026-03-31,64,69,0.9859601449275363,33.24572039674351,78.94021408131545,33.21314789310175,10.362716533574773,0.8619660082682591,0.9710144927536232,,0.3008403976971809,0.05472818902550021,0.10043619359500952,0.898786160549963,0.9710144927536232,0.0,0.32585673887266986,0.9859601449275363,0.32128175748451193
taxi_avg_trip_duration,Taxi average trip duration,Taxi,weekend_overnight,Bronx,Early 2026,2026-01-01,2026-03-31,26,42,0.8205128205128205,28.4984159937904,101.84427557425394,100.99836087038489,36.54711584223368,0.7287946428571429,0.9285714285714286,,0.2533335530211983,0.20201136537054876,0.4201727065254118,0.7539224732535991,0.9285714285714286,0.0,0.3911496070971419,0.8205128205128205,0.32094326736175743
fhvhv_trip_count,FHVHV trips,FHVHV,weekend_midday,Staten Island,Early 2026,2026-01-01,2026-03-31,26,20,0.9653846153846154,25.461774303134952,72.49823695345557,30.70404230799228,30.132675982538995,0.6912350597609562,1.0,,0.22294551532872545,0.049276424191717495,0.341846272186995,0.7130651937338565,1.0,0.0,0.33223724261115195,0.9653846153846154,0.32073672267461206
subway_ridership,Subway ridership,Subway,All temporal buckets,Citywide,First six months post-CP,2025-01-05,2025-06-30,177,156,1.0,30.0198250681945,100.0,41.90878762865812,11.7075067719954,0.8346371142981313,0.9487179487179487,,0.26855847614628486,0.07362200648734353,0.11685736623246112,0.8690578151355997,0.9487179487179487,0.0,0.3207191372397199,1.0,0.3207191372397199
fhvhv_trip_count,FHVHV trips,FHVHV,weekday_am_peak,Staten Island,Early 2026,2026-01-01,2026-03-31,64,20,0.9546875,36.33695594172997,83.17806684224885,36.6972808734951,13.066434374500012,0.8412438625204582,0.95,,0.3317747626393564,0.06229848569673509,0.13345116958184755,0.8762446297002048,0.95,0.0,0.3350565023234553,0.9546875,0.31987425456192375
subway_transfers,Subway transfers,Subway,weekday_am_peak,Brooklyn,CP launch transition,2024-11-01,2025-04-30,129,48,1.0,26.577641797079494,87.33687620910185,47.789504391812535,14.714950389595826,0.7272286821705426,0.9166666666666666,12.844394441439146,0.23411213520690832,0.08639958150732938,0.15358112390936024,0.7522190226768046,0.9166666666666666,0.1594863827390796,0.3195867055421814,1.0,0.3195867055421814
subway_ridership,Subway ridership,Subway,All temporal buckets,Citywide,Second half of 2025,2025-07-01,2025-12-31,184,156,1.0,29.475274540778088,100.0,39.559598029695124,12.63688446427138,0.8075877926421404,0.9743589743589743,,0.2631090936908217,0.06851770584749786,0.1282059551010001,0.8396335882242404,0.9743589743589743,0.0,0.31877337188977234,1.0,0.31877337188977234
subway_transfers,Subway transfers,Subway,weekday_pm_peak,Citywide,CP launch transition,2024-11-01,2025-04-30,129,156,0.9712283840190817,24.369208031529617,100.0,72.16950291415286,15.164808465837002,0.6796623177283193,0.9038461538461539,18.327450448004342,0.21201207357784796,0.13937225008714554,0.15907432048474882,0.7004763757263069,0.9038461538461539,0.2345539924646466,0.3279718123243318,0.9712283840190817,0.31853553328757034
taxi_avg_trip_duration,Taxi average trip duration,Taxi,weekday_evening,Bronx,Early 2026,2026-01-01,2026-03-31,64,43,0.7311046511627907,34.645027297042255,118.63962635064736,120.58983466737635,39.57070398348064,0.7852882703777336,0.9767441860465116,,0.3148434297178726,0.2445795651793877,0.4570936042486727,0.815376188668437,0.9767441860465116,0.0,0.4355131449930727,0.7311046511627907,0.3184056859469703
subway_transfers,Subway transfers,Subway,weekday_overnight,Queens,CP launch transition,2024-11-01,2025-04-30,129,27,0.9196095320126327,25.56221889055472,137.83902118997267,94.06649187913251,16.115417082342105,0.7071495472994068,0.8888888888888888,17.250821467688937,0.22395067636498125,0.18694985507653306,0.1706821592065798,0.7303769584599658,0.8888888888888888,0.21981404379062588,0.34609086792039184,0.9196095320126327,0.3182684610821174
subway_ridership,Subway ridership,Subway,weekend_evening,Brooklyn,CP launch transition,2024-11-01,2025-04-30,52,48,0.9959935897435898,21.144000972268834,75.2826277618872,58.64338713649296,30.30784107145434,0.6275140788415124,0.75,12.332260059163813,0.1797370396202882,0.10998281236402058,0.3439852051469127,0.6437495700212429,0.75,0.15247483591379515,0.3190500711390113,0.9959935897435898,0.31777182566169154
taxi_avg_trip_speed,Taxi average speed,Taxi,weekend_overnight,Bronx,Early 2026,2026-01-01,2026-03-31,26,42,0.8205128205128205,28.033256711167862,86.33215413935808,95.15375995336004,35.27557204643276,0.7299107142857143,0.9523809523809523,,0.24867864827664604,0.1893122625762994,0.4046459428782797,0.7551365347144083,0.9523809523809523,0.0,0.3865015593203165,0.8205128205128205,0.3171294845705161
subway_ridership,Subway ridership,Subway,weekday_am_peak,Manhattan,Early 2026,2026-01-01,2026-03-31,63,49,1.0,29.13895526181584,236.65816477231147,34.55442970412369,16.436702312274907,0.7573696145124716,0.9795918367346939,,0.2597435063193317,0.05764251556995402,0.17460535858434006,0.7850063008136826,0.9795918367346939,0.0,0.3169905306687446,1.0,0.3169905306687446
taxi_avg_trip_duration,Taxi average trip duration,Taxi,weekday_pm_peak,Brooklyn,CP launch transition,2024-11-01,2025-04-30,129,61,0.8776210446054137,26.73384966654452,76.69112157126116,70.79467383882861,23.236532444917124,0.715609614827686,0.9180327868852459,19.002722365787392,0.2356753260962949,0.13638503231129906,0.2576377760746709,0.7395798120399326,0.9180327868852459,0.24379902821151433,0.3598790318276839,0.8776210446054137,0.31583741184419684
taxi_avg_trip_duration,Taxi average trip duration,Taxi,All temporal buckets,Bronx,CP launch transition,2024-11-01,2025-04-30,181,43,0.920596171142233,23.67372055035215,65.78640198328485,48.94556664207809,21.41976141808724,0.6798325191905095,0.9767441860465116,23.034285706648088,0.20505224691877905,0.08891146445042464,0.2354532674264439,0.7006615207184004,0.9767441860465116,0.29899449276508894,0.34300206497057084,0.920596171142233,0.31576638770578697
fhvhv_trip_count,FHVHV trips,FHVHV,weekday_am_peak,Bronx,Early 2026,2026-01-01,2026-03-31,64,43,0.9774709302325582,31.8055264978998,66.16691654172914,22.744900648645057,8.500522542944196,0.9070631970260223,1.0,,0.28642820457699564,0.03198286394338259,0.07769702719498926,0.9478428404899917,1.0,0.0,0.32299718841374137,0.9774709302325582,0.31572036222128064
subway_transfers,Subway transfers,Subway,weekday_am_peak,Bronx,First six months post-CP,2025-01-05,2025-06-30,126,27,1.0,29.625653687487542,99.0887346017382,65.43049224647267,12.590847001657924,0.7480893592004703,0.8888888888888888,,0.2646139558523441,0.12472978083811131,0.1276437937320615,0.7749112477262721,0.8888888888888888,0.0,0.31475957117423864,1.0,0.31475957117423864
taxi_avg_trip_speed,Taxi average speed,Taxi,weekday_pm_peak,Bronx,Second half of 2025,2025-07-01,2025-12-31,132,43,0.795630725863284,27.523940535221854,100.0,98.18577059346109,38.940965383917934,0.7094774136403897,0.9767441860465116,,0.24358186020327516,0.19590019139103548,0.4494038947575991,0.7329092092981758,0.9767441860465116,0.0,0.39518299883931124,0.795630725863284,0.3144197362153505
subway_ridership,Subway ridership,Subway,weekend_evening,Queens,First six months post-CP,2025-01-05,2025-06-30,51,27,0.8976034858387799,24.77629958607734,129.78475944110164,95.8713278870778,31.030569543939286,0.669093851132686,0.8518518518518519,,0.21608588760139627,0.1908713885254459,0.3528104097606934,0.6889800076040343,0.8518518518518519,0.0,0.35002929292956975,0.8976034858387799,0.3141875134792652
bus_trip_count,Bus trips,Bus,weekend_overnight,Queens,Early 2026,2026-01-01,2026-03-31,26,65,0.9923076923076923,25.29263254532935,128.96583996256433,107.0486569752535,16.580063529368566,0.6958855098389982,0.7384615384615385,,0.2212528934670865,0.21515740104726425,0.1763559359072205,0.718123948998647,0.7384615384615385,0.0,0.3148758623326283,0.9923076923076923,0.31245374031468504
subway_ridership,Subway ridership,Subway,weekend_evening,Bronx,Early 2026,2026-01-01,2026-03-31,26,27,0.9943019943019943,23.114922274002573,98.61721613865956,62.28167992415156,26.44863326351968,0.6504297994269341,0.8518518518518519,,0.1994602855304947,0.11788806624910053,0.296860593555202,0.6686772695368949,0.8518518518518519,0.0,0.3142229679951339,0.9943019943019943,0.31243252373305336
fhvhv_trip_count,FHVHV trips,FHVHV,weekday_evening,Staten Island,Early 2026,2026-01-01,2026-03-31,64,20,0.95234375,23.75379095297082,98.74874268492377,45.228002030428684,28.595969330037292,0.6611977030352748,1.0,,0.20585352104351862,0.08083396937114877,0.3230816169174214,0.6803905850558918,1.0,0.0,0.32805410769335897,0.95234375,0.3124202791235973
subway_transfers,Subway transfers,Subway,weekday_am_peak,Queens,CP launch transition,2024-11-01,2025-04-30,129,27,0.9204708584553546,26.943319749043667,102.95256924368584,60.231315871716916,13.368538632189756,0.7501559575795383,1.0,15.382219830763333,0.23777151834117435,0.11343305140084027,0.13714015097708637,0.7771592915187815,1.0,0.19423132892407494,0.3393376233340869,0.9204708584553546,0.3123503934565267
fhvhv_trip_count,FHVHV trips,FHVHV,weekend_evening,Bronx,Early 2026,2026-01-01,2026-03-31,26,43,0.9776386404293381,21.500386697602476,70.85016473769213,29.269859710358496,36.95762760710846,0.6047575480329369,0.9302325581395349,,0.18330343432791024,0.0461602435505342,0.4251854470764071,0.6189950369966203,0.9302325581395349,0.0,0.31911034853194353,0.9776386404293381,0.31197460728570153
subway_ridership,Subway ridership,Subway,weekend_evening,Bronx,Second half of 2025,2025-07-01,2025-12-31,52,27,0.9893162393162394,23.19239685934958,91.76195415555907,58.2380308838395,27.471219951673966,0.652267818574514,0.8518518518518519,,0.2002355830003866,0.1091020574940442,0.309347353246931,0.670676665054225,0.8518518518518519,0.0,0.3149787865662935,0.9893162393162394,0.3116136285901579
fhvhv_trip_count,FHVHV trips,FHVHV,All temporal buckets,Staten Island,Early 2026,2026-01-01,2026-03-31,90,20,1.0,29.49868531791725,83.6513530304722,27.476350124668,14.36870280644482,0.7561111111111111,1.0,,0.26334336814615306,0.04226332006260012,0.1493531103680806,0.7836373019854939,1.0,0.0,0.31065072101632085,1.0,0.31065072101632085
taxi_avg_trip_duration,Taxi average trip duration,Taxi,weekday_midday,Queens,CP launch transition,2024-11-01,2025-04-30,129,69,0.8427143017638468,26.09902654929059,85.30711106363414,81.23831478314733,25.452768779698797,0.6980402612984935,0.8985507246376812,21.066727470224656,0.22932257500467643,0.15907689301847056,0.28470013748917994,0.7204678856299647,0.8985507246376812,0.27205697951931707,0.3677047190135835,0.8427143017638468,0.3098700255388035
taxi_avg_trip_duration,Taxi average trip duration,Taxi,weekday_evening,Bronx,Second half of 2025,2025-07-01,2025-12-31,132,42,0.7548701298701299,34.06472048411103,104.94728733811074,105.06724949759203,33.47826065783768,0.7813620071684588,0.9761904761904762,,0.30903622982372025,0.2108522145010243,0.38269905499036655,0.8111052032051903,0.9761904761904762,0.0,0.41034493868789956,0.7548701298701299,0.30975713715888525
taxi_avg_trip_duration,Taxi average trip duration,Taxi,All temporal buckets,Bronx,Early 2026,2026-01-01,2026-03-31,90,43,0.9537467700258397,24.241026928495966,75.4743339643673,47.27104978309018,23.172276421252676,0.7019777837984286,1.0,,0.21072934990240222,0.0852730874209429,0.2568531486826478,0.7247511189391078,1.0,0.0,0.3235474394131119,0.9537467700258397,0.3085823252903866
subway_transfers,Subway transfers,Subway,weekday_am_peak,Brooklyn,First six months post-CP,2025-01-05,2025-06-30,126,48,1.0,27.024847278467973,100.0,53.5740685903995,13.784638451034516,0.7296626984126984,0.9375,,0.23858737410866374,0.09896823699308051,0.14222112700178363,0.754866743278673,0.9375,0.0,0.3078837709621605,1.0,0.3078837709621605
subway_transfers,Subway transfers,Subway,weekday_midday,Citywide,First six months post-CP,2025-01-05,2025-06-30,126,153,0.9844900923332296,26.54060232581255,107.87507667245539,81.7763993840729,11.997714721005524,0.7311765635702618,0.8823529411764706,,0.23374147677445883,0.16024603899715525,0.12040108234171311,0.756513524387488,0.8823529411764706,0.0,0.3126023443482935,0.9844900923332296,0.3077539108510355
subway_ridership,Subway ridership,Subway,weekend_overnight,Bronx,Early 2026,2026-01-01,2026-03-31,26,27,0.9914529914529915,22.910902814664684,88.8570811277952,63.858648076597675,27.591816304823872,0.6508620689655172,0.7777777777777778,,0.19741863832548,0.1213144902180727,0.3108199498482028,0.6691474919384728,0.7777777777777778,0.0,0.31012624175780346,0.9914529914529915,0.3074755901188479
taxi_avg_trip_duration,Taxi average trip duration,Taxi,weekday_am_peak,Bronx,CP launch transition,2024-11-01,2025-04-30,129,43,0.8327023616369209,24.177282855766855,77.69551669366527,68.23898360395343,26.45303571712744,0.6800173197661832,1.0,22.774305095634006,0.2100914553194737,0.1308320487177742,0.29691435171662817,0.7008625466125477,1.0,0.2954351413704558,0.3687820697155917,0.8327023616369209,0.30708570038152483
subway_ridership,Subway ridership,Subway,weekend_midday,Bronx,First six months post-CP,2025-01-05,2025-06-30,51,27,0.9941902687000727,21.155613153787968,84.09803645076931,56.64835202362074,30.477862935341207,0.620891161431702,0.8148148148148148,,0.1798532441138184,0.10564801579943357,0.3460613344191675,0.6365451666295484,0.8148148148148148,0.0,0.30855817613236936,0.9941902687000727,0.30676553603864465
taxi_avg_trip_duration,Taxi average trip duration,Taxi,weekday_midday,Queens,Early 2026,2026-01-01,2026-03-31,64,69,0.8994565217391305,23.963405516814554,87.82297439231886,85.55693048882355,27.05525571447304,0.6696878147029205,0.927536231884058,,0.20795115913054618,0.16846034717621983,0.30426803280354026,0.6896261206226869,0.927536231884058,0.0,0.3407564664626811,0.8994565217391305,0.3064956260846398
subway_transfers,Subway transfers,Subway,weekday_am_peak,Bronx,CP launch transition,2024-11-01,2025-04-30,129,27,1.0,23.829261031853257,93.06301099482287,57.6650170859833,13.134977087908151,0.6784381280505312,0.8148148148148148,19.331894881004672,0.20660875917674676,0.107857017631647,0.13428814154800064,0.6991447033346704,0.8148148148148148,0.24830567448233978,0.3063273889827772,1.0,0.3063273889827772
subway_ridership,Subway ridership,Subway,All temporal buckets,Brooklyn,CP launch transition,2024-11-01,2025-04-30,181,48,1.0,27.643232241792642,58.10222780410735,30.95500700446008,12.32525063658862,0.7857965009208103,0.875,8.395281585801278,0.24477562662189076,0.04982171830562159,0.1244006085585843,0.8159290413799748,0.875,0.09857431708224032,0.3060374645277206,1.0,0.3060374645277206
taxi_avg_trip_duration,Taxi average trip duration,Taxi,weekday_midday,Bronx,Second half of 2025,2025-07-01,2025-12-31,132,43,0.8844256518675123,23.949637365459594,82.04634721585661,74.03996424356603,28.63289879412088,0.6719123505976096,1.0,,0.20781337958822557,0.14343637371716023,0.32353256092920823,0.692045968697631,1.0,0.0,0.3459351768374215,0.8844256518675123,0.30595394427833966
subway_ridership,Subway ridership,Subway,weekend_midday,Queens,Second half of 2025,2025-07-01,2025-12-31,52,27,0.9964387464387464,21.83700894113078,118.25159518823739,85.15459589892501,22.714025252458327,0.6454610436025733,0.7777777777777778,,0.18667205350215826,0.16758615775125485,0.2512574644345798,0.6632722615776377,0.7777777777777778,0.0,0.30675106003958474,0.9964387464387464,0.30565864173460044
subway_transfers,Subway transfers,Subway,weekday_midday,Bronx,CP launch transition,2024-11-01,2025-04-30,129,27,1.0,24.13061525689512,100.0238438026593,64.18477163614332,13.776815587482776,0.6540338788400804,0.7407407407407407,22.726237127494755,0.20962444705903407,0.12202308891712722,0.14212560236959026,0.6725977837667031,0.7407407407407407,0.29477705079683086,0.3052972288337693,1.0,0.3052972288337693
taxi_avg_trip_duration,Taxi average trip duration,Taxi,weekday_midday,Bronx,First six months post-CP,2025-01-05,2025-06-30,126,42,0.8813303099017384,25.17174351787442,70.86658259750885,74.84498365870098,27.226790924731333,0.6927530017152659,0.9761904761904762,,0.22004314246675893,0.14518551355567108,0.30636264147973136,0.714716409578376,0.9761904761904762,0.0,0.3464040442340198,0.8813303099017384,0.3052963836559842
taxi_avg_trip_speed,Taxi average speed,Taxi,weekday_overnight,Bronx,First six months post-CP,2025-01-05,2025-06-30,126,43,0.7181616832779624,36.546005726945616,108.20434828487478,103.46186969801602,38.04572905775502,0.7728090465176047,0.9767441860465116,,0.3338667489188984,0.2073640579291629,0.43847220456292285,0.8018013005729806,0.9767441860465116,0.0,0.4242534188692532,0.7181616832779624,0.30468254943157336
taxi_trip_count,Taxi trips,Taxi,weekend_midday,Manhattan,Early 2026,2026-01-01,2026-03-31,26,67,0.9862227324913893,20.509177589243095,310.3265163478942,162.3042474662319,18.00874710573707,0.6082654249126892,0.582089552238806,,0.17338428586905935,0.33521631243638866,0.19380152629118405,0.6228109022001782,0.582089552238806,0.0,0.3088718310950532,0.9862227324913893,0.3046164212521822
subway_ridership,Subway ridership,Subway,All temporal buckets,Brooklyn,First six months post-CP,2025-01-05,2025-06-30,177,48,1.0,28.567465747478632,70.12517270177824,31.132195860542794,11.459473868731536,0.8129708097928436,0.9166666666666666,,0.25402454218998666,0.0502067128551785,0.11382864769487883,0.8454892292685676,0.9166666666666666,0.0,0.30461236724771956,1.0,0.30461236724771956
subway_ridership,Subway ridership,Subway,weekend_overnight,Bronx,First six months post-CP,2025-01-05,2025-06-30,51,27,0.9920116194625999,21.882206256494477,76.09646753807931,59.210715858838,26.559636579511135,0.6500732064421669,0.8148148148148148,,0.18712434845914877,0.11121549973916768,0.2982160500146168,0.668289368020094,0.8148148148148148,0.0,0.30659684131404064,0.9920116194625999,0.3041476290740592
fhvhv_trip_count,FHVHV trips,FHVHV,weekday_pm_peak,Staten Island,Early 2026,2026-01-01,2026-03-31,64,20,0.96015625,28.237840300717632,79.82590236776879,39.72133844725805,20.50401858208802,0.7371847030105777,0.9,,0.25072594080036753,0.06886913415163294,0.22427117316978612,0.7630491728763951,0.9,0.0,0.31667408226339827,0.96015625,0.304056599298216
subway_ridership,Subway ridership,Subway,weekend_overnight,Brooklyn,Early 2026,2026-01-01,2026-03-31,26,48,0.9943910256410257,22.36969893169311,107.82909360335886,85.70620869001854,20.574270856884464,0.6526994359387591,0.7916666666666666,,0.19200274614246024,0.16878469767488155,0.22512902051255163,0.6711461780211655,0.7916666666666666,0.0,0.30546112111956425,0.9943910256410257,0.3037477975235411
subway_transfers,Subway transfers,Subway,weekday_pm_peak,Brooklyn,First six months post-CP,2025-01-05,2025-06-30,126,48,1.0,26.093863369203163,94.00794336038682,64.26260009909925,13.097376347499383,0.7124669312169312,0.8958333333333334,,0.22927090644213496,0.12219219398784585,0.1338290006114383,0.7361612037343532,0.8958333333333334,0.0,0.30317554380116246,1.0,0.30317554380116246
taxi_trip_count,Taxi trips,Taxi,weekday_midday,Manhattan,Second half of 2025,2025-07-01,2025-12-31,132,67,0.985753052917232,23.09400329182323,259.58904109589037,135.6758836343632,13.588107406047943,0.6493461803165864,0.7014925373134329,,0.19925094676625715,0.2773584134379215,0.13982129532087142,0.6674985096776324,0.7014925373134329,0.0,0.30742808195989424,0.985753052917232,0.30304817034445475
taxi_avg_trip_duration,Taxi average trip duration,Taxi,weekend_evening,Bronx,Second half of 2025,2025-07-01,2025-12-31,52,43,0.8711985688729875,24.322576587411874,76.91393380594198,87.19363680989332,27.37816345463143,0.6817248459958932,0.9534883720930233,,0.21154542712236887,0.17201656976700758,0.3082110445801112,0.7027199920553229,0.9534883720930233,0.0,0.3477122727998487,0.8711985688729875,0.302926434442802
bus_trip_count,Bus trips,Bus,All temporal buckets,Staten Island,Second half of 2025,2025-07-01,2025-12-31,184,20,1.0,30.58556341203872,63.92536306842319,21.17070269158298,13.243381097687923,0.7326086956521739,1.0,,0.274219887622561,0.028562459033100906,0.13561185799710002,0.7580713963327123,1.0,0.0,0.3028176733321143,1.0,0.3028176733321143
taxi_avg_trip_speed,Taxi average speed,Taxi,weekend_overnight,Bronx,Second half of 2025,2025-07-01,2025-12-31,52,42,0.8392857142857143,26.8272381774772,84.84507848106408,82.15706682947821,28.20706315389301,0.7212220403709766,0.9761904761904762,,0.2366098761286544,0.16107315022138696,0.31833270123095964,0.7456850033201108,0.9761904761904762,0.0,0.3607286011443338,0.8392857142857143,0.30275436167470876
taxi_avg_trip_speed,Taxi average speed,Taxi,All temporal buckets,Bronx,CP launch transition,2024-11-01,2025-04-30,181,43,0.920596171142233,22.496510287978584,84.1240970950742,54.96578122229668,25.163371106174445,0.6410327983251919,1.0,8.19703586360466,0.19327176259787376,0.10199213922754036,0.28116631561715216,0.6584552204881077,1.0,0.0958601678038452,0.3287399503034909,0.920596171142233,0.30263673955088166
taxi_avg_trip_speed,Taxi average speed,Taxi,weekend_evening,Bronx,First six months post-CP,2025-01-05,2025-06-30,51,42,0.8790849673202614,27.517201357684545,79.97297662402171,66.02493225536736,24.31173110442768,0.7079129049389272,1.0,,0.24351442044518642,0.1260213754029308,0.2707669781635523,0.7312073381894624,1.0,0.0,0.34404272430089977,0.8790849673202614,0.3024427870488302
subway_ridership,Subway ridership,Subway,weekend_midday,Bronx,Second half of 2025,2025-07-01,2025-12-31,52,27,0.9886039886039886,23.17710957666705,98.05435587217629,53.86263552734298,26.358734304889246,0.6476945244956772,0.8148148148148148,,0.20008260132862674,0.09959523295863779,0.29576284144679044,0.6657018400135288,0.8148148148148148,0.0,0.3054046542782537,0.9886039886039886,0.3019242593577038
taxi_avg_trip_duration,Taxi average trip duration,Taxi,weekday_midday,Brooklyn,CP launch transition,2024-11-01,2025-04-30,129,61,0.9489134578726649,21.716887284133996,67.6691016180013,61.33035889595786,20.77458627795215,0.6483192714610955,0.9016393442622951,12.617374658939251,0.18546998167006382,0.11582104341916323,0.22757506303823166,0.6663814391807996,0.9016393442622951,0.15637829257689997,0.3173232493574893,0.9489134578726649,0.3011123018112051
taxi_avg_trip_duration,Taxi average trip duration,Taxi,weekday_midday,Bronx,Early 2026,2026-01-01,2026-03-31,64,43,0.8982558139534884,23.824341430048776,79.25927318010234,70.9645916225004,28.91416055918956,0.6549352750809061,0.9302325581395349,,0.20655952813130385,0.1367542283320459,0.3269670355919121,0.6735783217581698,0.9302325581395349,0.0,0.3349538739053336,0.8982558139534884,0.3008742646417096
taxi_avg_trip_speed,Taxi average speed,Taxi,weekday_pm_peak,Queens,First six months post-CP,2025-01-05,2025-06-30,126,69,0.7793880837359098,30.1212881725996,100.0,106.49514816179015,29.496613066436275,0.7433589138134593,0.9565217391304348,,0.2695738296042004,0.2139547414611805,0.33407933675335405,0.7697654736388699,0.9565217391304348,0.0,0.38533631359568,0.7793880837359098,0.30032653104719664
taxi_avg_trip_duration,Taxi average trip duration,Taxi,weekday_midday,Queens,Second half of 2025,2025-07-01,2025-12-31,132,69,0.8960254721124287,24.468849195743754,85.07276354969605,83.53202711063994,24.901896830474783,0.6681779193726259,0.927536231884058,,0.21300919466170146,0.16406065308024276,0.2779734650900994,0.6879836578882785,0.927536231884058,0.0,0.33516286709206844,0.8960254721124287,0.30031446622072583
taxi_avg_trip_speed,Taxi average speed,Taxi,weekday_overnight,Bronx,Second half of 2025,2025-07-01,2025-12-31,132,42,0.7875180375180375,28.698555005151086,101.93883281746182,94.66005081189704,31.31004935995257,0.7169033440219881,1.0,,0.2553363681177829,0.1882395352460832,0.3562231251242636,0.7409871294528838,1.0,0.0,0.38051985187786264,0.7875180375180375,0.2996662469875087
subway_transfers,Subway transfers,Subway,weekday_pm_peak,Queens,First six months post-CP,2025-01-05,2025-06-30,126,27,0.9088771310993533,30.316615492235634,122.94757356262404,77.49577760727999,11.91971786217022,0.776843467011643,0.9259259259259259,,0.27152849352445646,0.1509451377485432,0.11944866623433734,0.8061899394298861,0.9259259259259259,0.0,0.3294527998959701,0.9088771310993533,0.29943211560209865
subway_ridership,Subway ridership,Subway,All temporal buckets,Brooklyn,Second half of 2025,2025-07-01,2025-12-31,184,48,1.0,27.508794448095394,99.80743684857042,30.157895121091038,12.180710306263794,0.769134963768116,0.9375,,0.24343029149238357,0.0480897598897895,0.12263563313749126,0.7978046367790801,0.9375,0.0,0.29865632041528434,1.0,0.29865632041528434
taxi_avg_trip_duration,Taxi average trip duration,Taxi,weekday_pm_peak,Bronx,First six months post-CP,2025-01-05,2025-06-30,126,43,0.7535991140642303,35.65811194073835,78.9276791142298,81.24865036814178,29.717832007724688,0.795983345579231,1.0,,0.3249814892831608,0.15909935009606174,0.33678063121682195,0.8270102815142815,1.0,0.0,0.3961788038511542,0.7535991140642303,0.2985599955932563
taxi_trip_count,Taxi trips,Taxi,weekend_midday,Manhattan,First six months post-CP,2025-01-05,2025-06-30,51,67,0.9856599356160375,22.676947194353442,221.08049005774967,112.95200273249341,18.40034386985848,0.6294536817102138,0.7014925373134329,,0.1950774163662803,0.2279841441671943,0.1985832966254611,0.645859468215823,0.7014925373134329,0.0,0.3027563526038636,0.9856599356160375,0.2984148070148705
taxi_avg_trip_speed,Taxi average speed,Taxi,weekend_midday,Bronx,First six months post-CP,2025-01-05,2025-06-30,51,43,0.8777929776561787,26.1021176223131,81.21778132120693,64.03442831073079,25.318901309645693,0.7127272727272728,0.9534883720930233,,0.2293535077432367,0.12169642412496294,0.2830654878810279,0.7364444029868947,0.9534883720930233,0.0,0.33872340281343016,0.8777929776561787,0.29732902435743414
taxi_avg_trip_speed,Taxi average speed,Taxi,weekday_pm_peak,Queens,Early 2026,2026-01-01,2026-03-31,64,69,0.8365036231884058,28.959353972832183,100.0,86.09458484665771,24.722430904524607,0.7303735787763942,0.927536231884058,,0.25794621467440465,0.1696285583261075,0.2757820148041209,0.7556400382763898,0.927536231884058,0.0,0.35525241440709626,0.8365036231884058,0.297169931797965
taxi_avg_trip_speed,Taxi average speed,Taxi,weekday_midday,Bronx,CP launch transition,2024-11-01,2025-04-30,129,42,0.8449612403100775,21.704868434853417,86.99437070968705,79.07057307117628,30.625821382516477,0.6334643949322848,1.0,7.665758175018132,0.18534970760345848,0.1543668409169636,0.34786804831016643,0.6502223183243568,1.0,0.0885865331491997,0.3516272624755394,0.8449612403100775,0.2971114078281689
taxi_avg_trip_speed,Taxi average speed,Taxi,weekend_evening,Bronx,Second half of 2025,2025-07-01,2025-12-31,52,43,0.8711985688729875,23.74150859766485,76.68892098425883,71.69199206902869,26.725599007035452,0.6771047227926078,1.0,,0.2057306100405054,0.13833471828750857,0.3002426096934765,0.6976942263366548,1.0,0.0,0.3404324574691717,0.8711985688729875,0.2965842697450566
subway_ridership,Subway ridership,Subway,weekend_overnight,Citywide,Early 2026,2026-01-01,2026-03-31,26,153,0.9959778783308195,22.155256890357915,113.56980037893783,84.93039255207657,21.74327754093194,0.6355376072690561,0.7189542483660131,,0.18985679890904192,0.16709901048681983,0.23940370813641737,0.6524775567738976,0.7189542483660131,0.0,0.2973939123834828,0.9959778783308195,0.29619775788420283
taxi_avg_trip_speed,Taxi average speed,Taxi,weekend_midday,Bronx,Early 2026,2026-01-01,2026-03-31,26,42,0.913003663003663,23.80547740899796,73.98316487899356,66.38885571848624,25.995894734150298,0.6649949849548646,0.9047619047619048,,0.20637075360960513,0.12681210543445848,0.29133222389724556,0.6845212647923158,0.9047619047619048,0.0,0.3243980020550226,0.913003663003663,0.2961765641473054
subway_ridership,Subway ridership,Subway,weekend_overnight,Bronx,Second half of 2025,2025-07-01,2025-12-31,52,27,0.9836182336182336,21.587743732590525,81.10618991033813,56.91326888803111,26.74804298792623,0.6466328747284577,0.7777777777777778,,0.18417762665691909,0.10622362507384579,0.300516672126672,0.6645469783852653,0.7777777777777778,0.0,0.30095459056074725,0.9836182336182336,0.29602442276666097
taxi_avg_trip_speed,Taxi average speed,Taxi,weekday_am_peak,Bronx,CP launch transition,2024-11-01,2025-04-30,129,43,0.8327023616369209,23.580580010751895,93.9447573075812,70.70457115083968,26.759544269506094,0.6678934834379736,0.9767441860465116,15.162421096500458,0.2041201783652913,0.13618925790119749,0.30065711375465165,0.6876742487434063,0.9767441860465116,0.19122210093478156,0.3549505389089282,0.8327023616369209,0.2955681520137623
subway_transfers,Subway transfers,Subway,weekday_am_peak,Queens,First six months post-CP,2025-01-05,2025-06-30,126,27,0.9059376837154615,28.66888286110209,122.10542708090011,76.03975533691104,12.383170681369222,0.7728747566515249,0.9259259259259259,,0.25503943541263296,0.1477815040386228,0.12510786759968814,0.8018727799954752,0.9259259259259259,0.0,0.3258483462040338,0.9059376837154615,0.29519829600259617
subway_transfers,Subway transfers,Subway,weekday_pm_peak,Brooklyn,CP launch transition,2024-11-01,2025-04-30,129,48,1.0,21.021649551965467,75.91539775776212,52.42602486084397,14.49267652280102,0.6266149870801033,0.875,16.64897679895101,0.17851265427928875,0.09647377662856679,0.1508669477983571,0.6427715388403398,0.875,0.21157428832321204,0.29506752423104304,1.0,0.29506752423104304
taxi_avg_trip_duration,Taxi average trip duration,Taxi,weekday_pm_peak,Bronx,CP launch transition,2024-11-01,2025-04-30,129,43,0.655669731386335,37.97083387029678,93.55230766028123,92.82000138962434,34.25260155525223,0.8105581523233434,1.0,22.578532516438916,0.34812517508049984,0.18424149036813883,0.3921544965851963,0.8428647427197067,1.0,0.29275485148241015,0.449821503481371,0.655669731386335,0.2949343443594279
fhvhv_trip_count,FHVHV trips,FHVHV,weekend_midday,Bronx,Early 2026,2026-01-01,2026-03-31,26,43,0.9794275491949911,22.53606307678524,62.98763873603387,25.131643810295174,23.54127014557665,0.6730593607305936,0.9534883720930233,,0.1936675721004561,0.037168760668166205,0.2613589143226308,0.6932936852522927,0.9534883720930233,0.0,0.2996403774488052,0.9794275491949911,0.29347604052454535
taxi_avg_trip_duration,Taxi average trip duration,Taxi,weekend_overnight,Bronx,Second half of 2025,2025-07-01,2025-12-31,52,42,0.8392857142857143,24.324915664134544,94.13503380735885,96.18437890179965,28.392854241411136,0.6770321876704856,0.9047619047619048,,0.21156883454374256,0.19155158330216995,0.3206013877781033,0.6976153226983487,0.9047619047619048,0.0,0.34944042917085444,0.8392857142857143,0.2932803601969671
taxi_avg_trip_duration,Taxi average trip duration,Taxi,weekend_midday,Bronx,First six months post-CP,2025-01-05,2025-06-30,51,43,0.8777929776561787,25.971626346654435,65.42669976665636,65.99890336219893,23.877655876803367,0.7142857142857143,0.9302325581395349,,0.22804766589319003,0.12596482002906367,0.2654665052371341,0.7381396742630792,0.9302325581395349,0.0,0.3339382461867461,0.8777929776561787,0.29312864747354594
taxi_avg_trip_speed,Taxi average speed,Taxi,weekend_overnight,Bronx,First six months post-CP,2025-01-05,2025-06-30,51,42,0.8137254901960784,28.624676569629575,85.2720574582748,77.4949893808416,26.292924097777238,0.7378083763625932,0.9761904761904762,,0.25459705775061076,0.15094342509635217,0.2949592359911456,0.763727604168006,0.9761904761904762,0.0,0.3598253032666878,0.8137254901960784,0.2927990212856381
taxi_avg_trip_speed,Taxi average speed,Taxi,All temporal buckets,Bronx,First six months post-CP,2025-01-05,2025-06-30,177,43,0.9414006043883852,23.423909570259877,79.20803512728939,50.145297636556634,21.93691557474665,0.6534542916957432,0.9767441860465116,,0.20255235847214476,0.09151823049666574,0.24176821338905996,0.6719673094107552,0.9767441860465116,0.0,0.3102131870126718,0.9414006043883852,0.2920348817429764
fhvhv_trip_count,FHVHV trips,FHVHV,weekday_midday,Bronx,Early 2026,2026-01-01,2026-03-31,64,43,0.9785610465116279,28.20211599781473,59.676741123283364,23.104963801058467,11.762878227480746,0.7772001485332343,0.9534883720930233,,0.2503684434155126,0.03276520632224375,0.1175335045652168,0.8065779372569618,0.9534883720930233,0.0,0.2981072189745534,0.9785610465116279,0.29171611217241
subway_transfers,Subway transfers,Subway,weekday_midday,Manhattan,CP launch transition,2024-11-01,2025-04-30,129,52,0.9588550983899821,23.17365389146064,100.62260268966948,73.08582743073141,12.140696687329305,0.6736629353233831,0.8846153846153846,9.807931170286892,0.20004801987220108,0.14136323277255453,0.1221470286506353,0.6939502531323318,0.8846153846153846,0.11791466807631683,0.30412536113672584,0.9588550983899821,0.2916121530756441
fhvhv_trip_count,FHVHV trips,FHVHV,weekday_evening,Brooklyn,Early 2026,2026-01-01,2026-03-31,64,61,0.9994877049180327,22.046427864409488,84.70638496269994,59.19151009825526,22.688420013997405,0.6291645310097386,0.7868852459016393,,0.18876773379058137,0.11117376961398982,0.2509448000285058,0.6455449303530786,0.7868852459016393,0.0,0.2912562133104406,0.9994877049180327,0.29110700418476926
subway_ridership,Subway ridership,Subway,weekday_am_peak,Brooklyn,Early 2026,2026-01-01,2026-03-31,63,48,1.0,26.08497922148063,91.51658013731311,37.36590977751477,13.134364003695875,0.7275132275132276,0.8958333333333334,,0.22918200171007894,0.06375127730798412,0.13428065520447774,0.752528550835633,0.8958333333333334,0.0,0.29109296666858564,1.0,0.29109296666858564
taxi_avg_trip_speed,Taxi average speed,Taxi,weekday_overnight,Bronx,Early 2026,2026-01-01,2026-03-31,64,42,0.8154761904761905,26.174404400758227,89.5538928257852,86.39435979718675,30.35347661162836,0.6888686131386861,0.9285714285714286,,0.23007689020710054,0.17027990697522058,0.34454245865916383,0.7104909753015848,0.9285714285714286,0.0,0.35692463566943855,0.8154761904761905,0.29106354218281594
fhvhv_trip_count,FHVHV trips,FHVHV,weekday_overnight,Manhattan,Early 2026,2026-01-01,2026-03-31,64,66,0.9966856060606061,23.90847598174191,76.37993546193827,49.99460700101807,20.243206746669344,0.6731591448931117,0.7878787878787878,,0.2074014726833917,0.09119081107179779,0.2210864116709738,0.6934022303713695,0.7878787878787878,0.0,0.29129349298240675,0.9966856060606061,0.29032803159468096
fhvhv_trip_count,FHVHV trips,FHVHV,weekday_pm_peak,Queens,Early 2026,2026-01-01,2026-03-31,64,69,0.9904891304347826,24.82513218604096,76.48567457636464,48.39676080482069,16.661919681002562,0.6716963877457705,0.8840579710144928,,0.21657456128748914,0.08771902345396332,0.17735547766400625,0.6918110445084868,0.8840579710144928,0.0,0.29289321743151225,0.9904891304347826,0.29010754824398427
subway_transfers,Subway transfers,Subway,weekday_pm_peak,Queens,CP launch transition,2024-11-01,2025-04-30,129,27,0.9221935113407982,23.736807921989737,100.0,69.35670460277522,12.906589354289057,0.675280199252802,0.8888888888888888,15.799445588871087,0.2056835698151028,0.13326062409201112,0.1314993092863685,0.6957095113288951,0.8888888888888888,0.19994349752851473,0.3139913971843717,0.9221935113407982,0.28956082910025893
taxi_avg_trip_speed,Taxi average speed,Taxi,weekday_pm_peak,Queens,Second half of 2025,2025-07-01,2025-12-31,132,69,0.8129117259552042,28.022370668955954,100.0,86.17356330709396,27.120851822232773,0.7198811453268503,0.9130434782608695,,0.24856971034627537,0.1698001621022849,0.30506902390170026,0.7442263789396377,0.9130434782608695,0.0,0.35611609204219896,0.8129117259552042,0.2894909470224463
taxi_avg_trip_duration,Taxi average trip duration,Taxi,All temporal buckets,Bronx,Second half of 2025,2025-07-01,2025-12-31,184,43,0.9483063700707786,22.175379417993003,67.46733585280096,46.447914096511,21.312462647312934,0.6525389844062375,0.9767441860465116,,0.19005816745710757,0.08348458469066496,0.23414304700073604,0.6709716389934873,0.9767441860465116,0.0,0.3040315535179092,0.9483063700707786,0.28831505890354814
subway_ridership,Subway ridership,Subway,weekend_midday,Bronx,CP launch transition,2024-11-01,2025-04-30,52,27,0.9957264957264957,18.7090953994485,73.91874580136091,43.18574446239599,29.013047471002448,0.5758226037195995,0.7777777777777778,6.888579952826506,0.15537064744693116,0.07639656822828633,0.32817453918918016,0.587519631514331,0.7777777777777778,0.07794631510276066,0.28950853339949734,0.9957264957264957,0.2882713174447986
subway_ridership,Subway ridership,Subway,weekend_midday,Citywide,Second half of 2025,2025-07-01,2025-12-31,52,153,0.9963549522373052,21.001703050007738,110.37763532883056,68.37198877642112,21.33378757444524,0.6270972625204996,0.7712418300653595,,0.17831304724129357,0.13112104130791224,0.23440344471921734,0.6432961576153491,0.7712418300653595,0.0,0.28894216536791856,0.9963549522373052,0.28788895737449605
fhvhv_trip_count,FHVHV trips,FHVHV,weekday_am_peak,Brooklyn,Early 2026,2026-01-01,2026-03-31,64,61,0.9994877049180327,26.784955337719907,80.22109655205347,42.358153965005236,10.376561274148951,0.7503844182470528,0.8524590163934426,,0.23618674667869546,0.07459838612019827,0.10060525109453176,0.7774078108201806,0.8524590163934426,0.0,0.28786506934706635,0.9994877049180327,0.2877175974877697
subway_ridership,Subway ridership,Subway,weekend_midday,Citywide,Early 2026,2026-01-01,2026-03-31,26,153,0.9982403217697335,20.198003608429207,106.22831111091351,62.85526921389872,25.892356557118568,0.6104255854948376,0.7254901960784313,,0.17027033051272353,0.11913435653574127,0.29006792391124786,0.6251607228700815,0.7254901960784313,0.0,0.28817436805708496,0.9982403217697335,0.2876672738950941
taxi_trip_count,Taxi trips,Taxi,weekend_midday,Manhattan,CP launch transition,2024-11-01,2025-04-30,52,67,0.9859357060849598,20.94081942336874,118.10089020771515,74.48337248096264,18.189692507579046,0.6180494905385735,0.7014925373134329,12.606723585912489,0.17770377748554542,0.1443998076395884,0.19601104239020764,0.6334539996779255,0.7014925373134329,0.15623247050392203,0.29163351661847203,0.9859357060849598,0.2875318971252731
fhvhv_trip_count,FHVHV trips,FHVHV,weekend_evening,Bronx,CP launch transition,2024-11-01,2025-04-30,52,43,0.9771914132379249,18.422470239224285,52.48241180566316,25.371012672969947,34.71839127655461,0.602745995423341,0.7674418604651163,4.991319844038811,0.15250235508326263,0.03768885944582524,0.3978422337561918,0.6168068719408886,0.7674418604651163,0.05197124185458849,0.293953473652451,0.9771914132379249,0.28724881034463573
taxi_avg_trip_speed,Taxi average speed,Taxi,weekday_overnight,Bronx,CP launch transition,2024-11-01,2025-04-30,129,43,0.6297097530196503,35.93249942278547,108.91880326603581,111.40572079165352,42.26571594566549,0.7718293730317778,1.0,13.002841825224555,0.3277273177332045,0.22462439495687306,0.4900022731448789,0.8007356126672868,1.0,0.16165565957188935,0.4559779247721169,0.6297097530196503,0.2871337463906624
taxi_avg_trip_duration,Taxi average trip duration,Taxi,weekday_pm_peak,Brooklyn,First six months post-CP,2025-01-05,2025-06-30,126,61,0.9264897215716887,24.95629251059846,68.98845549203735,63.48237810362478,18.76043436373002,0.7003229883443337,0.8688524590163934,,0.21788709839012965,0.12049693378727287,0.20298034532200304,0.7229510339849482,0.8688524590163934,0.0,0.3096256231886263,0.9264897215716887,0.286864957419491
taxi_avg_trip_speed,Taxi average speed,Taxi,weekday_pm_peak,Queens,CP launch transition,2024-11-01,2025-04-30,129,69,0.7247500280867318,28.075499701859023,100.0,100.27480448859758,30.700874045949092,0.7215935513873818,0.9565217391304348,14.079687699718026,0.24910137895221965,0.20043922776864906,0.3487845129809503,0.7460891326578368,0.9565217391304348,0.17639857770810255,0.3948923869113255,0.7247500280867318,0.28619826850521973
fhvhv_trip_count,FHVHV trips,FHVHV,weekday_pm_peak,Bronx,Early 2026,2026-01-01,2026-03-31,64,43,0.9785610465116279,25.4327368472378,66.80395387149916,30.34968955690345,14.796634352852754,0.7059041960638693,0.9534883720930233,,0.22265493402405206,0.04850648932783413,0.15457856308167947,0.7290222665455132,0.9534883720930233,0.0,0.29227549894423416,0.9785610465116279,0.286009418116578
taxi_avg_trip_duration,Taxi average trip duration,Taxi,weekday_overnight,Bronx,First six months post-CP,2025-01-05,2025-06-30,126,43,0.7181616832779624,36.910754316069145,81.86429587649613,85.75574754691445,28.275335197722328,0.812644564379337,0.9767441860465116,,0.337516831807726,0.16889233531258546,0.31916636806315607,0.8451343398115271,0.9767441860465116,0.0,0.39800429337870297,0.7181616832779624,0.2858314332847053
taxi_trip_count,Taxi trips,Taxi,weekday_midday,Manhattan,Early 2026,2026-01-01,2026-03-31,64,67,0.9855410447761194,19.216869258343934,298.07695614296523,169.53554721796027,13.203531621726139,0.5892096545196404,0.5223880597014925,,0.16045200136855117,0.3509284235260837,0.13512525785264257,0.6020820529097324,0.5223880597014925,0.0,0.28939867163236876,0.9855410447761194,0.2852142691973858
taxi_avg_trip_speed,Taxi average speed,Taxi,weekday_am_peak,Bronx,First six months post-CP,2025-01-05,2025-06-30,126,43,0.8684016242155776,24.19640766197791,83.52392056407854,64.38889890383787,23.814751853390575,0.6792773645058449,0.9767441860465116,,0.21028283954955632,0.1224666150350545,0.26469838705889326,0.7000576239693349,0.9767441860465116,0.0,0.3282959612805049,0.8684016242155776,0.2850927459994049
fhvhv_trip_count,FHVHV trips,FHVHV,weekend_evening,Bronx,Second half of 2025,2025-07-01,2025-12-31,52,43,0.9789803220035778,17.632831546766763,53.68148854967894,25.937117729551552,34.51162659949671,0.5952489721333942,0.813953488372093,,0.14460034595795987,0.03891888804964883,0.39531743965798183,0.608651616986675,0.813953488372093,0.0,0.2904063705208111,0.9789803220035778,0.28430212212435396
taxi_avg_trip_speed,Taxi average speed,Taxi,weekend_evening,Bronx,CP launch transition,2024-11-01,2025-04-30,52,42,0.7206959706959707,29.908009394620944,91.48748888150884,80.34029164239689,30.010381038421684,0.7337992376111817,0.9761904761904762,16.728744137876525,0.2674395232867432,0.15712567541817465,0.34035293416842316,0.7593664667671897,0.9761904761904762,0.2126663697209103,0.393630564951794,0.7206959706959707,0.28368796210353653
taxi_avg_trip_duration,Taxi average trip duration,Taxi,weekend_evening,Bronx,Early 2026,2026-01-01,2026-03-31,26,43,0.8363148479427549,24.128547720765862,83.81174479264568,81.48022974114281,28.668704827982523,0.6705882352941176,0.8837209302325582,,0.20960375697695433,0.15960252393196925,0.32396978678548377,0.690605597303396,0.8837209302325582,0.0,0.33857827235424515,0.8363148479427549,0.28315803636066117
subway_ridership,Subway ridership,Subway,weekend_midday,Manhattan,Second half of 2025,2025-07-01,2025-12-31,52,49,1.0,21.175922163646447,243.81288613422436,65.10080906283856,20.878142846547505,0.6295133437990581,0.7346938775510204,,0.18005647881186507,0.12401344781590112,0.22883958760277906,0.6459243685805157,0.7346938775510204,0.0,0.2831406182790835,1.0,0.2831406182790835
taxi_avg_trip_duration,Taxi average trip duration,Taxi,weekday_overnight,Brooklyn,Early 2026,2026-01-01,2026-03-31,64,61,0.8619364754098361,22.20560119134104,104.6333743290399,96.45056469949878,27.90992628057662,0.6365527488855869,0.8032786885245902,,0.19036060036858987,0.19212994970482783,0.3147043763411155,0.6535818268791465,0.8032786885245902,0.0,0.327410625652479,0.8619364754098361,0.28220716068662705
taxi_avg_trip_duration,Taxi average trip duration,Taxi,weekday_overnight,Queens,Early 2026,2026-01-01,2026-03-31,64,69,0.785552536231884,25.798295381196944,106.2287134436946,103.48107592785243,28.69172809673108,0.6918420294032862,0.8985507246376812,,0.22631312212801566,0.20740578907393142,0.3242509228764496,0.7137254547456243,0.8985507246376812,0.0,0.35887814694498765,0.785552536231884,0.2819176385308338
taxi_avg_trip_duration,Taxi average trip duration,Taxi,weekday_am_peak,Queens,CP launch transition,2024-11-01,2025-04-30,129,69,0.8203572632288507,25.170912944248457,78.77219900046654,73.39465238078395,22.77254446073291,0.6876198301835114,0.8840579710144928,14.97960946208529,0.22003483081684322,0.14203424518928295,0.2519720398339465,0.7091325503657061,0.8840579710144928,0.18871925719050114,0.343557540802834,0.8203572632288507,0.28183992393464713
taxi_avg_trip_duration,Taxi average trip duration,Taxi,weekend_midday,Brooklyn,CP launch transition,2024-11-01,2025-04-30,52,61,0.9300126103404792,20.019407231310993,71.31400091072561,62.191727314674296,18.178332814947822,0.6261016949152542,0.8524590163934426,15.160640146639553,0.16848309514138934,0.11769261792840591,0.19587232969846116,0.6422131801013511,0.8524590163934426,0.19119771824583234,0.30299188992920173,0.9300126103404792,0.28178627846505205
fhvhv_trip_count,FHVHV trips,FHVHV,weekday_overnight,Manhattan,CP launch transition,2024-11-01,2025-04-30,129,67,0.9813722087238227,21.784630664785222,73.53269628344292,48.831730237945294,19.807375889497898,0.641122376797925,0.7313432835820896,10.050045122651571,0.18614789780715033,0.08866412160899997,0.21576450083174425,0.658552663867339,0.7313432835820896,0.12122941001283259,0.286588679069622,0.9813722087238227,0.2812501649737977
taxi_avg_trip_duration,Taxi average trip duration,Taxi,weekday_am_peak,Bronx,Second half of 2025,2025-07-01,2025-12-31,132,42,0.9112554112554112,20.521704504993934,73.05120163993202,60.04896756866754,23.20105710359521,0.6211401425178147,0.9761904761904762,,0.17350964421778334,0.11303684644559077,0.2572045882900066,0.6368160080231919,0.9761904761904762,0.0,0.3075435069354821,0.9112554112554112,0.28025068489142413
taxi_avg_trip_duration,Taxi average trip duration,Taxi,weekday_pm_peak,Queens,Second half of 2025,2025-07-01,2025-12-31,132,69,0.8129117259552042,24.87122071084614,86.91768843186824,87.54695097615759,26.951597270207746,0.6747703943814155,0.927536231884058,,0.2170357746842755,0.17278424800197223,0.3030022642398056,0.6951549460644879,0.927536231884058,0.0,0.34423053488338823,0.8129117259552042,0.2798290382385383
taxi_avg_trip_duration,Taxi average trip duration,Taxi,All temporal buckets,Queens,CP launch transition,2024-11-01,2025-04-30,181,69,0.9353030666986949,21.950556623728996,64.6686569024997,53.23083260164006,16.628031730362355,0.6524270182347401,0.8260869565217391,14.585593724707781,0.1878083387837921,0.09822245654274299,0.17694167343499442,0.6708498422963858,0.8260869565217391,0.18332485312755323,0.2990742738888302,0.9353030666986949,0.2797250855389083
taxi_avg_trip_speed,Taxi average speed,Taxi,weekend_evening,Bronx,Early 2026,2026-01-01,2026-03-31,26,43,0.8363148479427549,23.51595795187183,74.59666055996351,76.87737692787323,28.301578794707744,0.6588235294117647,0.9069767441860465,,0.2034734976696216,0.1496014816277387,0.31948682743623374,0.677807961198866,0.9069767441860465,0.0,0.3343613040265403,0.8363148479427549,0.2796313231348973
fhvhv_trip_count,FHVHV trips,FHVHV,weekend_midday,Queens,Early 2026,2026-01-01,2026-03-31,26,69,0.9916387959866221,21.36776998683364,63.468545415421076,36.797286887167644,18.740225170146154,0.6458684654300169,0.8985507246376812,,0.1819763229937359,0.06251577797480515,0.2027335717753017,0.6637154546621744,0.8985507246376812,0.0,0.28198331411060307,0.9916387959866221,0.2796255940929559
fhvhv_trip_count,FHVHV trips,FHVHV,weekday_evening,Staten Island,Second half of 2025,2025-07-01,2025-12-31,132,20,0.9537878787878787,19.04761904761905,98.60192086966426,43.476359705004725,26.975892046288163,0.5949166004765687,0.9,,0.15875829420553828,0.07702801473624443,0.303298926649159,0.6082900634078564,0.9,0.0,0.29291195736617903,0.9537878787878787,0.27937587448789347
fhvhv_trip_count,FHVHV trips,FHVHV,weekday_evening,Staten Island,CP launch transition,2024-11-01,2025-04-30,129,20,0.9527131782945737,20.273348519362184,87.0372051824125,43.975584887449614,26.676829268292686,0.6057770545158666,0.8,5.5918356806936345,0.1710243160752655,0.07811272727681816,0.2996470846245863,0.6201040551994734,0.8,0.0601928045025079,0.2926973506893467,0.9527131782945737,0.27885662325364896
taxi_avg_trip_speed,Taxi average speed,Taxi,weekday_pm_peak,Citywide,Second half of 2025,2025-07-01,2025-12-31,132,260,0.8286421911421912,26.371808587456858,99.76611769100282,79.29991317876116,21.430089699531386,0.7169380076655297,0.9307692307692308,,0.23205233758520563,0.15486514929462902,0.23557938560294234,0.7410248365320525,0.9307692307692308,0.0,0.33647328051801784,0.8286421911421912,0.27881595642925144
fhvhv_trip_count,FHVHV trips,FHVHV,All temporal buckets,Bronx,Early 2026,2026-01-01,2026-03-31,90,43,1.0,23.41571460779305,61.23245670873047,25.397237421119268,10.177425521581432,0.7049095607235142,1.0,,0.20247035049962145,0.037745840371850733,0.09817361344742889,0.7279403031483946,1.0,0.0,0.27875629835463195,1.0,0.27875629835463195
taxi_avg_trip_speed,Taxi average speed,Taxi,weekday_evening,Bronx,Second half of 2025,2025-07-01,2025-12-31,132,42,0.7548701298701299,25.87064691353352,87.64928673046676,88.28251166385033,31.69456837425814,0.6929510155316607,1.0,,0.2270371525918395,0.17438246846510247,0.3609184693763978,0.7149318088234767,1.0,0.0,0.36842651283344463,0.7548701298701299,0.2781141695901814
fhvhv_trip_count,FHVHV trips,FHVHV,weekday_evening,Manhattan,Second half of 2025,2025-07-01,2025-12-31,132,67,0.9851876978742651,21.098683864068153,58.073204959229315,45.28927276474843,17.125383725323946,0.6385860208883278,0.9104477611940298,,0.1792835458820069,0.08096709793962624,0.1830148160988176,0.6557936182705181,0.9104477611940298,0.0,0.28211526574105217,0.9851876978742651,0.2779364891906137
taxi_avg_trip_duration,Taxi average trip duration,Taxi,weekday_overnight,Brooklyn,CP launch transition,2024-11-01,2025-04-30,129,61,0.771127208031516,26.696906097472976,81.62450963099583,81.37143182056343,26.264628927482434,0.708470665787739,0.9508196721311475,8.276835637596708,0.2353056273686198,0.15936612866788655,0.2946137249493918,0.7318140699214603,0.9508196721311475,0.0969526932646559,0.36037474965837335,0.771127208031516,0.277894774549118
bus_trip_count,Bus trips,Bus,weekend_midday,Queens,Early 2026,2026-01-01,2026-03-31,26,65,1.0,21.938339126380097,85.60101217931788,78.03640363921451,18.920635743732014,0.6366863905325444,0.6307692307692307,,0.1876860768221361,0.15211980572848777,0.20493655711073544,0.6537272021382711,0.6307692307692307,0.0,0.27769048161636,1.0,0.27769048161636
taxi_avg_trip_speed,Taxi average speed,Taxi,weekday_pm_peak,Citywide,Early 2026,2026-01-01,2026-03-31,64,256,0.86029052734375,26.053137322934727,97.47949352397406,78.80666181444197,18.78670742929041,0.7025186236253991,0.88671875,,0.22886335601138147,0.15379341661898183,0.20330116453451377,0.7253394439993024,0.88671875,0.0,0.3223540498638199,0.86029052734375,0.2773181355487391
taxi_avg_trip_duration,Taxi average trip duration,Taxi,weekday_pm_peak,Queens,Early 2026,2026-01-01,2026-03-31,64,69,0.8365036231884058,23.382152330907054,85.2969089801971,87.9166603597647,26.769610556479513,0.6510557661072008,0.8695652173913043,,0.20213448876848758,0.17358754963592116,0.30078003272854514,0.6693581955088419,0.8695652173913043,0.0,0.33134004277384355,0.8365036231884058,0.2771671462877215
taxi_avg_trip_duration,Taxi average trip duration,Taxi,weekday_midday,Brooklyn,First six months post-CP,2025-01-05,2025-06-30,126,61,0.9620088472547489,21.720323487120833,59.5001749513954,54.3942579455383,16.686490244696202,0.657965918312145,0.8852459016393442,,0.185504368165581,0.10075033795763341,0.1776555077034023,0.6768750526432342,0.8852459016393442,0.0,0.2878754077236246,0.9620088472547489,0.27693868913719494
fhvhv_trip_count,FHVHV trips,FHVHV,weekday_evening,Citywide,Early 2026,2026-01-01,2026-03-31,64,261,0.9832375478927203,20.547357116254407,80.06052454606592,55.99195236166584,21.098024668459615,0.6138577691183633,0.8007662835249042,,0.1737663529761108,0.10422179578892875,0.23152455456215906,0.6288942490199954,0.8007662835249042,0.0,0.2815243961603759,0.9832375478927203,0.27680535695270675
bus_trip_count,Bus trips,Bus,All temporal buckets,Staten Island,Early 2026,2026-01-01,2026-03-31,90,20,1.0,24.47735336742683,60.698821874476735,17.722347092632383,13.847721267133402,0.68,0.95,,0.21309429692794638,0.021069899174199467,0.1429914284094091,0.7008437061870202,0.95,0.0,0.276611175789074,1.0,0.276611175789074
taxi_avg_trip_duration,Taxi average trip duration,Taxi,weekday_midday,Queens,First six months post-CP,2025-01-05,2025-06-30,126,69,0.8796871405567058,24.740360918340034,74.10395205111242,76.53317778280814,20.800124837697833,0.6839696652719666,0.8260869565217391,,0.21572624504192697,0.1488536084389737,0.2278869132335367,0.7051619043736507,0.8260869565217391,0.0,0.31431901507305765,0.8796871405567058,0.2765023955922182
taxi_avg_trip_duration,Taxi average trip duration,Taxi,weekday_am_peak,Queens,Second half of 2025,2025-07-01,2025-12-31,132,69,0.8686868686868687,23.228510869331014,81.26130418288803,76.31079067977885,22.16464833400233,0.6589989888776542,0.8985507246376812,,0.20059698023072806,0.1483704074947898,0.24454904778843267,0.6779988258424877,0.8985507246376812,0.0,0.3176767038176709,0.8686868686868687,0.2759615810941384
fhvhv_trip_count,FHVHV trips,FHVHV,weekday_evening,Manhattan,CP launch transition,2024-11-01,2025-04-30,129,67,0.9853060279995371,20.440340481981778,62.01637497797984,42.110122339165535,19.582661494986883,0.6196571160169093,0.8208955223880597,6.143425240125919,0.17269542467857554,0.07405946495903086,0.21302052354743592,0.6352027731763752,0.8208955223880597,0.0677445256096025,0.2798024766611825,0.9853060279995371,0.27569106690346296
fhvhv_trip_count,FHVHV trips,FHVHV,weekday_am_peak,Citywide,Early 2026,2026-01-01,2026-03-31,64,262,0.9817509541984732,26.729697670837083,73.50680070963925,51.623786805867795,10.27196243396596,0.7282225731988823,0.7709923664122137,,0.23563377657715184,0.09473068010748097,0.09932799939887747,0.753300176412006,0.7709923664122137,0.0,0.2807692883250984,0.9817509541984732,0.2756455167227916
subway_ridership,Subway ridership,Subway,weekend_midday,Queens,Early 2026,2026-01-01,2026-03-31,26,27,1.0,18.713594713791817,98.68912261280717,56.352563016806954,27.17301145977797,0.5897435897435898,0.6666666666666666,,0.15541567262532996,0.10500532777740022,0.3057059428711914,0.6026628671491894,0.6666666666666666,0.0,0.2755417517826994,1.0,0.2755417517826994
fhvhv_trip_count,FHVHV trips,FHVHV,weekday_midday,Queens,Early 2026,2026-01-01,2026-03-31,64,69,0.9893568840579711,24.408989465258422,64.37296853960906,36.568224423814584,11.283822718961162,0.708171206225681,0.8840579710144928,,0.2124101711575959,0.06201807286033769,0.11168377946789516,0.7314883180886849,0.8840579710144928,0.0,0.27845235315493466,0.9893568840579711,0.27548875247597593
subway_transfers,Subway transfers,Subway,weekday_midday,Queens,First six months post-CP,2025-01-05,2025-06-30,126,27,0.9121105232216343,24.593465127860906,108.72865275142314,71.73262793295083,9.554835656826704,0.7309055752497583,0.9259259259259259,,0.21425624124408613,0.13842301157226944,0.09057119683301915,0.7562187435447655,0.9259259259259259,0.0,0.30159664463279584,0.9121105232216343,0.27508947333790873
subway_ridership,Subway ridership,Subway,weekend_evening,Queens,CP launch transition,2024-11-01,2025-04-30,52,27,0.9088319088319088,19.902120717781404,98.66980045035481,78.21790148976547,26.645071967816936,0.6238244514106583,0.6666666666666666,7.001661596506899,0.16730939493009225,0.15251416282725355,0.299259297668143,0.6397359967374271,0.6666666666666666,0.07949449711745489,0.3020187951154867,0.9088319088319088,0.27448431806792095
subway_ridership,Subway ridership,Subway,weekend_overnight,Manhattan,Early 2026,2026-01-01,2026-03-31,26,49,1.0,22.109988198010388,275.85019820571654,78.50187299087204,16.950823510564227,0.6161695447409733,0.673469387755102,,0.1894037896740114,0.15313117386605438,0.18088326922979325,0.6314089963897416,0.673469387755102,0.0,0.27439849348124595,1.0,0.27439849348124595
taxi_avg_trip_duration,Taxi average trip duration,Taxi,weekday_overnight,Bronx,CP launch transition,2024-11-01,2025-04-30,129,43,0.6297097530196503,37.39850106370885,86.92351424640398,98.4276008118249,34.127317918663074,0.8033209275694245,1.0,11.817547573226257,0.3423977720244354,0.1964256381829306,0.3906246637783383,0.8349920963710817,1.0,0.14542799269917672,0.43550251043186733,0.6297097530196503,0.27424017828348884
taxi_avg_trip_duration,Taxi average trip duration,Taxi,weekday_pm_peak,Brooklyn,Second half of 2025,2025-07-01,2025-12-31,132,61,0.9376552409339295,20.300818784786212,73.71991493531507,70.14571944349026,21.016790499610423,0.6147019867549669,0.8360655737704918,,0.17129921431686457,0.1349749893174009,0.23053260780896198,0.629812588179029,0.8360655737704918,0.0,0.2921885573584191,0.9376552409339295,0.2739721321480457
subway_ridership,Subway ridership,Subway,weekend_midday,Brooklyn,Early 2026,2026-01-01,2026-03-31,26,48,0.9959935897435898,20.2208069363636,99.93863221569579,60.665503282069565,22.54284061295228,0.5953338696701529,0.7083333333333334,,0.17049852615098948,0.11437645038296342,0.24916713656195177,0.6087439684481116,0.7083333333333334,0.0,0.2746721737388792,0.9959935897435898,0.27357172432486127
subway_ridership,Subway ridership,Subway,weekend_midday,Manhattan,Early 2026,2026-01-01,2026-03-31,26,49,1.0,20.008057335926487,192.10022206928804,51.72310203262761,24.28490656896649,0.6153846153846154,0.673469387755102,,0.16836951537667383,0.09494647144919315,0.27043942497708284,0.6305551509667551,0.673469387755102,0.0,0.27342861735357304,1.0,0.27342861735357304
taxi_avg_trip_speed,Taxi average speed,Taxi,weekday_pm_peak,Citywide,First six months post-CP,2025-01-05,2025-06-30,126,258,0.8137996800787498,27.37258697846209,100.0,92.991911095124,22.704561840481205,0.6978264978264979,0.8294573643410853,,0.24206724700348312,0.18461501442092917,0.2511419071399357,0.7202353539241662,0.8294573643410853,0.0,0.3357766239566495,0.8137996800787498,0.27325490915384404
subway_ridership,Subway ridership,Subway,weekend_evening,Bronx,CP launch transition,2024-11-01,2025-04-30,52,27,0.9928774928774928,17.98570781117631,73.34364255245217,54.92258211462047,23.939133887515528,0.5774748923959828,0.6296296296296297,12.392498546398105,0.1481316210690981,0.10189827654695906,0.2662172104389336,0.5893169895980299,0.6296296296296297,0.15329955104432602,0.27503480194544616,0.9928774928774928,0.2730758646096524
fhvhv_trip_count,FHVHV trips,FHVHV,All temporal buckets,Queens,Early 2026,2026-01-01,2026-03-31,90,69,1.0,23.33588609910995,66.33916633301295,43.05662593812298,11.922785768357308,0.6660225442834139,0.8695652173913043,,0.2016714970365142,0.07611602051670376,0.11948612829770928,0.6856390428731357,0.8695652173913043,0.0,0.27306290836612146,1.0,0.27306290836612146
subway_ridership,Subway ridership,Subway,weekday_am_peak,Manhattan,Second half of 2025,2025-07-01,2025-12-31,132,49,1.0,23.64756385732735,228.8752282680388,32.172222968332534,13.318776059172652,0.6722325293753865,0.8775510204081632,,0.2047904937537632,0.052466475555512,0.1365325024538807,0.6923942588739735,0.8775510204081632,0.0,0.27299545900231914,1.0,0.27299545900231914
subway_transfers,Subway transfers,Subway,weekday_midday,Brooklyn,First six months post-CP,2025-01-05,2025-06-30,126,48,1.0,22.047128498655415,90.38904303677904,67.0996357610442,11.54802798190476,0.6661706349206349,0.7708333333333334,,0.18877474512153272,0.12835648270720804,0.11490997795637876,0.6858001357304153,0.7708333333333334,0.0,0.2727794189852799,1.0,0.2727794189852799
subway_ridership,Subway ridership,Subway,weekday_am_peak,Manhattan,CP launch transition,2024-11-01,2025-04-30,129,52,0.9609421586165772,22.38464610437753,86.41557288163331,25.58067522062737,13.571255213818944,0.6811976419484952,0.9038461538461539,9.501934028304667,0.19215232429266735,0.038144412576416264,0.13961551396553015,0.7021464999834509,0.9038461538461539,0.1137253119938773,0.28296879237726436,0.9609421586165772,0.27191664216813444
taxi_avg_trip_speed,Taxi average speed,Taxi,weekday_evening,Bronx,Early 2026,2026-01-01,2026-03-31,64,43,0.7311046511627907,25.035359737663804,85.3781761159362,88.89924113379689,34.7135299324255,0.6769383697813122,1.0,,0.21867833361676003,0.17572249339516752,0.39778287210341245,0.6975132676858612,1.0,0.0,0.3718498546457055,0.7311046511627907,0.27186115826568297
fhvhv_trip_count,FHVHV trips,FHVHV,weekday_overnight,Manhattan,Second half of 2025,2025-07-01,2025-12-31,132,67,0.9825870646766169,21.365143896437356,70.30324042133162,49.08668835648672,19.290671165039626,0.6387802071346376,0.7761194029850746,,0.18195004339209844,0.0892180925989019,0.20945504286536198,0.6560048538884441,0.7761194029850746,0.0,0.27659820878299163,0.9825870646766169,0.2717818220628898
subway_transfers,Subway transfers,Subway,weekday_midday,Citywide,CP launch transition,2024-11-01,2025-04-30,129,156,0.9733154442456768,20.95396832703056,94.0925542916236,69.68211549898824,11.997714721005522,0.6328176851993669,0.7628205128205128,10.20321401241391,0.177835360141912,0.13396767432179507,0.12040108234171307,0.6495188280790498,0.7628205128205128,0.12332641986008025,0.27918172455709056,0.9733154442456768,0.2717318842625588
taxi_avg_trip_duration,Taxi average trip duration,Taxi,weekday_am_peak,Brooklyn,CP launch transition,2024-11-01,2025-04-30,129,61,0.930995043842928,20.514009520421233,62.95303816286712,55.23848086105116,16.746485423696512,0.6283101283101283,0.819672131147541,13.738578036803897,0.17343263958402697,0.10258465885268882,0.17838810611439013,0.6446155118919896,0.819672131147541,0.17172850192944963,0.29184270394435313,0.930995043842928,0.27170411095391167
subway_ridership,Subway ridership,Subway,weekend_overnight,Queens,Early 2026,2026-01-01,2026-03-31,26,27,0.9957264957264957,20.04359393531429,96.59652381595949,71.02802947352949,22.79780314388842,0.6165951359084406,0.5925925925925926,,0.16872513438993508,0.1368920655946241,0.2522804724688967,0.6318719540654383,0.5925925925925926,0.0,0.2724641901394974,0.9957264957264957,0.2712998132585594
taxi_avg_trip_speed,Taxi average speed,Taxi,weekday_midday,Bronx,First six months post-CP,2025-01-05,2025-06-30,126,42,0.8813303099017384,19.386397956403833,75.876678283243,69.28385242402186,27.021872219020235,0.592409948542024,0.9047619047619048,,0.16214849538773463,0.13310233145237527,0.3038603884539531,0.6055633297674398,0.9047619047619048,0.0,0.3077880495727378,0.8813303099017384,0.27126293711399263
bus_trip_count,Bus trips,Bus,All temporal buckets,Queens,Second half of 2025,2025-07-01,2025-12-31,184,66,1.0,22.859468000427697,73.44627377118807,65.70119672444402,8.662585962906618,0.6625494071146245,0.8181818181818182,,0.19690392396897602,0.12531796539363982,0.0796759762692659,0.6818609674948166,0.8181818181818182,0.0,0.27074279833846265,1.0,0.27074279833846265
taxi_avg_trip_speed,Taxi average speed,Taxi,weekday_am_peak,Bronx,Second half of 2025,2025-07-01,2025-12-31,132,42,0.9112554112554112,21.944218994165066,81.81724163148529,54.46822929327888,21.189142064604024,0.6306413301662708,0.9047619047619048,,0.18774491736444512,0.10091106231882128,0.23263718495581784,0.6471513911004847,0.9047619047619048,0.0,0.2968530851850211,0.9112554112554112,0.270508980222714
taxi_avg_trip_duration,Taxi average trip duration,Taxi,weekday_am_peak,Queens,Early 2026,2026-01-01,2026-03-31,64,69,0.8822463768115942,21.22329742966972,83.18325109203036,77.316482518259,23.768081147590188,0.6303901437371663,0.8260869565217391,,0.1805305687823862,0.15055556679266335,0.2641284931861061,0.6468781507367881,0.8260869565217391,0.0,0.30621112235455644,0.8822463768115942,0.2701536532367192
taxi_avg_trip_duration,Taxi average trip duration,Taxi,All temporal buckets,Bronx,First six months post-CP,2025-01-05,2025-06-30,177,43,0.9414006043883852,22.40254155569677,54.099969896949894,40.28570677882874,16.625706709007524,0.6605722260990928,0.9302325581395349,,0.1923314062208666,0.07009538921304499,0.1769132827046317,0.6797101918271039,0.9302325581395349,0.0,0.28635256967638,0.9414006043883852,0.26957248216151136
taxi_avg_trip_speed,Taxi average speed,Taxi,weekend_midday,Bronx,Second half of 2025,2025-07-01,2025-12-31,52,43,0.898479427549195,20.13546234177134,62.68813161183644,59.04116148573268,23.252410779147183,0.6102538576406172,0.9302325581395349,,0.16964447255444592,0.11084709333403453,0.2578316656941354,0.624973917470159,0.9302325581395349,0.0,0.2999763444177022,0.898479427549195,0.26952257421071724
taxi_avg_trip_duration,Taxi average trip duration,Taxi,weekday_am_peak,Bronx,First six months post-CP,2025-01-05,2025-06-30,126,43,0.8684016242155776,22.709943360745818,66.3544276458241,57.212724969471196,21.237796061686748,0.6639744952178533,0.9534883720930233,,0.19540761296179046,0.10687428088671634,0.23323129670854426,0.6834111770065879,0.9534883720930233,0.0,0.3103068659160365,0.8684016242155776,0.26947098636673156
fhvhv_trip_count,FHVHV trips,FHVHV,weekday_evening,Brooklyn,CP launch transition,2024-11-01,2025-04-30,129,61,0.9982208666920829,19.37847397675593,74.06662690743967,42.95497224300895,21.99575338368487,0.5993634627625716,0.7377049180327869,4.094711322851739,0.16206919917278906,0.0758951481693878,0.24248667920668712,0.6131273560620303,0.7377049180327869,0.0396959234072666,0.2695941502715521,0.9982208666920829,0.2691145063391844
subway_ridership,Subway ridership,Subway,weekend_overnight,Bronx,CP launch transition,2024-11-01,2025-04-30,52,27,0.99002849002849,18.984874389689725,68.08091174246516,44.924781149322605,24.568396048060286,0.602158273381295,0.6666666666666666,5.711821679713417,0.15813040088640712,0.08017513343124524,0.2739011021547576,0.6161675484507877,0.6666666666666666,0.06183551290019061,0.27172543419034817,0.99002849002849,0.26901592131380625
fhvhv_trip_count,FHVHV trips,FHVHV,All temporal buckets,Brooklyn,Early 2026,2026-01-01,2026-03-31,90,61,1.0,22.04113669782705,73.9010163560939,55.76265849862263,13.121875743870508,0.6469945355191257,0.7868852459016393,,0.18871478445183024,0.10372358789103886,0.13412816162988536,0.6649403926566062,0.7868852459016393,0.0,0.2689290696777577,1.0,0.2689290696777577
fhvhv_trip_count,FHVHV trips,FHVHV,weekday_evening,Manhattan,Early 2026,2026-01-01,2026-03-31,64,67,0.9853078358208955,20.92711906953393,59.452407946354356,44.20540608576201,19.299340888229043,0.6279289940828402,0.7910447761194029,,0.17756667640114235,0.07861208096462347,0.2095609084622,0.6442009144344254,0.7910447761194029,0.0,0.2728131519909284,0.9853078358208955,0.26880493637165875
taxi_avg_trip_speed,Taxi average speed,Taxi,weekday_evening,Bronx,First six months post-CP,2025-01-05,2025-06-30,126,43,0.701734957548911,27.991918705944116,93.79039122534958,89.3347173828649,33.54686624992944,0.7235665439242503,1.0,,0.24826497389921243,0.1766686927558903,0.3835367947652748,0.7482353521023596,1.0,0.0,0.382762829737224,0.701734957548911,0.2685980580769519
taxi_avg_trip_duration,Taxi average trip duration,Taxi,weekday_evening,Brooklyn,Early 2026,2026-01-01,2026-03-31,64,61,0.8726946721311475,20.53267526267296,81.52719575895694,88.07460764896015,24.269700111751874,0.6163780452010567,0.8032786885245902,,0.17361942990599644,0.17393073626064404,0.27025373961739546,0.6316358029960824,0.8032786885245902,0.0,0.30733055727171077,0.8726946721311475,0.2682057399141185
fhvhv_trip_count,FHVHV trips,FHVHV,weekday_evening,Brooklyn,Second half of 2025,2025-07-01,2025-12-31,132,61,0.9991306507699951,19.217098278170152,78.48498875086888,40.120359953780465,20.72821127850593,0.5942821628340584,0.819672131147541,,0.16045429319742677,0.06973612493515831,0.2270087800223299,0.6075999227310681,0.819672131147541,0.0,0.2680338474021552,0.9991306507699951,0.2678008323833009
taxi_avg_trip_duration,Taxi average trip duration,Taxi,weekend_midday,Queens,CP launch transition,2024-11-01,2025-04-30,52,69,0.8049052396878483,22.616850916868252,79.57411628793119,77.89227595751012,21.91842704030603,0.6627423822714681,0.8405797101449275,16.236896171523213,0.1944760257079695,0.151806646237969,0.24154245073315356,0.6820708856907489,0.8405797101449275,0.205932560848939,0.3321172168007158,0.8049052396878483,0.2673228879934412
taxi_avg_trip_speed,Taxi average speed,Taxi,weekend_overnight,Bronx,CP launch transition,2024-11-01,2025-04-30,52,42,0.6726190476190477,29.73975169913219,96.0077657833573,89.37284575898005,32.51999696047809,0.7399591558883595,0.9761904761904762,10.958465970379766,0.2657557483427664,0.1767515377909129,0.3709977404232522,0.7660672201335116,0.9761904761904762,0.13366644906225633,0.3974343577462319,0.6726190476190477,0.2673219191983584
taxi_avg_trip_speed,Taxi average speed,Taxi,weekday_midday,Queens,CP launch transition,2024-11-01,2025-04-30,129,69,0.8427143017638468,19.58745451834015,88.98985265876162,73.43866087465598,25.29754435832831,0.6041861085188641,0.8695652173913043,10.336509882061998,0.16416049252300446,0.14212986649780945,0.28280469911667444,0.6183734256252877,0.8695652173913043,0.1251513514874048,0.3171531756840522,0.8427143017638468,0.26726951699877266
taxi_avg_trip_duration,Taxi average trip duration,Taxi,weekend_evening,Bronx,First six months post-CP,2025-01-05,2025-06-30,51,42,0.8790849673202614,21.877987306841725,63.439844042500965,63.9000529182047,20.53818628858967,0.6532129580456718,0.9047619047619048,,0.1870821289238427,0.1214044543314847,0.22468839348493977,0.6717047868909171,0.9047619047619048,0.0,0.3039371265744557,0.8790849673202614,0.26718655898211957
taxi_avg_trip_duration,Taxi average trip duration,Taxi,All temporal buckets,Queens,Early 2026,2026-01-01,2026-03-31,90,69,0.952818035426731,20.906745081270405,67.88815724129087,57.63819921395631,18.629596837287338,0.6261619063714721,0.8115942028985508,,0.17736279145640116,0.10779874797073626,0.20138269421792027,0.642278678067361,0.8115942028985508,0.0,0.28020000612750756,0.952818035426731,0.2669796193649698
taxi_avg_trip_duration,Taxi average trip duration,Taxi,weekday_overnight,Brooklyn,First six months post-CP,2025-01-05,2025-06-30,126,61,0.8330731199583659,25.1992785423372,75.72581439144726,75.52974834043472,20.822232774653756,0.6918631891300953,0.8688524590163934,,0.22031868875982766,0.14667336485752436,0.2281568722494777,0.7137484722767452,0.8688524590163934,0.0,0.32031097015939325,0.8330731199583659,0.26684245926757677
fhvhv_trip_count,FHVHV trips,FHVHV,weekday_overnight,Staten Island,Early 2026,2026-01-01,2026-03-31,64,20,0.9453125,20.495753959146203,92.63816964240641,51.54211737939818,22.217520101565803,0.6148760330578512,0.8,,0.17324995399229912,0.09455322942152156,0.2451946625452937,0.6300019155852494,0.8,0.0,0.2818275180006864,0.9453125,0.26641507561002387
taxi_avg_trip_duration,Taxi average trip duration,Taxi,weekday_pm_peak,Brooklyn,Early 2026,2026-01-01,2026-03-31,64,61,0.9500512295081968,19.322279696473963,67.01310928969946,70.02324281497403,22.126699753564793,0.5982744675114586,0.7377049180327869,,0.16150685626859834,0.1347088730645546,0.24408565939304777,0.6119427480418494,0.7377049180327869,0.0,0.280357625408024,0.9500512295081968,0.26635410672089166
bus_trip_count,Bus trips,Bus,weekend_evening,Queens,Early 2026,2026-01-01,2026-03-31,26,65,1.0,20.821114369501466,72.58624745781493,66.27209050910542,19.332485270487414,0.6136094674556213,0.6307692307692307,,0.17650587465094622,0.12655839890808135,0.2099656330114097,0.6286241467024619,0.6307692307692307,0.0,0.26630444634178385,1.0,0.26630444634178385
subway_ridership,Subway ridership,Subway,weekday_am_peak,Citywide,Early 2026,2026-01-01,2026-03-31,63,153,1.0,23.12118880165209,84.26041180639157,35.354164343293476,11.342178172047461,0.6803610333022098,0.8300653594771242,,0.1995229954244543,0.059380172688912415,0.11239635526008136,0.7012364378770004,0.8300653594771242,0.0,0.2654209149383977,1.0,0.2654209149383977
taxi_avg_trip_duration,Taxi average trip duration,Taxi,All temporal buckets,Queens,Second half of 2025,2025-07-01,2025-12-31,184,69,0.9591997479521109,20.167434455970536,62.05383052205618,55.663939169612256,17.276392453079037,0.6187387091476433,0.8405797101449275,,0.16996442133680736,0.10350909131125866,0.1848587768276972,0.63420373103913,0.8405797101449275,0.0,0.27603044313107783,0.9591997479521109,0.26476833147843937
taxi_avg_trip_duration,Taxi average trip duration,Taxi,weekday_pm_peak,Queens,CP launch transition,2024-11-01,2025-04-30,129,69,0.7247500280867318,26.619566454861648,84.67053018840664,83.12071708719529,25.708278311890176,0.6977212835219346,0.9130434782608695,16.137544175779624,0.23453168028687235,0.1631669619040302,0.28782015280365514,0.7201209019016289,0.9130434782608695,0.20457234916534395,0.3650418251219787,0.7247500280867318,0.2645640730099859
bus_trip_count,Bus trips,Bus,weekend_overnight,Queens,Second half of 2025,2025-07-01,2025-12-31,52,65,0.9923076923076923,22.617004750636735,103.82100531262772,89.18307699776679,8.515685588722796,0.6469886702444841,0.676923076923077,,0.19447756514094555,0.17633920972266712,0.07788218245959945,0.6649340124163124,0.676923076923077,0.0,0.26598916150553037,0.9923076923076923,0.2639430910324109
taxi_avg_trip_duration,Taxi average trip duration,Taxi,weekday_am_peak,Queens,First six months post-CP,2025-01-05,2025-06-30,126,69,0.8607085346215781,24.18995859437903,73.17955548338723,69.75074975302998,19.3857422303767,0.6767339302418816,0.8405797101449275,,0.21021830295642477,0.1341168022878712,0.21061595133429914,0.6972908785452254,0.8405797101449275,0.0,0.30634765422638915,0.8607085346215781,0.26367604055395333
taxi_avg_trip_duration,Taxi average trip duration,Taxi,weekend_midday,Queens,Early 2026,2026-01-01,2026-03-31,26,68,0.8897058823529411,20.616703274870947,79.45888409533782,77.82847476835761,23.65138609853823,0.6147488874761602,0.7647058823529411,,0.17446030830457523,0.15166801951718076,0.26270353523231504,0.6298636067398732,0.7647058823529411,0.0,0.2962999028329484,0.8897058823529411,0.26361976649107904
bus_trip_count,Bus trips,Bus,weekend_midday,Queens,Second half of 2025,2025-07-01,2025-12-31,52,65,1.0,21.389482839850697,86.44616997961565,81.05537596039693,11.757397266577701,0.6334319526627219,0.6615384615384615,,0.18219360611868404,0.15867940498667027,0.11746657680010025,0.6501870276537339,0.6615384615384615,0.0,0.26328378813233067,1.0,0.26328378813233067
subway_ridership,Subway ridership,Subway,weekend_midday,Brooklyn,Second half of 2025,2025-07-01,2025-12-31,52,48,0.9979967948717948,19.251222190562487,99.8720987634174,50.82287046908898,18.0004280154614,0.6029706945002007,0.7708333333333334,,0.1607957752824498,0.09299045540527406,0.1936999422569604,0.6170512993874759,0.7708333333333334,0.0,0.2637877856006553,0.9979967948717948,0.2632593645557822
subway_ridership,Subway ridership,Subway,weekend_overnight,Citywide,First six months post-CP,2025-01-05,2025-06-30,51,153,0.9793669101627579,19.9554782783935,102.02216336744853,70.52045053941754,19.45120910825358,0.6027218005757655,0.6535947712418301,,0.16784335044023635,0.13578920208828835,0.2114153644122181,0.6167805528082242,0.6535947712418301,0.0,0.2676756035379796,0.9793669101627579,0.26215262876294243
fhvhv_trip_count,FHVHV trips,FHVHV,weekday_overnight,Manhattan,First six months post-CP,2025-01-05,2025-06-30,126,67,0.9815209665955935,20.78633715764545,60.069970445897624,46.19047551609257,19.056458972869827,0.6280473087134927,0.7313432835820896,,0.1761578549198163,0.08292522417275237,0.20659508840440963,0.6443296169794847,0.7313432835820896,0.0,0.2670656656131649,0.9815209665955935,0.26213055025712917
taxi_avg_trip_duration,Taxi average trip duration,Taxi,weekday_evening,Brooklyn,CP launch transition,2024-11-01,2025-04-30,129,61,0.7992120981064939,22.986842740624265,77.90120806144697,78.76437193227892,23.546484936533282,0.6606773731912864,0.8852459016393442,6.320489283398679,0.1981785782747749,0.15370152949642724,0.2614225918985981,0.679824570736088,0.8852459016393442,0.07016868003751922,0.32786076018688093,0.7992120981064939,0.26203028603574713
fhvhv_trip_count,FHVHV trips,FHVHV,weekday_evening,Queens,Early 2026,2026-01-01,2026-03-31,64,69,0.978713768115942,19.659546444411767,84.18199935594545,45.748384449310464,20.401012263967296,0.5944007403979639,0.782608695652174,,0.1648819250757909,0.08196465218825098,0.22301336768883975,0.6077289112946751,0.782608695652174,0.0,0.2674904278594075,0.978713768115942,0.26179656458522627
taxi_avg_trip_duration,Taxi average trip duration,Taxi,weekday_overnight,Queens,Second half of 2025,2025-07-01,2025-12-31,132,69,0.7998462889767237,24.24102173463085,80.66396299976208,88.11964989971085,22.97095212118631,0.6708304735758408,0.8695652173913043,,0.2107292979267709,0.17402860370796644,0.2543947867812508,0.690869103880703,0.8695652173913043,0.0,0.32711885518983186,0.7998462889767237,0.2616448023779013
subway_ridership,Subway ridership,Subway,weekend_overnight,Queens,First six months post-CP,2025-01-05,2025-06-30,51,27,0.896877269426289,22.102928847662067,103.59348825222278,75.87691755969313,21.85725273472019,0.6380566801619433,0.7037037037037037,,0.18933314590819297,0.14742769140008083,0.2407954540608836,0.6552178019212339,0.7037037037037037,0.0,0.291535683502391,0.896877269426289,0.26147172775995126
subway_ridership,Subway ridership,Subway,weekday_am_peak,Manhattan,First six months post-CP,2025-01-05,2025-06-30,126,49,1.0,21.830808392500387,245.365003253897,28.36209900339165,13.663866108040654,0.6624554583738257,0.8163265306122449,,0.18661000386815824,0.0441878682431333,0.1407463813965055,0.6817587701420526,0.8163265306122449,0.0,0.2604147126962485,1.0,0.2604147126962485
taxi_avg_trip_duration,Taxi average trip duration,Taxi,weekday_evening,Bronx,First six months post-CP,2025-01-05,2025-06-30,126,43,0.701734957548911,33.300185062562036,75.44003517529566,76.08036535201904,23.92967529247381,0.7880063124671226,0.9767441860465116,,0.30138543214194086,0.14786974115928406,0.2661017119636694,0.8183328723224648,0.9767441860465116,0.0,0.3708892135639639,0.701734957548911,0.2602659265356572
fhvhv_trip_count,FHVHV trips,FHVHV,All temporal buckets,Citywide,Early 2026,2026-01-01,2026-03-31,90,262,1.0,21.205148857239656,69.25310372446936,54.22147767939682,11.885485060618826,0.6346904156064461,0.7748091603053435,,0.18034895384086497,0.10037492235754392,0.11903065104648228,0.6515559824721434,0.7748091603053435,0.0,0.2601839649682113,1.0,0.2601839649682113
taxi_avg_trip_speed,Taxi average speed,Taxi,weekday_pm_peak,Citywide,CP launch transition,2024-11-01,2025-04-30,129,257,0.7710916055862215,24.289386912487306,100.0,92.49791011837739,23.58987391073409,0.6643326552965108,0.8054474708171206,11.22141528602622,0.2112132940637626,0.18354165299330957,0.2619524126955948,0.6838007832066634,0.8054474708171206,0.13726644449927508,0.33736006361283793,0.7710916055862215,0.26013551311189304
fhvhv_trip_count,FHVHV trips,FHVHV,weekday_pm_peak,Brooklyn,Early 2026,2026-01-01,2026-03-31,64,61,0.9997438524590164,21.62413280475719,76.86322353508619,46.00200701303414,15.10217899522343,0.6210607225211375,0.7540983606557377,,0.18454177646754624,0.08251572129517426,0.1583095548582928,0.6367296150247557,0.7540983606557377,0.0,0.26011847490824846,0.9997438524590164,0.26005184620053634
taxi_avg_trip_speed,Taxi average speed,Taxi,weekday_overnight,Brooklyn,CP launch transition,2024-11-01,2025-04-30,129,61,0.771127208031516,21.171587274907573,88.23861743255254,86.51209642122802,28.56768360614144,0.6308503625576797,0.8688524590163934,8.534813699848552,0.18001309906021543,0.17053572418371343,0.32273622122521695,0.647378776341226,0.8688524590163934,0.10048462809656199,0.3372243202654943,0.771127208031516,0.26004284856665644
subway_ridership,Subway ridership,Subway,weekday_evening,Manhattan,Second half of 2025,2025-07-01,2025-12-31,132,49,1.0,20.242972606835846,294.0357086847261,63.8833196090605,15.029072763891346,0.6029684601113172,0.7142857142857143,,0.17072034067453445,0.12136809632929996,0.15741685798165014,0.617048868821329,0.7142857142857143,0.0,0.2599553655653327,1.0,0.2599553655653327
subway_ridership,Subway ridership,Subway,weekend_overnight,Brooklyn,First six months post-CP,2025-01-05,2025-06-30,51,48,0.9967320261437909,19.234344105878733,98.04526017372449,60.95572664896588,18.32512827782668,0.5971311475409836,0.6875,,0.16062687426422134,0.11500704542646306,0.19766484244093865,0.610699045642529,0.6875,0.0,0.2607649615440271,0.9967320261437909,0.2599127884670859
taxi_avg_trip_duration,Taxi average trip duration,Taxi,weekend_midday,Queens,Second half of 2025,2025-07-01,2025-12-31,52,69,0.8890746934225195,20.224174769285074,78.80202203497902,73.78378663872017,20.82035757153165,0.6106583072100313,0.8260869565217391,,0.1705322284590605,0.14287975303703035,0.22813397422916296,0.6254138773351786,0.8260869565217391,0.0,0.291873956049353,0.8890746934225195,0.25949774799259645
bus_trip_count,Bus trips,Bus,All temporal buckets,Queens,Early 2026,2026-01-01,2026-03-31,90,66,1.0,20.88445083511595,71.02746365105008,65.4473592323661,10.996270073304284,0.6451178451178451,0.7121212121212122,,0.1771396902605796,0.12476642929208288,0.10817248714751578,0.6628989305855076,0.7121212121212122,0.0,0.2589010036045872,1.0,0.2589010036045872
taxi_avg_trip_duration,Taxi average trip duration,Taxi,weekday_overnight,Queens,CP launch transition,2024-11-01,2025-04-30,129,68,0.7319881440948472,26.617996791877285,76.51717763201111,79.13243059796255,25.083548845868265,0.7008254166017754,0.9411764705882353,7.704885248304716,0.23451597248108147,0.1545012444634861,0.2801916096151672,0.7234975749755749,0.9411764705882353,0.08912221541537829,0.35312133238181886,0.7319881440948472,0.2584806287304673
fhvhv_trip_count,FHVHV trips,FHVHV,weekend_midday,Brooklyn,Early 2026,2026-01-01,2026-03-31,26,61,1.0,19.94480189972571,78.50950653929317,42.613204431519435,16.313321255761686,0.6216897856242118,0.7540983606557377,,0.16773651063810419,0.07515255776304738,0.17309875809653888,0.6374139092825498,0.7540983606557377,0.0,0.25797711564564674,1.0,0.25797711564564674
fhvhv_trip_count,FHVHV trips,FHVHV,weekday_am_peak,Staten Island,CP launch transition,2024-11-01,2025-04-30,129,20,0.9511627906976744,20.44134515594559,50.1775147928994,28.704940250051408,11.924639958747191,0.6511817440912795,0.9,9.01596008838792,0.17270547857145824,0.044932791000948755,0.11950876973250342,0.6694952342426228,0.9,0.10707192344289666,0.2708075248917126,0.9511627906976744,0.2575820411179313
taxi_avg_trip_speed,Taxi average speed,Taxi,weekend_evening,Brooklyn,CP launch transition,2024-11-01,2025-04-30,52,61,0.8694829760403531,18.478408790858182,70.65314076457628,60.332881704028786,22.365339277185328,0.5830311820159536,0.819672131147541,12.864573658136178,0.15306213888019335,0.1136537328405524,0.24699967579763912,0.5953611162730899,0.819672131147541,0.15976265304559603,0.2956734420059818,0.8694829760403531,0.2570830242914558
taxi_avg_trip_duration,Taxi average trip duration,Taxi,All temporal buckets,Brooklyn,CP launch transition,2024-11-01,2025-04-30,181,61,0.9812516982157413,18.352897134064726,51.1721742544774,41.31444158271095,13.334578689807932,0.5840871330995016,0.7704918032786885,15.15915118123094,0.1518061286735163,0.07233061608447562,0.1367254676601813,0.5965097788785615,0.7704918032786885,0.1911773330675568,0.2614323537542672,0.9812516982157413,0.25653094108991314
taxi_avg_trip_duration,Taxi average trip duration,Taxi,weekday_evening,Brooklyn,Second half of 2025,2025-07-01,2025-12-31,132,61,0.8954297069051167,19.650794814706003,79.05806477498193,82.13504027431713,21.311165854665354,0.6013869625520111,0.7377049180327869,,0.16479434646742638,0.1610252910959882,0.23412721192450445,0.6153285172488716,0.7377049180327869,0.0,0.2861104038429927,0.8954297069051167,0.2561917550556355
taxi_avg_trip_duration,Taxi average trip duration,Taxi,weekday_overnight,Queens,First six months post-CP,2025-01-05,2025-06-30,126,68,0.7952847805788982,25.513036389682973,71.07120620815373,72.77736054918353,21.00106582428478,0.6863809803346053,0.8970588235294118,,0.2234585011785245,0.14069299836425,0.23034059451141342,0.7077849306535777,0.8970588235294118,0.0,0.32180669068002793,0.7952847805788982,0.25592796338628737
taxi_avg_trip_duration,Taxi average trip duration,Taxi,weekend_overnight,Bronx,First six months post-CP,2025-01-05,2025-06-30,51,42,0.8137254901960784,22.832674439605853,72.23499128000775,79.69123935816779,22.293497602991096,0.6471600688468159,0.8571428571428571,,0.19663579759151265,0.1557154197320664,0.2461224203708801,0.665120459656337,0.8571428571428571,0.0,0.3129628531882314,0.8137254901960784,0.25466585112375695
taxi_avg_trip_duration,Taxi average trip duration,Taxi,weekend_evening,Bronx,CP launch transition,2024-11-01,2025-04-30,52,42,0.7206959706959707,25.381278465649505,77.72772714917092,74.77189499626257,25.286934376619435,0.6994917407878017,0.9523809523809523,10.321594130329904,0.2221399838262363,0.1450267070861488,0.28267514111101383,0.7220468036669397,0.9523809523809523,0.12494714240611007,0.3532595317877344,0.7206959706959707,0.2545927211693654
fhvhv_trip_count,FHVHV trips,FHVHV,weekday_am_peak,Bronx,CP launch transition,2024-11-01,2025-04-30,129,43,0.9776455741842437,19.300899625022126,43.48317783432288,17.63321274844381,7.91098132540763,0.649271620874055,0.9767441860465116,9.114871050222545,0.16129290332869586,0.02087622877387299,0.07049816611355322,0.6674174039854702,0.9767441860465116,0.10842609700444548,0.2602069099848343,0.9776455741842437,0.25439013391883114
taxi_avg_trip_duration,Taxi average trip duration,Taxi,weekday_am_peak,Brooklyn,First six months post-CP,2025-01-05,2025-06-30,126,61,0.953031485818371,20.889829229241418,59.39895066963038,51.230658734518734,14.200971834708405,0.6469624573378839,0.7868852459016393,,0.17719351249581816,0.093876494533437,0.1473049550760211,0.6649054980409199,0.7868852459016393,0.0,0.266793166444029,0.953031485818371,0.25426228782234095
taxi_avg_trip_speed,Taxi average speed,Taxi,weekday_pm_peak,Manhattan,Second half of 2025,2025-07-01,2025-12-31,132,66,0.9777318640955005,21.459937418700118,55.58981050873186,31.928035281669207,11.348450137364063,0.6676449870861705,0.8484848484848485,,0.1828986535413918,0.051935906475081776,0.11247294194423295,0.6874039346432936,0.8484848484848485,0.0,0.2600173707608743,0.9777318640955005,0.2542272686112405
taxi_avg_trip_speed,Taxi average speed,Taxi,weekday_evening,Brooklyn,Second half of 2025,2025-07-01,2025-12-31,132,61,0.8954297069051167,19.973704714004576,71.12860698594999,67.46043455473335,19.979716220551065,0.6016643550624133,0.819672131147541,,0.16802574456795094,0.12914042348163343,0.21786894080146274,0.615630264563403,0.819672131147541,0.0,0.2837757957435556,0.8954297069051167,0.25410127760941825
taxi_avg_trip_duration,Taxi average trip duration,Taxi,weekday_pm_peak,Queens,First six months post-CP,2025-01-05,2025-06-30,126,69,0.7793880837359098,25.46747882717664,77.69080436057506,76.03639729020448,23.224665924057625,0.6838842975206612,0.8695652173913043,,0.2230026011851602,0.14777420770121327,0.25749287452640524,0.705069041413268,0.8695652173913043,0.0,0.32575952501873706,0.7793880837359098,0.25389309196307364
taxi_avg_trip_duration,Taxi average trip duration,Taxi,weekday_evening,Queens,Early 2026,2026-01-01,2026-03-31,64,69,0.7649456521739131,24.304166700804473,86.00188167695998,93.29427737072024,23.965392323624666,0.672291296625222,0.855072463768116,,0.21136119717852617,0.18527199348071854,0.2665378510118783,0.6924581858336256,0.855072463768116,0.0,0.331273782260116,0.7649456521739131,0.2534064394190833
taxi_avg_trip_speed,Taxi average speed,Taxi,weekday_midday,Brooklyn,CP launch transition,2024-11-01,2025-04-30,129,61,0.9489134578726649,16.711544514478128,67.81485975322664,61.54626963423691,23.81615842592227,0.5414490424534619,0.6721311475409836,6.2937400282936515,0.13538091610262823,0.1162901725690768,0.2647155626523131,0.550128103574763,0.6721311475409836,0.06980246042563316,0.2658044152261336,0.9489134578726649,0.252225386770052
fhvhv_trip_count,FHVHV trips,FHVHV,weekday_pm_peak,Citywide,Early 2026,2026-01-01,2026-03-31,64,262,0.9844346374045801,20.53662109675554,72.07507723413855,53.34230628066091,14.765250101071658,0.6147694917307809,0.7137404580152672,,0.17365891634102715,0.0984646656736719,0.15419533140593505,0.6298860200288647,0.7137404580152672,0.0,0.25604396477366687,0.9844346374045801,0.25205854762159585
subway_ridership,Subway ridership,Subway,weekend_overnight,Brooklyn,CP launch transition,2024-11-01,2025-04-30,52,48,0.9951923076923077,17.26708183276144,65.25043464425667,56.970016003849935,17.04596264802804,0.5583735909822867,0.6875,6.931042786671039,0.14094024469233907,0.10634692475970822,0.1820450089243841,0.5685386117057186,0.6875,0.07852766671307913,0.25306734034043743,0.9951923076923077,0.25185067043495457
taxi_avg_trip_duration,Taxi average trip duration,Taxi,weekend_evening,Queens,Second half of 2025,2025-07-01,2025-12-31,52,69,0.8745819397993311,19.39659041779255,72.83379302265175,75.56791462970455,22.31634396355353,0.5949649458253665,0.782608695652174,,0.16225049257160143,0.14675629226995052,0.24640139624400495,0.6083426534332635,0.782608695652174,0.0,0.28793171841081583,0.8745819397993311,0.2518198808174861
taxi_avg_trip_duration,Taxi average trip duration,Taxi,All temporal buckets,Queens,First six months post-CP,2025-01-05,2025-06-30,177,69,0.9532465405715221,21.165335000585205,56.1400794388747,49.007462705058636,13.248769605066576,0.6418141212850026,0.7971014492753623,,0.17995053180101048,0.08904595172808624,0.13567765681642144,0.6593051428762884,0.7971014492753623,0.0,0.2639930420144874,0.9532465405715221,0.25165045403526265
taxi_avg_trip_speed,Taxi average speed,Taxi,weekday_overnight,Brooklyn,First six months post-CP,2025-01-05,2025-06-30,126,61,0.8330731199583659,20.43890609614392,81.88157254395486,81.37054064859248,23.921765004828085,0.6103389036389193,0.8032786885245902,,0.1726810706074184,0.15936419233645396,0.2660051197998276,0.6250664304279244,0.8032786885245902,0.0,0.3016661195822104,0.8330731199583659,0.2513099354260855
fhvhv_trip_count,FHVHV trips,FHVHV,weekday_evening,Citywide,Second half of 2025,2025-07-01,2025-12-31,132,261,0.984616277719726,18.621932412489382,79.26165953918247,44.27649704030782,20.03505453078447,0.5813631271741053,0.7164750957854407,,0.154498396979827,0.07876654683018647,0.21854467439904957,0.5935466077692783,0.7164750957854407,0.0,0.25497975172725773,0.984616277719726,0.2510572140395924
fhvhv_trip_count,FHVHV trips,FHVHV,weekday_overnight,Citywide,Early 2026,2026-01-01,2026-03-31,64,260,0.9825721153846154,19.263439900330038,73.79585724981283,57.56815761015684,17.284117977419292,0.5929663608562691,0.6846153846153846,,0.16091803936980476,0.1076465621262019,0.1849531128551918,0.6061685945647916,0.6846153846153846,0.0,0.25547269862280697,0.9825721153846154,0.25102034990882777
subway_ridership,Subway ridership,Subway,weekend_midday,Citywide,First six months post-CP,2025-01-05,2025-06-30,51,153,0.9818018710752274,18.237437044213372,99.95313891188553,57.96944722588246,22.8493991984192,0.5715963973371623,0.6013071895424836,,0.15065070570307623,0.10851848103952244,0.2529105095517479,0.5829223681465997,0.6013071895424836,0.0,0.25541093748708377,0.9818018710752274,0.2507629363178968
taxi_avg_trip_duration,Taxi average trip duration,Taxi,weekend_evening,Queens,Early 2026,2026-01-01,2026-03-31,26,68,0.8421945701357466,20.526509071482444,75.77488907724921,73.63001331000217,21.378748882436884,0.6151779717931498,0.8529411764705882,,0.173557724091019,0.14254563556072575,0.23495246521285473,0.6303303642603677,0.8529411764705882,0.0,0.29718211903707015,0.8421945701357466,0.2502851669944556
fhvhv_trip_count,FHVHV trips,FHVHV,weekday_evening,Citywide,CP launch transition,2024-11-01,2025-04-30,129,261,0.9829813775282901,18.505711796519236,71.75626973209776,41.5480173566312,21.05452910365836,0.5794960116026106,0.6551724137931034,5.00823866100078,0.15333536333327882,0.07283812768456098,0.23099343219217244,0.5915155611891053,0.6551724137931034,0.052202874569483006,0.25454015404085495,0.9829813775282901,0.25020823125534275
taxi_avg_trip_duration,Taxi average trip duration,Taxi,weekend_midday,Queens,First six months post-CP,2025-01-05,2025-06-30,51,69,0.863029269678886,21.878654434629958,70.20369002283016,68.3653878515685,18.656399559045486,0.6450444517616069,0.7971014492753623,,0.18708880495165228,0.1311066988704335,0.20170998103825075,0.6628190933609294,0.7971014492753623,0.0,0.28966944084726465,0.863029269678886,0.24999320598270608
subway_transfers,Subway transfers,Subway,weekday_midday,Queens,CP launch transition,2024-11-01,2025-04-30,129,27,0.9250645994832042,21.942513454656314,100.0,62.435133975277935,9.956513301813564,0.6604593420235878,0.7407407407407407,7.0621780396584555,0.1877278498259741,0.11822149000157117,0.09547606434654365,0.6795873966348777,0.7407407407407407,0.08032301769631477,0.2702406406738336,0.9250645994832042,0.24999005002902436
taxi_avg_trip_speed,Taxi average speed,Taxi,All temporal buckets,Bronx,Second half of 2025,2025-07-01,2025-12-31,184,43,0.9483063700707786,19.42832603917123,66.4858709942833,44.11169574648531,18.2238884710019,0.5918965747034519,0.813953488372093,,0.16256807474193682,0.07840846787824621,0.1964286077493451,0.6050048821838511,0.813953488372093,0.0,0.26354753463260494,0.9483063700707786,0.2499238059085484
taxi_avg_trip_speed,Taxi average speed,Taxi,weekend_midday,Brooklyn,CP launch transition,2024-11-01,2025-04-30,52,61,0.9300126103404792,16.945845018790408,66.36603592722587,63.93050918928166,21.825813304317094,0.5491525423728814,0.6721311475409836,9.743011289104043,0.13772558935740073,0.12147062947716646,0.24041154860148742,0.5585079636142636,0.6721311475409836,0.11702586075823927,0.26868698033313104,0.9300126103404792,0.24988227994411621
subway_ridership,Subway ridership,Subway,weekend_midday,Manhattan,CP launch transition,2024-11-01,2025-04-30,52,52,0.9600591715976331,17.616924995379588,104.23637258264874,52.21398801360769,21.7545684302252,0.5585516178736518,0.6346153846153846,8.744112642714473,0.14444116718998135,0.09601306463856958,0.23954158067372305,0.5687322691923821,0.6346153846153846,0.10335010518456186,0.25990620509123524,0.9600591715976331,0.24952533595297582
subway_ridership,Subway ridership,Subway,weekday_evening,Manhattan,First six months post-CP,2025-01-05,2025-06-30,126,49,1.0,19.908150552315664,247.99736252057025,57.549699144233045,14.11290322580645,0.6020408163265306,0.673469387755102,,0.1673697362076524,0.10760645571696743,0.1462295532851681,0.616039778775981,0.673469387755102,0.0,0.24937437741971333,1.0,0.24937437741971333
taxi_avg_trip_speed,Taxi average speed,Taxi,weekend_evening,Brooklyn,Second half of 2025,2025-07-01,2025-12-31,52,61,0.9385245901639344,18.19780422537707,65.04702395333645,58.896772068637844,21.917541394854045,0.5720524017467249,0.7213114754098361,,0.15025409533038636,0.11053336514692294,0.24153163615668863,0.5834184093187292,0.7213114754098361,0.0,0.26563439652293874,0.9385245901639344,0.24930441313013513
fhvhv_trip_count,FHVHV trips,FHVHV,weekday_am_peak,Staten Island,First six months post-CP,2025-01-05,2025-06-30,126,20,0.9531746031746032,20.50353261844134,50.1775147928994,31.548653976683923,11.412341679299104,0.6573688592839301,0.9,,0.17332779596904102,0.05111158976661487,0.11325311866638141,0.6762255723882725,0.9,0.0,0.26152791622697913,0.9531746031746032,0.2492817677687317
subway_ridership,Subway ridership,Subway,weekend_overnight,Citywide,CP launch transition,2024-11-01,2025-04-30,52,156,0.9693047337278107,17.692408382871356,86.81039406943648,64.32674016428524,18.154461834370007,0.5641612616049854,0.6282051282051282,7.604202645036935,0.14519653850405964,0.12233155701580799,0.19558084223677796,0.5748344344201036,0.6282051282051282,0.08774378660501957,0.2565584220461498,0.9693047337278107,0.2486832929670705
taxi_avg_trip_duration,Taxi average trip duration,Taxi,weekday_evening,Queens,Second half of 2025,2025-07-01,2025-12-31,132,69,0.7742643829600351,23.35892936500271,82.57400180267203,87.47951115398864,23.24461924279932,0.6521554169030063,0.8405797101449275,,0.20190209376271398,0.17263771528805252,0.25773652359700844,0.6705543946206177,0.8405797101449275,0.0,0.31972828250154306,0.7742643829600351,0.24755422136592903
taxi_avg_trip_duration,Taxi average trip duration,Taxi,weekday_midday,Citywide,CP launch transition,2024-11-01,2025-04-30,129,258,0.8512709572742023,19.29268536773082,73.61689183628714,70.03749986902484,18.353056264478337,0.5993576168290272,0.7325581395348837,15.524977220947425,0.16121070227054926,0.13473985067919497,0.19800586981987167,0.613120996860964,0.7325581395348837,0.19618579665866462,0.2903708202363824,0.8512709572742023,0.24718424610712056
fhvhv_trip_count,FHVHV trips,FHVHV,weekend_midday,Citywide,Early 2026,2026-01-01,2026-03-31,26,262,0.9853200234879624,18.484575916637265,68.0560960698493,47.21596291767067,18.42652631185716,0.5852205005959475,0.6870229007633588,,0.1531238540477107,0.08515339511405885,0.19890300923776805,0.5977426549859001,0.6870229007633588,0.0,0.2500574097598314,0.9853200234879624,0.24638657285789609
subway_ridership,Subway ridership,Subway,weekend_midday,Citywide,CP launch transition,2024-11-01,2025-04-30,52,156,0.9718934911242604,17.025365103766337,98.88399187521557,50.716572322148956,21.960381231670375,0.5466768138001015,0.6217948717948718,7.494153468834817,0.13852135638746993,0.09275949162964695,0.24205475146197775,0.5558148683779816,0.6217948717948718,0.08623712159925104,0.25348052407341076,0.9718934911242604,0.2463560714737143
subway_ridership,Subway ridership,Subway,weekend_midday,Queens,First six months post-CP,2025-01-05,2025-06-30,51,27,0.9048656499636892,18.794862694290174,116.10466128246188,81.21046174533933,23.87607752614097,0.5778491171749599,0.5925925925925926,,0.1562289310555803,0.15901637415751196,0.2654472320687476,0.5897240709641549,0.5925925925925926,0.0,0.2718071960681261,0.9048656499636892,0.24594899513499283
taxi_avg_trip_duration,Taxi average trip duration,Taxi,weekday_overnight,Brooklyn,Second half of 2025,2025-07-01,2025-12-31,132,61,0.8729508196721312,19.85093705557372,84.88749916004494,80.14247013609284,21.271729567297267,0.5990894864134301,0.7049180327868853,,0.16679719388207523,0.15669585040888262,0.2336456572072334,0.6128293248445376,0.7049180327868853,0.0,0.2816787348254516,0.8729508196721312,0.24589168245008683
fhvhv_trip_count,FHVHV trips,FHVHV,weekday_evening,Bronx,Early 2026,2026-01-01,2026-03-31,64,43,0.9785610465116279,18.29074458980316,77.54689392909275,30.929519097470383,20.20487915557778,0.5733382844411437,0.7674418604651163,,0.151184160706892,0.04976633838225855,0.22061839519367438,0.5848171913164135,0.7674418604651163,0.0,0.2512688605196516,0.9785610465116279,0.24588191910589452
taxi_avg_trip_duration,Taxi average trip duration,Taxi,weekend_midday,Brooklyn,First six months post-CP,2025-01-05,2025-06-30,51,61,0.9559627129540341,19.3556643023078,64.55873029499253,55.58573824495738,14.22071880202741,0.6217215870880969,0.7377049180327869,,0.16184094002419877,0.103339176958697,0.14754608439875647,0.637448502885353,0.7377049180327869,0.0,0.25709996636034693,0.9559627129540341,0.24577798134222817
taxi_avg_trip_duration,Taxi average trip duration,Taxi,weekday_evening,Brooklyn,First six months post-CP,2025-01-05,2025-06-30,126,61,0.8736664064532917,20.655423243396314,69.1384284365565,71.41873156228633,18.973205438621328,0.6268056589724498,0.7377049180327869,,0.1748477836746925,0.1377409800128179,0.20557848327186629,0.6429789515472969,0.7377049180327869,0.0,0.28073783292788945,0.8736664064532917,0.24527121364959378
taxi_avg_trip_duration,Taxi average trip duration,Taxi,weekday_am_peak,Bronx,Early 2026,2026-01-01,2026-03-31,64,43,0.9066133720930233,18.174114965772,80.83399609613187,57.903460548041615,24.010595930355464,0.5695390781563127,0.7209302325581395,,0.15001703406761013,0.10837510570614235,0.2670898302044353,0.580684418257272,0.7209302325581395,0.0,0.2697108352753494,0.9066133720930233,0.24452344985901045
taxi_avg_trip_speed,Taxi average speed,Taxi,weekend_evening,Brooklyn,First six months post-CP,2025-01-05,2025-06-30,51,61,0.9421407907425265,18.37259333748155,57.36496951910049,52.50803131292599,18.57707821899155,0.5803480040941658,0.7540983606557377,,0.15200323094398532,0.09665195960111977,0.2007413917507575,0.5924423578281163,0.7540983606557377,0.0,0.25898810417901974,0.9421407907425265,0.2440032572641295
taxi_avg_trip_speed,Taxi average speed,Taxi,weekday_overnight,Queens,First six months post-CP,2025-01-05,2025-06-30,126,68,0.7952847805788982,21.65150138106319,85.37766889523412,78.59452405647563,22.494752605027806,0.635162899911946,0.8382352941176471,,0.184815657093942,0.1533324853709459,0.24857993607717851,0.6520699504597288,0.8382352941176471,0.0,0.30664626195768463,0.7952847805788982,0.24387110515635654
subway_ridership,Subway ridership,Subway,weekday_am_peak,Brooklyn,CP launch transition,2024-11-01,2025-04-30,129,48,1.0,19.677732373629276,70.66761688695016,26.45613051273551,11.039911203562493,0.626453488372093,0.7708333333333334,5.306345263246076,0.16506391385116567,0.04004659493310489,0.10870538701069832,0.64259586069614,0.7708333333333334,0.05628420258203111,0.2438666416016065,1.0,0.2438666416016065
subway_ridership,Subway ridership,Subway,weekend_midday,Queens,CP launch transition,2024-11-01,2025-04-30,52,27,0.9209401709401709,17.422981698557656,99.88231865865687,80.47378832171164,22.53880696855208,0.5545243619489559,0.5555555555555556,6.115778552651081,0.14250035335206185,0.15741573595051495,0.2491178819130397,0.5643514239473361,0.5555555555555556,0.06736601940009435,0.2646224521283144,0.9209401709401709,0.24370144629765708
subway_ridership,Subway ridership,Subway,weekday_am_peak,Brooklyn,Second half of 2025,2025-07-01,2025-12-31,132,48,1.0,20.167910824495316,85.4135728082821,30.472804248144808,11.2127649450882,0.6122159090909091,0.8125,,0.16996918841378292,0.04877399195833916,0.11081609621242233,0.627108235210891,0.8125,0.0,0.24366679019645948,1.0,0.24366679019645948
fhvhv_trip_count,FHVHV trips,FHVHV,weekday_midday,Citywide,Early 2026,2026-01-01,2026-03-31,64,262,0.9849117366412213,21.1764705882353,63.411607930779645,48.5320661917405,10.946428760747644,0.6359067514380866,0.6908396946564885,,0.18006196696251808,0.08801301393192824,0.10756387713936238,0.6528791114572534,0.6908396946564885,0.0,0.24654425848759504,0.9849117366412213,0.2428243337859394
taxi_avg_trip_speed,Taxi average speed,Taxi,weekday_evening,Brooklyn,Early 2026,2026-01-01,2026-03-31,64,61,0.8726946721311475,19.43267830937161,68.91272160268231,69.67544731978455,20.087910492351607,0.5943645435867332,0.7704918032786885,,0.16261162843195698,0.13395318575459259,0.21919009614960586,0.6076895364371216,0.7704918032786885,0.0,0.2780512521483978,0.8726946721311475,0.24265384632930107
fhvhv_trip_count,FHVHV trips,FHVHV,weekend_evening,Bronx,First six months post-CP,2025-01-05,2025-06-30,51,43,0.9772001823985408,16.480026061815362,51.39826422372228,25.355612525025233,32.09804301283826,0.5450303313112459,0.5581395348837209,,0.13306408317246435,0.03765539812578423,0.3658452798972258,0.5540238262596688,0.5581395348837209,0.0,0.2481132495727065,0.9772001823985408,0.24245631273794346
taxi_avg_trip_duration,Taxi average trip duration,Taxi,weekend_overnight,Queens,Early 2026,2026-01-01,2026-03-31,26,68,0.8116515837104072,24.01320655950487,76.0488511551326,73.40822074375295,18.266870238106712,0.6648083623693379,0.7941176470588235,,0.2084495241391854,0.14206372642137036,0.19695345615895268,0.6843182569175469,0.7941176470588235,0.0,0.2986560309084846,0.8116515837104072,0.24240464047153584
taxi_avg_trip_speed,Taxi average speed,Taxi,weekend_midday,Queens,CP launch transition,2024-11-01,2025-04-30,52,69,0.8049052396878483,18.89759022119691,76.27386041232741,72.44001073687062,23.014402542895354,0.5903739612188366,0.8115942028985508,9.769371385357399,0.15725693774115757,0.13996000735168948,0.254925357910985,0.6033485846530147,0.8115942028985508,0.11738675246087844,0.300826844202246,0.8049052396878483,0.2421371031371478
taxi_avg_trip_speed,Taxi average speed,Taxi,weekday_overnight,Queens,CP launch transition,2024-11-01,2025-04-30,129,68,0.7319881440948472,21.58353724316582,86.78443732737037,82.24992702753404,25.534699043844768,0.6288740071639931,0.8970588235294118,8.44589004205479,0.18413553181260991,0.16127491612762196,0.2857005842304896,0.6452288987841879,0.8970588235294118,0.09926718905697543,0.3307028883167923,0.7319881440948472,0.24207059346581433
bus_trip_count,Bus trips,Bus,All temporal buckets,Staten Island,CP launch transition,2024-11-01,2025-04-30,181,20,1.0,24.556323584175175,60.76631298349603,14.462827992027497,12.8891665721758,0.6165745856353592,0.7,3.5202868179995046,0.21388456136069658,0.013987641770135102,0.13128656048381732,0.631849599497515,0.7,0.03183157285249959,0.24049173202131377,1.0,0.24049173202131377
taxi_avg_trip_speed,Taxi average speed,Taxi,weekday_am_peak,Queens,CP launch transition,2024-11-01,2025-04-30,129,69,0.8203572632288507,18.973742045623077,89.49040918009719,66.95700042442304,22.693378578393688,0.5897014516570802,0.7681159420289855,9.843728377324725,0.15801899818382817,0.12804656577232065,0.25100534883356024,0.6026170293779198,0.7681159420289855,0.11840476169636445,0.2928611356257808,0.8203572632288507,0.24025075972805882
fhvhv_trip_count,FHVHV trips,FHVHV,weekday_midday,Brooklyn,Early 2026,2026-01-01,2026-03-31,64,61,1.0,20.7287945358512,67.36915043927624,36.0705366389232,11.10132869928951,0.6288422131147541,0.7049180327868853,,0.17558201900035691,0.060936700765047536,0.10945535326675752,0.6451943132470295,0.7049180327868853,0.0,0.23951259991042773,1.0,0.23951259991042773
taxi_avg_trip_duration,Taxi average trip duration,Taxi,weekday_evening,Queens,First six months post-CP,2025-01-05,2025-06-30,126,69,0.7726017943409248,23.83951482503211,73.04501376503866,74.8774662565859,20.798064408539304,0.6540122078308769,0.855072463768116,,0.20671137011519522,0.14525609148826582,0.22786175342648812,0.6725742100630696,0.855072463768116,0.0,0.30962202546667517,0.7726017943409248,0.23921453244302474
subway_ridership,Subway ridership,Subway,weekday_evening,Manhattan,Early 2026,2026-01-01,2026-03-31,62,49,1.0,19.29099271409627,242.88626927414128,54.121364654147854,14.650473207219056,0.5882159315339038,0.6122448979591837,,0.16119376368256727,0.10015739756556429,0.15279379595832687,0.6010010819711183,0.6122448979591837,0.0,0.23921151341115604,1.0,0.23921151341115604
taxi_avg_trip_duration,Taxi average trip duration,Taxi,weekday_evening,Queens,CP launch transition,2024-11-01,2025-04-30,129,69,0.7055387035164589,25.367133066869936,78.93833843176958,78.23017220930393,22.709782864024515,0.6718152866242039,0.9130434782608695,9.208204830502098,0.2219984291236807,0.15254082454992557,0.25120566082173634,0.691940382597738,0.9130434782608695,0.10970391429900679,0.3388418207722132,0.7055387035164589,0.23906601892478363
taxi_avg_trip_duration,Taxi average trip duration,Taxi,weekend_overnight,Brooklyn,CP launch transition,2024-11-01,2025-04-30,52,61,0.8206179066834804,21.56828063264725,76.74414581596675,74.67157759893047,17.843225465585377,0.6323472915866308,0.7540983606557377,5.883460189454597,0.18398285708087442,0.14480873823611815,0.1917803490469491,0.6490071343451062,0.7540983606557377,0.06418538724903941,0.2905342707268379,0.8206179066834804,0.23841762506366931
taxi_avg_trip_duration,Taxi average trip duration,Taxi,weekend_overnight,Bronx,CP launch transition,2024-11-01,2025-04-30,52,42,0.6726190476190477,25.144413477890883,80.57863157571113,86.73112944804458,27.080147221360427,0.6780122532334921,0.8809523809523809,11.152257233319427,0.21976964747796515,0.17101163741754546,0.3045719818657257,0.6986814371052336,0.8809523809523809,0.1363196130783015,0.3541506501919779,0.6726190476190477,0.23820847304579468
subway_ridership,Subway ridership,Subway,weekday_overnight,Manhattan,Second half of 2025,2025-07-01,2025-12-31,132,49,1.0,18.354397803978543,372.21156052790866,61.35389763328104,12.840082441993799,0.5839517625231911,0.6326530612244898,,0.1518211460573734,0.11587218820204193,0.13068719639531504,0.5963625228916968,0.6326530612244898,0.0,0.23818940009725167,1.0,0.23818940009725167
subway_transfers,Subway transfers,Subway,weekday_midday,Brooklyn,CP launch transition,2024-11-01,2025-04-30,129,48,1.0,17.582417582417587,72.90428392638114,50.60564742361623,11.909768399484493,0.5652454780361758,0.6458333333333334,8.786377425175205,0.14409584736875058,0.09251847488463612,0.11932717379652484,0.5760138440444224,0.6458333333333334,0.10392874530625665,0.23719250742483644,1.0,0.23719250742483644
taxi_avg_trip_speed,Taxi average speed,Taxi,All temporal buckets,Queens,CP launch transition,2024-11-01,2025-04-30,181,69,0.9353030666986949,17.605626063420623,69.46287690593586,55.08778111212236,19.626260173486322,0.5594555260679737,0.6376811594202898,6.4011703543846386,0.1443280974223791,0.10225721962631841,0.2135529050341166,0.5697155396845229,0.6376811594202898,0.07127327118919868,0.25349327941150607,0.9353030666986949,0.23709304162109077
subway_ridership,Subway ridership,Subway,weekend_midday,Manhattan,First six months post-CP,2025-01-05,2025-06-30,51,49,1.0,17.955873576904114,198.8313463038325,57.80992018645186,21.32689048187452,0.5654261704681873,0.46938775510204084,,0.1478330663076393,0.10817186194594322,0.2343192246345049,0.5762104011037191,0.46938775510204084,0.0,0.2368437593506766,1.0,0.2368437593506766
taxi_avg_trip_speed,Taxi average speed,Taxi,weekday_evening,Bronx,CP launch transition,2024-11-01,2025-04-30,129,43,0.5707589688119704,29.867762408778525,100.0,98.25495605219072,36.71700414336001,0.7406822488945041,0.9767441860465116,11.818408008365203,0.26703676687114386,0.19605051701031184,0.4222472048688524,0.766853800032313,0.9767441860465116,0.14543977277385173,0.4141158894874605,0.5707589688119704,0.23636035805251485
bus_trip_count,Bus trips,Bus,weekend_evening,Queens,Second half of 2025,2025-07-01,2025-12-31,52,65,1.0,19.298986486486484,71.53616649687089,69.02646001956124,10.659058887362276,0.585207100591716,0.6,,0.1612737583218579,0.1325430712652198,0.10405481664290474,0.597728078473774,0.6,0.0,0.23586069458032358,1.0,0.23586069458032358
fhvhv_trip_count,FHVHV trips,FHVHV,weekday_evening,Brooklyn,First six months post-CP,2025-01-05,2025-06-30,126,61,0.9988290398126464,17.448544990114755,64.34029546612328,39.37215473992204,20.40472612323159,0.5577699622248274,0.6065573770491803,,0.1427561682774023,0.06811043054526347,0.2230587174559542,0.5678819849054021,0.6065573770491803,0.0,0.2360286202237155,0.9988290398126464,0.23575224010635754
bus_trip_count,Bus trips,Bus,weekend_evening,Brooklyn,Early 2026,2026-01-01,2026-03-31,26,58,1.0,15.06555423122766,35.10994563265715,20.2578677608742,23.747405151733,0.5046419098143236,0.7586206896551724,,0.11890929387509337,0.026579058492358212,0.263876019538007,0.5100893389615795,0.7586206896551724,0.0,0.23557729711546377,1.0,0.23557729711546377
taxi_avg_trip_duration,Taxi average trip duration,Taxi,weekend_overnight,Queens,CP launch transition,2024-11-01,2025-04-30,52,69,0.7246376811594203,23.933413877469025,74.30400452718177,74.18551859401705,19.816114044960564,0.6746153846153846,0.8840579710144928,9.073638447101796,0.20765102919763526,0.14375263306228395,0.21587120205196864,0.6949863265853315,0.8840579710144928,0.10786158827877654,0.32408250943261846,0.7246376811594203,0.2348423981395786
taxi_avg_trip_duration,Taxi average trip duration,Taxi,weekday_evening,Bronx,CP launch transition,2024-11-01,2025-04-30,129,43,0.5707589688119704,36.26768624536041,88.78853853849428,89.98836930499479,27.59851409824346,0.8139608338597599,0.9767441860465116,11.325721911471085,0.33108157247777037,0.17808894249896629,0.31090173630001566,0.8465661765267329,0.9767441860465116,0.1386944891957565,0.4114476913835355,0.5707589688119704,0.23483746005413256
taxi_avg_trip_duration,Taxi average trip duration,Taxi,weekday_midday,Brooklyn,Second half of 2025,2025-07-01,2025-12-31,132,61,0.9706905116741182,16.967199940741608,58.45758374008816,52.42849248614442,17.672795825611068,0.5527123848515865,0.6721311475409836,,0.13793929062323326,0.0964791382653651,0.18969924043937644,0.5623803569479765,0.6721311475409836,0.0,0.24121765907515805,0.9706905116741182,0.23414769291249818
taxi_avg_trip_duration,Taxi average trip duration,Taxi,weekend_evening,Queens,CP launch transition,2024-11-01,2025-04-30,52,69,0.7873467112597548,20.157435360795983,67.43913733221301,63.284634707209804,20.382562115709973,0.6067256637168141,0.8260869565217391,10.696348008572503,0.1698643591918431,0.12006727849453201,0.2227880737648774,0.6211359514050001,0.8260869565217391,0.13007783555266447,0.2973341781331675,0.7873467112597548,0.2341050872982715
fhvhv_trip_count,FHVHV trips,FHVHV,weekend_overnight,Staten Island,Second half of 2025,2025-07-01,2025-12-31,52,20,0.9615384615384616,15.839660086414707,65.57575863930234,48.60145478698659,21.07431468863888,0.525,0.7,,0.12665586403441648,0.08816378092462603,0.23123503307342186,0.5322348505098363,0.7,0.0,0.24345435222919964,0.9615384615384616,0.23409072329730735
fhvhv_trip_count,FHVHV trips,FHVHV,weekday_am_peak,Queens,CP launch transition,2024-11-01,2025-04-30,129,69,0.983709695539827,18.427123741818622,48.02983676147325,26.361822634075743,9.413773344403777,0.6129511192325263,0.7681159420289855,7.431332280578308,0.15254892324198674,0.039841683517867044,0.08884869133085586,0.6279079961183772,0.7681159420289855,0.08537704713769358,0.2377754421284598,0.983709695539827,0.23390200778303494
subway_ridership,Subway ridership,Subway,weekend_overnight,Queens,CP launch transition,2024-11-01,2025-04-30,52,27,0.9145299145299145,17.320776467995827,97.95015643542993,66.34306122315054,20.468147967653017,0.5537383177570093,0.5925925925925926,6.308162762614824,0.14147757334866595,0.1267126035160324,0.22383315872305695,0.563496365807234,0.5925925925925926,0.06999991968738445,0.2555240033924355,0.9145299145299145,0.2336843449828256
taxi_avg_trip_speed,Taxi average speed,Taxi,weekend_evening,Brooklyn,Early 2026,2026-01-01,2026-03-31,26,61,0.9287515762925599,16.920543278318835,58.4024681253256,60.38162877871114,19.98282228050688,0.5458248472505092,0.6885245901639344,,0.1374723918051504,0.11375965010010504,0.21790686875877496,0.5548880999586138,0.6885245901639344,0.0,0.2516014386479969,0.9287515762925599,0.2336752327418029
fhvhv_trip_count,FHVHV trips,FHVHV,weekday_evening,Staten Island,First six months post-CP,2025-01-05,2025-06-30,126,20,0.9575396825396826,18.325787900505162,78.18912699909286,44.0163168522612,25.415403015676397,0.5706589307915458,0.5,,0.1515348433210965,0.07820122936883393,0.2842438658386192,0.5819025929111671,0.5,0.0,0.24399143811082669,0.9575396825396826,0.2336314841910416
taxi_avg_trip_duration,Taxi average trip duration,Taxi,weekend_overnight,Queens,Second half of 2025,2025-07-01,2025-12-31,52,69,0.8324972129319955,20.343408978588702,66.1168647536892,70.570305742366,17.637382973670054,0.6243722798794777,0.782608695652174,,0.17172541949562586,0.13589752708020122,0.1892668157097094,0.6403319240357176,0.782608695652174,0.0,0.2804834869816924,0.8324972129319955,0.23350172118570658
taxi_avg_trip_speed,Taxi average speed,Taxi,weekday_overnight,Brooklyn,Second half of 2025,2025-07-01,2025-12-31,132,61,0.8729508196721312,18.170413705872406,67.5107095432949,67.00665361238332,19.93269248734076,0.5753307725138711,0.7377049180327869,,0.14997999511576918,0.12815445182765986,0.217294736126977,0.5869846179866909,0.7377049180327869,0.0,0.26731174370674654,0.8729508196721312,0.23335000577679105
subway_ridership,Subway ridership,Subway,weekday_pm_peak,Manhattan,Early 2026,2026-01-01,2026-03-31,62,49,1.0,18.30182871646246,258.69635290303273,66.27998485367954,10.12607220017178,0.5786701777485188,0.6326530612244898,,0.15129508089209115,0.12657555167773374,0.09754654036771587,0.5906172198915707,0.6326530612244898,0.0,0.23327010127757944,1.0,0.23327010127757944
subway_ridership,Subway ridership,Subway,weekday_pm_peak,Manhattan,Second half of 2025,2025-07-01,2025-12-31,132,49,1.0,18.229539250625642,254.66964620577536,56.55630046680865,9.608054152137676,0.5820964749536178,0.6938775510204082,,0.15057167153517625,0.10544800690251777,0.09122104546668652,0.5943443428010008,0.6938775510204082,0.0,0.23325995164819294,1.0,0.23325995164819294
taxi_avg_trip_speed,Taxi average speed,Taxi,weekend_evening,Citywide,Second half of 2025,2025-07-01,2025-12-31,52,258,0.8682170542635659,17.72179644317773,60.31963721033193,59.849047157284176,22.497231158027045,0.5715144230769231,0.7364341085271318,,0.14549062834911675,0.11260246095188998,0.24861020157549102,0.582833196622639,0.7364341085271318,0.0,0.2680391715690031,0.8682170542635659,0.2327161799668864
taxi_avg_trip_speed,Taxi average speed,Taxi,weekday_midday,Queens,First six months post-CP,2025-01-05,2025-06-30,126,69,0.8796871405567058,17.79365073950097,80.23946962841339,67.2786770971934,21.801323238477316,0.5665533472803347,0.6811594202898551,,0.14620968291250364,0.12874550231084864,0.2401125015177356,0.5774365429904418,0.6811594202898551,0.0,0.2641822359413118,0.8796871405567058,0.23239771572108958
subway_ridership,Subway ridership,Subway,weekend_overnight,Manhattan,CP launch transition,2024-11-01,2025-04-30,52,52,0.9619082840236687,17.670682730923694,96.50209021438408,63.81293724634548,13.399503722084365,0.5540176855055747,0.5576923076923077,11.631838290831924,0.1449791272986775,0.12121517008648042,0.13751826428603686,0.563800261784,0.5576923076923077,0.14288547773735602,0.24143108864912932,0.9619082840236687,0.23223456419245023
subway_ridership,Subway ridership,Subway,weekday_overnight,Manhattan,Early 2026,2026-01-01,2026-03-31,63,49,1.0,18.412958786139015,344.35598384558256,62.65198858821249,13.163329795393338,0.5733722060252673,0.5714285714285714,,0.15240717283118632,0.1186926699948948,0.1346343551737779,0.5848540911840383,0.5714285714285714,0.0,0.2319524439201794,1.0,0.2319524439201794
subway_ridership,Subway ridership,Subway,weekend_overnight,Manhattan,First six months post-CP,2025-01-05,2025-06-30,51,49,1.0,18.56926312820935,274.85916962236564,74.38528738724236,14.214401457319916,0.5666266506602641,0.4897959183673469,,0.1539713291335077,0.14418668912124624,0.1474689435889199,0.5775162823388751,0.4897959183673469,0.0,0.23194176101236305,1.0,0.23194176101236305
taxi_avg_trip_duration,Taxi average trip duration,Taxi,weekday_pm_peak,Citywide,CP launch transition,2024-11-01,2025-04-30,129,257,0.7710916055862215,20.70067757136865,77.19084236141302,71.86311592891106,18.51604917379067,0.621342512908778,0.7431906614785992,16.55682689120956,0.17530064916369725,0.1387065348611372,0.19999616884646318,0.6370361463460517,0.7431906614785992,0.21031267923107447,0.3006417533401915,0.7710916055862215,0.231822332289345
subway_ridership,Subway ridership,Subway,weekend_midday,Brooklyn,First six months post-CP,2025-01-05,2025-06-30,51,48,0.9987745098039216,16.755020983461254,96.80970894998325,41.64564114359182,19.754437524208868,0.5451942740286299,0.6041666666666666,,0.13581599034344513,0.07305024387921263,0.21511807285307555,0.5542021629949895,0.6041666666666666,0.0,0.23199636472502239,0.9987745098039216,0.23171205545452603
taxi_avg_trip_duration,Taxi average trip duration,Taxi,weekend_midday,Citywide,CP launch transition,2024-11-01,2025-04-30,52,255,0.846078431372549,17.817937836031785,71.38921587802669,65.90327634955933,16.663768450567254,0.574739281575898,0.6901960784313725,16.153810503968465,0.14645272680111596,0.12575704240991437,0.1773780529053497,0.5863411946951099,0.6901960784313725,0.2047950487647436,0.27365570846764986,0.846078431372549,0.23153419255645277
taxi_avg_trip_speed,Taxi average speed,Taxi,weekday_evening,Brooklyn,CP launch transition,2024-11-01,2025-04-30,129,61,0.7992120981064939,18.172195129870648,83.79376258368701,75.87245777408687,24.155483367311817,0.5719510256002545,0.7377049180327869,6.647986204418392,0.14999782203943007,0.14741800121307605,0.26885904412887035,0.5833081324409917,0.7377049180327869,0.0746523860262956,0.2893578238089861,0.7992120981064939,0.23125827346990896
bus_trip_count,Bus trips,Bus,All temporal buckets,Staten Island,First six months post-CP,2025-01-05,2025-06-30,177,20,1.0,23.856956891403097,62.16918414134496,16.758414297643743,12.710175025098511,0.6132768361581921,0.65,,0.20688591496582648,0.018975473596800067,0.1291009028167505,0.6282623106868364,0.65,0.0,0.23118057855874086,1.0,0.23118057855874086
fhvhv_trip_count,FHVHV trips,FHVHV,weekday_overnight,Brooklyn,Early 2026,2026-01-01,2026-03-31,64,61,0.9951331967213115,17.828313514451864,74.58432304038004,47.741627664153114,17.076736481825762,0.5611325611325612,0.5901639344262295,,0.14655655745979543,0.08629555533092645,0.1824207868138058,0.5715398168662688,0.5901639344262295,0.0,0.23211672366001512,0.9951331967213115,0.23098705722826812
taxi_trip_count,Taxi trips,Taxi,weekday_midday,Manhattan,First six months post-CP,2025-01-05,2025-06-30,126,67,0.9851930822080076,18.283878659425085,144.96733768830822,64.36180219658146,12.975656231299771,0.5707586870265721,0.5970149253731343,,0.15111545251791966,0.12240773952315558,0.13234268179051056,0.5820111076507442,0.5970149253731343,0.0,0.23429672042740002,0.9851930822080076,0.23082750814909808
taxi_avg_trip_speed,Taxi average speed,Taxi,weekday_evening,Brooklyn,First six months post-CP,2025-01-05,2025-06-30,126,61,0.8736664064532917,18.068823659415937,74.56733596118077,65.31673672622705,20.312089250552717,0.566939687267312,0.7213114754098361,,0.14896337133351684,0.12448261374055904,0.22192753280321612,0.5778568032685489,0.7213114754098361,0.0,0.26410850229375227,0.8736664064532917,0.2307427261127435
taxi_avg_trip_speed,Taxi average speed,Taxi,weekend_evening,Citywide,CP launch transition,2024-11-01,2025-04-30,52,258,0.7945736434108527,18.02896834815691,68.35279138623478,63.1710877516732,23.593625792622916,0.5710131332082552,0.748062015503876,12.964016710010789,0.14856453445246118,0.11982056456473518,0.2619982267552537,0.5822878939702604,0.748062015503876,0.16112411136356766,0.29032949016501014,0.7945736434108527,0.23068816079002744
taxi_avg_trip_duration,Taxi average trip duration,Taxi,weekday_overnight,Citywide,Early 2026,2026-01-01,2026-03-31,64,256,0.80584716796875,18.816117110518185,97.82828617231978,93.30873018449144,22.080098779476593,0.5734302809967432,0.71875,,0.1564416265485836,0.18530339644053603,0.243516617011037,0.5849172650839353,0.71875,0.0,0.28593008758464844,0.80584716796875,0.2304159513171456
fhvhv_trip_count,FHVHV trips,FHVHV,weekday_overnight,Queens,Early 2026,2026-01-01,2026-03-31,64,69,0.9714673913043478,18.09224295198461,73.79585724981283,46.43335207519786,15.896072013093292,0.5729603729603729,0.6521739130434783,,0.14919773100377293,0.08345294444556131,0.1680037465096385,0.5844060995595102,0.6521739130434783,0.0,0.23718183785234698,0.9714673913043478,0.23041442128319034
fhvhv_trip_count,FHVHV trips,FHVHV,weekday_evening,Manhattan,First six months post-CP,2025-01-05,2025-06-30,126,67,0.9855484482350154,17.571747511301755,52.00823511679206,39.28003892372475,17.57175131788135,0.5606971153846154,0.6417910447761194,,0.14398907068704755,0.0679102820260621,0.1884653905361791,0.5710661393871035,0.6417910447761194,0.0,0.23330748813683833,0.9855484482350154,0.22993583289487027
taxi_avg_trip_duration,Taxi average trip duration,Taxi,weekend_overnight,Brooklyn,Second half of 2025,2025-07-01,2025-12-31,52,61,0.9066834804539723,17.36007367339542,71.46570954956773,73.84051086054308,15.194567529481855,0.555980528511822,0.7213114754098361,,0.14187082519743244,0.14300300297899893,0.15943770706183683,0.5659354405785634,0.7213114754098361,0.0,0.2530339208243717,0.9066834804539723,0.2294216760059562
taxi_avg_trip_duration,Taxi average trip duration,Taxi,All temporal buckets,Brooklyn,First six months post-CP,2025-01-05,2025-06-30,177,61,0.9854589237751227,18.98052717932933,49.223935986481756,39.92691776667448,10.518648315202705,0.6038533834586466,0.7049180327868853,,0.15808689783081273,0.0693158152760937,0.10234026951155169,0.6180114876145886,0.7049180327868853,0.0,0.23260791370837314,0.9854589237751227,0.22922554430463
taxi_avg_trip_speed,Taxi average speed,Taxi,weekend_overnight,Queens,Second half of 2025,2025-07-01,2025-12-31,52,69,0.8324972129319955,19.70742460261954,63.99562136487461,68.95982996176508,18.027619343610123,0.6083026447941078,0.7681159420289855,,0.16536104754873238,0.13239829800094516,0.19403197433230934,0.6228513899525295,0.7681159420289855,0.0,0.27521748157222264,0.8324972129319955,0.22911778635903818
fhvhv_trip_count,FHVHV trips,FHVHV,weekday_am_peak,Bronx,First six months post-CP,2025-01-05,2025-06-30,126,43,0.9772978959025471,18.357358415416897,41.0568065506653,18.436026940059847,7.196490996677703,0.6181303116147309,0.9069767441860465,,0.15185077325121002,0.022620577120107715,0.06177355709970206,0.6335419167693157,0.9069767441860465,0.0,0.23410897228421135,0.9772978959025471,0.22879420602526748
fhvhv_trip_count,FHVHV trips,FHVHV,weekday_overnight,Staten Island,Second half of 2025,2025-07-01,2025-12-31,132,20,0.9492424242424242,17.240292154905152,81.98847484592785,52.00341639472413,20.21340960343216,0.5550678371907423,0.6,,0.1406721571721778,0.09555553628518544,0.22072256010571012,0.5649426158093134,0.6,0.0,0.24090921989827097,0.9492424242424242,0.228681251918586
taxi_avg_trip_speed,Taxi average speed,Taxi,weekday_overnight,Queens,Second half of 2025,2025-07-01,2025-12-31,132,69,0.7998462889767237,19.531573553727398,76.74507491209307,77.23347456452957,22.067227136430436,0.5965682910089224,0.7536231884057971,,0.16360128500630286,0.15037520776522664,0.2433594419613156,0.6100867708310369,0.7536231884057971,0.0,0.2858612818000656,0.7998462889767237,0.2286450854099119
taxi_avg_trip_duration,Taxi average trip duration,Taxi,weekend_overnight,Brooklyn,Early 2026,2026-01-01,2026-03-31,26,61,0.8745271122320303,18.181261672583716,76.48130847151539,78.7860167107774,16.335993999411137,0.5739005046863734,0.7049180327868853,,0.1500885520200376,0.15374855910050342,0.17337561394140996,0.5854287739756828,0.7049180327868853,0.0,0.2614360923424563,0.8745271122320303,0.22863295086947472
taxi_avg_trip_speed,Taxi average speed,Taxi,weekend_evening,Queens,CP launch transition,2024-11-01,2025-04-30,52,69,0.7873467112597548,18.90259068950263,66.74874060781782,63.327821123549256,22.573323161475574,0.5904424778761062,0.7536231884057971,10.754428500803218,0.15730697802737964,0.1201611135994769,0.2495393575800924,0.6034231170089956,0.7536231884057971,0.13087300593177856,0.29037263250647055,0.7873467112597548,0.22862393724380695
taxi_avg_trip_duration,Taxi average trip duration,Taxi,weekend_evening,Brooklyn,CP launch transition,2024-11-01,2025-04-30,52,61,0.8694829760403531,18.03118340377943,66.77430988690426,66.06876701178149,19.807710965406777,0.574329224075417,0.6229508196721312,7.061433919332497,0.14858670077980735,0.12611661921607847,0.21576859242847746,0.5858951345278973,0.6229508196721312,0.08031283006843881,0.26261084859891815,0.8694829760403531,0.22833566218026993
taxi_avg_trip_duration,Taxi average trip duration,Taxi,weekend_evening,Brooklyn,Early 2026,2026-01-01,2026-03-31,26,61,0.9287515762925599,16.707068107924254,69.12316228605664,64.70224225608081,19.850671262273238,0.5403937542430414,0.6229508196721312,,0.13533612016522656,0.12314744500043961,0.21629317866597783,0.5489801620420621,0.6229508196721312,0.0,0.24575482728987325,0.9287515762925599,0.2282451832269756
taxi_avg_trip_duration,Taxi average trip duration,Taxi,weekday_pm_peak,Citywide,Early 2026,2026-01-01,2026-03-31,64,256,0.86029052734375,17.736696516202848,75.59298545883352,76.36040218629064,19.631578625132477,0.5604114934373892,0.6953125,,0.14563973516738285,0.14847820298500639,0.21361784840606435,0.5707554400988576,0.6953125,0.0,0.26411563347576966,0.86029052734375,0.22721617760259846
subway_ridership,Subway ridership,Subway,weekday_am_peak,Citywide,CP launch transition,2024-11-01,2025-04-30,129,156,0.9732160604253628,18.799738718323713,79.17051635740734,27.38562961001714,10.391955680949634,0.608577993362267,0.7243589743589743,5.242263443866275,0.15627772601304155,0.04206620324359841,0.10079323149809426,0.623150913868592,0.7243589743589743,0.05540686902900022,0.233379963732213,0.9732160604253628,0.2271291288856784
taxi_avg_trip_duration,Taxi average trip duration,Taxi,weekday_pm_peak,Citywide,Second half of 2025,2025-07-01,2025-12-31,132,260,0.8286421911421912,19.081972845550023,78.87147128448679,76.13093173753094,19.681339236043616,0.5841625936214353,0.7269230769230769,,0.15910207678272492,0.1479796114030639,0.21422547297008301,0.5965918647640587,0.7269230769230769,0.0,0.27384150020824405,0.8286421911421912,0.22691662075822414
fhvhv_trip_count,FHVHV trips,FHVHV,weekend_overnight,Staten Island,Early 2026,2026-01-01,2026-03-31,26,20,0.9615384615384616,15.90826356024754,152.55401083676531,54.939789915121764,22.57154373236598,0.526,0.55,,0.12734238722715335,0.10193566552022365,0.24951762905190272,0.5333226495787214,0.55,0.0,0.23585431707267535,0.9615384615384616,0.22678299718526476
taxi_avg_trip_speed,Taxi average speed,Taxi,weekday_am_peak,Brooklyn,CP launch transition,2024-11-01,2025-04-30,129,61,0.930995043842928,16.05830831133933,73.65951003856148,56.34986472201919,19.527681292606704,0.5285285285285285,0.6065573770491803,6.668200692668021,0.12884390305161367,0.10499946494375846,0.21234916278861063,0.536073180557704,0.6065573770491803,0.07492913922978436,0.24304810811553657,0.930995043842928,0.22627658407096465
subway_ridership,Subway ridership,Subway,weekday_am_peak,Citywide,Second half of 2025,2025-07-01,2025-12-31,132,153,0.9998514557338086,18.93029125503038,82.69147631141807,31.633405394475886,10.124131578617888,0.5901550042093795,0.7189542483660131,,0.15758418090974483,0.05129573697902136,0.09752284352589624,0.6031104034220014,0.7189542483660131,0.0,0.2262073244817851,0.9998514557338086,0.22617372268076283
fhvhv_trip_count,FHVHV trips,FHVHV,weekday_evening,Queens,CP launch transition,2024-11-01,2025-04-30,129,69,0.97809234917425,17.07591872820092,80.12453300124533,38.868449048453584,20.58356203957822,0.547438548127728,0.5217391304347826,5.487669182059115,0.13902725257190837,0.06701598279000724,0.22524247472322423,0.5566434822703115,0.5217391304347826,0.05876667825892911,0.23115504436644624,0.97809234917425,0.22609098036785538
taxi_avg_trip_speed,Taxi average speed,Taxi,weekend_evening,Manhattan,Second half of 2025,2025-07-01,2025-12-31,52,66,0.9784382284382285,15.942814926963734,39.594445773157574,29.08904170982565,22.830872120158286,0.5333531864204883,0.6212121212121212,,0.12768814689887528,0.04576736362452787,0.2526842762389992,0.5413214389202669,0.6212121212121212,0.0,0.23083575349295904,0.9784382284382285,0.22585852570785445
bus_trip_count,Bus trips,Bus,weekend_evening,Citywide,Early 2026,2026-01-01,2026-03-31,26,247,1.0,15.494641220765773,47.78074526262242,36.461781025485806,19.88246816846229,0.5119900342572408,0.6396761133603239,,0.12320321885529724,0.06178679348363827,0.21668144924599073,0.5180826218886364,0.6396761133603239,0.0,0.22510363661049504,1.0,0.22510363661049504
subway_ridership,Subway ridership,Subway,weekday_am_peak,Brooklyn,First six months post-CP,2025-01-05,2025-06-30,126,48,1.0,18.13648164868484,62.20470825188565,28.15703115978761,10.314205622803366,0.593584656084656,0.7291666666666666,,0.14964043294879636,0.04374229844928528,0.09984382906274401,0.6068411755385271,0.7291666666666666,0.0,0.22477527001207515,1.0,0.22477527001207515
taxi_avg_trip_speed,Taxi average speed,Taxi,weekday_pm_peak,Manhattan,Early 2026,2026-01-01,2026-03-31,64,66,0.9770359848484849,19.88492650985436,53.50048498662416,34.9350271665961,9.091608964867213,0.6283014296098861,0.6818181818181818,,0.16713733042864412,0.058469474735820884,0.0849147566971389,0.6446060494539658,0.6818181818181818,0.0,0.22990051170902487,0.9770359848484849,0.22462107287479774
taxi_avg_trip_speed,Taxi average speed,Taxi,weekend_midday,Brooklyn,First six months post-CP,2025-01-05,2025-06-30,51,61,0.9559627129540341,16.19654180796308,59.81545914470539,58.54095330650635,18.15368678213713,0.5359784801613988,0.6065573770491803,,0.13022722223566205,0.10976024494580397,0.19557137810909805,0.544177231007179,0.6065573770491803,0.0,0.2348821036613979,0.9559627129540341,0.2245385330405006
taxi_avg_trip_duration,Taxi average trip duration,Taxi,weekend_overnight,Queens,First six months post-CP,2025-01-05,2025-06-30,51,69,0.8036373969877806,21.153109958071738,66.68931110674939,69.07133817081265,17.73683366361105,0.6265912305516266,0.7536231884057971,,0.17982819433398745,0.1326405821584439,0.19048120357614184,0.642745696510783,0.7536231884057971,0.0,0.278996198438834,0.8036373969877806,0.22421177868287084
taxi_avg_trip_speed,Taxi average speed,Taxi,weekend_midday,Queens,First six months post-CP,2025-01-05,2025-06-30,51,69,0.863029269678886,17.469697133824518,67.3178774009269,64.03090455090334,18.913328510442227,0.5709581824168587,0.7246376811594203,,0.14296784031704626,0.12168876772739085,0.20484732881629553,0.5822281185505448,0.7246376811594203,0.0,0.2597832116570398,0.863029269678886,0.22420051543121056
bus_trip_count,Bus trips,Bus,weekday_overnight,Queens,Early 2026,2026-01-01,2026-03-31,64,65,0.9855769230769231,20.833984839365385,90.20154909636047,78.37922983061205,5.612212173689954,0.6058536585365853,0.5230769230769231,,0.17663467098689464,0.15286469577434814,0.04242800021293119,0.6201873849818842,0.5230769230769231,0.0,0.22736450823852714,0.9855769230769231,0.22408521244662533
taxi_avg_trip_duration,Taxi average trip duration,Taxi,weekday_overnight,Citywide,CP launch transition,2024-11-01,2025-04-30,129,256,0.7332848837209303,21.32697068178513,77.29516847001398,77.4812596092415,20.63144165123425,0.63102907168814,0.8046875,7.490715416496714,0.18156803945358163,0.15091359315686367,0.22582713049061084,0.647573175966942,0.8046875,0.08619005179532714,0.3054311638526285,0.7332848837209303,0.22396805547042306
taxi_avg_trip_speed,Taxi average speed,Taxi,All temporal buckets,Queens,First six months post-CP,2025-01-05,2025-06-30,177,69,0.9532465405715221,16.96457934747642,65.25385753260876,52.75416400325143,17.174708730543088,0.5444940731833018,0.6231884057971014,,0.13791306603204614,0.09718675477017281,0.18361712150147874,0.5534404851674092,0.6231884057971014,0.0,0.2339376395540697,0.9532465405715221,0.22300024561438464
taxi_avg_trip_duration,Taxi average trip duration,Taxi,weekday_am_peak,Citywide,CP launch transition,2024-11-01,2025-04-30,129,257,0.8438150393629535,17.634756473215436,69.94927756601821,61.636993034913566,16.563222390863878,0.5553529937444146,0.7042801556420234,12.607732635165885,0.14461960892785766,0.1164872956588126,0.1761502895284057,0.5652528088428845,0.7042801556420234,0.15624628522977146,0.264116369019568,0.8438150393629535,0.2228653643206471
taxi_avg_trip_speed,Taxi average speed,Taxi,weekend_overnight,Queens,Early 2026,2026-01-01,2026-03-31,26,68,0.8116515837104072,18.559988445062,64.21701471477631,73.450097976813,19.579609819421723,0.5818815331010453,0.7647058823529411,,0.1538785162666045,0.14215471694320722,0.21298325967545256,0.594110529253908,0.7647058823529411,0.0,0.27449820204759356,0.8116515837104072,0.22279690041758868
taxi_avg_trip_duration,Taxi average trip duration,Taxi,weekday_midday,Citywide,Early 2026,2026-01-01,2026-03-31,64,261,0.8820043103448276,17.714818101153504,73.78111236318911,66.64689193412453,18.77376357198785,0.5576596755582706,0.6551724137931034,,0.14542079524331578,0.12737276448946505,0.20314310767978117,0.5677620151722111,0.6551724137931034,0.0,0.2522375153621277,0.8820043103448276,0.2224745757800663
taxi_avg_trip_speed,Taxi average speed,Taxi,weekend_overnight,Queens,First six months post-CP,2025-01-05,2025-06-30,51,69,0.8036373969877806,20.393700894926063,72.91256490204,71.0283428275238,17.79431185746433,0.6241159830268741,0.7391304347826086,,0.1722286967357393,0.1368927464477125,0.19118306719560274,0.6400531245580972,0.7391304347826086,0.0,0.276826551560172,0.8036373969877806,0.22246816931292027
taxi_avg_trip_speed,Taxi average speed,Taxi,weekend_overnight,Brooklyn,CP launch transition,2024-11-01,2025-04-30,52,61,0.8206179066834804,17.90792403494957,72.27794003112098,68.06528333605925,21.069173967177115,0.5701114099116404,0.6721311475409836,6.895492943595388,0.14735322948898025,0.13045463414512967,0.2311722599566986,0.581307000207811,0.6721311475409836,0.07804095971198105,0.27053201718188635,0.8206179066834804,0.22200341763065895
subway_ridership,Subway ridership,Subway,weekday_overnight,Manhattan,First six months post-CP,2025-01-05,2025-06-30,126,49,1.0,16.90230610670387,312.7349560675662,62.4338150915172,11.701553048667392,0.5409782960803369,0.5918367346938775,,0.13728989024095692,0.11821862434133378,0.11678466558680527,0.5496160261083967,0.5918367346938775,0.0,0.22199564463653315,1.0,0.22199564463653315
subway_ridership,Subway ridership,Subway,weekend_midday,Brooklyn,CP launch transition,2024-11-01,2025-04-30,52,48,0.9987980769230769,15.620708519878978,69.89621982720442,38.95505752699837,18.63982278752367,0.5142398716405937,0.5416666666666666,6.875322997581426,0.12446478944132625,0.06720416500937657,0.20150756283267912,0.5205299928993905,0.5416666666666666,0.07776481632884784,0.22201815894160526,0.9987980769230769,0.22175131019287736
taxi_avg_trip_speed,Taxi average speed,Taxi,weekend_overnight,Queens,CP launch transition,2024-11-01,2025-04-30,52,69,0.7246376811594203,20.58685174442588,77.21748223170505,74.20232795390264,20.660887137527123,0.6253846153846154,0.782608695652174,12.39084128219558,0.17416158045823954,0.14378915630692,0.22618668798886934,0.6414331416556056,0.782608695652174,0.15327686171519672,0.30582046975122973,0.7246376811594203,0.22160903605161575
taxi_avg_trip_duration,Taxi average trip duration,Taxi,weekend_evening,Brooklyn,Second half of 2025,2025-07-01,2025-12-31,52,61,0.9385245901639344,16.28097511056724,64.93775848368666,64.02825979094357,19.6059129544443,0.5314074571716493,0.5573770491803278,,0.13107215642395656,0.12168302121380127,0.21330444606480292,0.5392048764550773,0.5573770491803278,0.0,0.2359145121874966,0.9385245901639344,0.22141157086449476
taxi_avg_trip_speed,Taxi average speed,Taxi,weekday_am_peak,Queens,First six months post-CP,2025-01-05,2025-06-30,126,69,0.8607085346215781,17.513986543649608,79.2012762321693,62.7312249229429,19.438474581765167,0.5592676733930242,0.7101449275362319,,0.14341104975439406,0.11886483407830553,0.21125986368656738,0.5695111937196253,0.7101449275362319,0.0,0.25709156301933567,0.8607085346215781,0.2212809024699435
taxi_avg_trip_speed,Taxi average speed,Taxi,weekend_midday,Citywide,CP launch transition,2024-11-01,2025-04-30,52,255,0.846078431372549,15.991414955376412,70.86397611375895,66.4289700295545,20.362936768743772,0.5249130938586327,0.6509803921568628,11.957932719438173,0.1281744932135572,0.1268992654932903,0.22254842954275664,0.5321403140901766,0.6509803921568628,0.1473499824352809,0.26152348549732624,0.846078431372549,0.22126938037665936
taxi_avg_trip_speed,Taxi average speed,Taxi,weekend_evening,Citywide,First six months post-CP,2025-01-05,2025-06-30,51,258,0.8675330597355221,17.86398289085728,60.080858252012945,54.712890542535504,19.905174131200226,0.5660972404730618,0.7015503875968992,,0.14691350518860066,0.1014426603523207,0.2169587107276454,0.5769403904301783,0.7015503875968992,0.0,0.25483120559554606,0.8675330597355221,0.22107449550639596
bus_trip_count,Bus trips,Bus,All temporal buckets,Citywide,Second half of 2025,2025-07-01,2025-12-31,184,252,1.0,18.43400768508848,56.19937879891216,33.49658322856659,8.941437543525094,0.5730676328502415,0.7222222222222222,,0.1526178116881281,0.05534403508782175,0.08308102027891015,0.5845227767678379,0.7222222222222222,0.0,0.22087641390276103,1.0,0.22087641390276103
taxi_avg_trip_duration,Taxi average trip duration,Taxi,All temporal buckets,Citywide,CP launch transition,2024-11-01,2025-04-30,181,263,0.9018339180303763,16.83923400463449,58.71231571434055,48.080151081185804,12.867942045376832,0.5465874679711158,0.6730038022813688,15.029280267458251,0.13665872014903407,0.08703109634256954,0.13102738874925493,0.5557176780684021,0.6730038022813688,0.18939929194265898,0.24489295699796332,0.9018339180303763,0.2208527749075177
taxi_avg_trip_duration,Taxi average trip duration,Taxi,weekday_midday,Citywide,First six months post-CP,2025-01-05,2025-06-30,126,258,0.8736003445305771,18.432708191242742,65.79163630642681,63.88869549910202,15.744797171292024,0.5806894608965104,0.6976744186046512,,0.15260480749731858,0.12137977702079918,0.1661565362742049,0.5928137942197711,0.6976744186046512,0.0,0.2527867240029353,0.8736003445305771,0.22083456918172018
fhvhv_trip_count,FHVHV trips,FHVHV,weekday_evening,Queens,Second half of 2025,2025-07-01,2025-12-31,132,69,0.9839701361440492,16.58558622248924,92.15283438523842,41.42375010155011,20.786042337538934,0.5355947333184558,0.5217391304347826,,0.13412043636396942,0.0725681207724317,0.22771495246250387,0.543759791548738,0.5217391304347826,0.0,0.22424698973419155,0.9839701361440492,0.22065234101864564
taxi_avg_trip_speed,Taxi average speed,Taxi,weekend_overnight,Brooklyn,First six months post-CP,2025-01-05,2025-06-30,51,61,0.8878174220507875,17.210937235190077,63.92592247634905,63.30094451953989,17.553198319867285,0.560101375814627,0.6721311475409836,,0.14037839896899357,0.12010271632617785,0.18823884071849967,0.5704180944375721,0.6721311475409836,0.0,0.24852495593877727,0.8878174220507875,0.22064478569685078
fhvhv_trip_count,FHVHV trips,FHVHV,weekday_midday,Staten Island,Second half of 2025,2025-07-01,2025-12-31,132,20,0.9643939393939394,17.330855368401235,50.95549854021056,28.28109109578257,13.25611439767113,0.5671641791044776,0.75,,0.1415784341141493,0.044011854900138724,0.13576734374595129,0.5781010052799898,0.75,0.0,0.22818727008905326,0.9643939393939394,0.2200624203207309
taxi_avg_trip_speed,Taxi average speed,Taxi,weekday_overnight,Queens,Early 2026,2026-01-01,2026-03-31,64,69,0.785552536231884,18.25295407513601,72.23412616729861,75.20027448781958,21.572693033177956,0.5782646295762468,0.7681159420289855,,0.15080598649303686,0.14595748666810182,0.23732070844540779,0.5901760649673852,0.7681159420289855,0.0,0.2794527146027207,0.785552536231884,0.2195247887130521
taxi_avg_trip_duration,Taxi average trip duration,Taxi,weekend_midday,Brooklyn,Early 2026,2026-01-01,2026-03-31,26,61,0.9596469104665826,15.621063354478428,67.50157894907929,63.242734474356894,18.50470662132933,0.514454664914586,0.5573770491803278,,0.12446834031373107,0.11997623799892655,0.19985766545255412,0.5207636448228421,0.5573770491803278,0.0,0.22871151229444778,0.9596469104665826,0.21948229616150663
taxi_avg_trip_speed,Taxi average speed,Taxi,weekend_evening,Queens,Second half of 2025,2025-07-01,2025-12-31,52,69,0.8745819397993311,16.5977666683174,57.60406475843933,61.84890353885398,19.988855667430848,0.5360101975780752,0.6956521739130435,,0.13424232754661253,0.11694773313109265,0.21798054217298962,0.544211733183507,0.6956521739130435,0.0,0.250878484595524,0.8745819397993311,0.21941379171146996
taxi_avg_trip_duration,Taxi average trip duration,Taxi,weekday_am_peak,Brooklyn,Second half of 2025,2025-07-01,2025-12-31,132,61,0.9513164431197219,16.182080717446873,64.05028234311801,51.66516031305838,16.93341977714908,0.5287206266318538,0.639344262295082,,0.13008250836802562,0.09482057613771998,0.18067075303003116,0.5362821446956358,0.639344262295082,0.0,0.23023254424789494,0.9513164431197219,0.21902400508431139
taxi_avg_trip_speed,Taxi average speed,Taxi,weekday_am_peak,Bronx,Early 2026,2026-01-01,2026-03-31,64,43,0.9066133720930233,17.03751050947437,77.15552196300916,47.17527747889089,19.870985105993583,0.5474949899799599,0.6511627906976745,,0.13864289691942727,0.08506499411343818,0.21654123009075152,0.5567048796646155,0.6511627906976745,0.0,0.2409250849498551,0.9066133720930233,0.21842590368818623
taxi_avg_trip_duration,Taxi average trip duration,Taxi,weekday_midday,Citywide,Second half of 2025,2025-07-01,2025-12-31,132,261,0.8746081504702194,17.189889153435047,71.03099407279201,64.62942804248523,17.314289527789125,0.5492499668126908,0.6973180076628352,,0.14016776828981456,0.12298923485119928,0.18532153628897913,0.5586139418291749,0.6973180076628352,0.0,0.2493690616692183,0.8746081504702194,0.2181002138110091
taxi_avg_trip_speed,Taxi average speed,Taxi,weekend_evening,Queens,First six months post-CP,2025-01-05,2025-06-30,51,68,0.8846597462514417,17.65987249445878,57.82861052394974,57.85415189748865,18.1406909835665,0.5570404172099087,0.6617647058823529,,0.14487094796551112,0.10826796825896547,0.19541268700189574,0.5670883865174637,0.6617647058823529,0.0,0.24636344762407758,0.8846597462514417,0.21794782506074684
subway_ridership,Subway ridership,Subway,weekday_evening,Manhattan,CP launch transition,2024-11-01,2025-04-30,129,52,0.9594514013118665,16.97564379440546,143.65718340570194,51.83274558034463,13.876030516072676,0.5492541951522685,0.5576923076923077,6.6724521518248725,0.1380237892798237,0.09518470408525366,0.14333711136485233,0.5586185414130305,0.5576923076923077,0.07498734525145705,0.22712910265657968,0.9594514013118665,0.21791933582256215
taxi_avg_trip_speed,Taxi average speed,Taxi,weekday_overnight,Brooklyn,Early 2026,2026-01-01,2026-03-31,64,61,0.8619364754098361,16.6493839038199,60.35002833117612,63.35869591579859,21.04413247441026,0.5399702823179792,0.6721311475409836,,0.13475886741460483,0.12022819810466241,0.23086647942373836,0.5485195096762805,0.6721311475409836,0.0,0.2526731600993747,0.8619364754098361,0.21778821304672025
taxi_avg_trip_speed,Taxi average speed,Taxi,weekend_overnight,Brooklyn,Second half of 2025,2025-07-01,2025-12-31,52,61,0.9066834804539723,16.605461449961382,64.84061386075444,59.811317035308804,17.050995002484644,0.5445062586926287,0.6557377049180327,,0.13431933014963682,0.11252048124032249,0.18210645877651999,0.5534537405531088,0.6557377049180327,0.0,0.2400071096700816,0.9066834804539723,0.21761048152936782
taxi_avg_trip_speed,Taxi average speed,Taxi,weekday_midday,Bronx,Second half of 2025,2025-07-01,2025-12-31,132,43,0.8844256518675123,15.824919029093074,63.28879239960114,52.039294652359175,21.686469226798877,0.5209163346613546,0.6976744186046512,,0.12650834850537163,0.0956334922805142,0.2387100243878521,0.5277926431568196,0.6976744186046512,0.0,0.24588838598276136,0.8844256518675123,0.2174699960594542
taxi_avg_trip_speed,Taxi average speed,Taxi,weekday_evening,Queens,CP launch transition,2024-11-01,2025-04-30,129,69,0.7055387035164589,19.646935264152305,74.25988704517367,76.908956926508,23.454516936162406,0.6004777070063694,0.8115942028985508,10.078737926736542,0.16475572348202028,0.1496700983997987,0.2602995748152907,0.6143394299129442,0.8115942028985508,0.12162223843121893,0.30790114287933046,0.7055387035164589,0.21723617315831878
subway_ridership,Subway ridership,Subway,weekday_evening,Bronx,First six months post-CP,2025-01-05,2025-06-30,126,27,0.9994121105232217,17.598640297438514,53.65350350700151,32.95180623940033,9.45298714393748,0.5655882352941176,0.7037037037037037,,0.14425819002414098,0.05416034794072981,0.08932752925926737,0.576386695070465,0.7037037037037037,0.0,0.21708560547280426,0.9994121105232217,0.21695798312978673
taxi_avg_trip_speed,Taxi average speed,Taxi,weekend_evening,Citywide,Early 2026,2026-01-01,2026-03-31,26,254,0.8585705632949727,16.748535025552812,57.812528359523995,60.23842506109152,21.76438489024045,0.5470899470899471,0.65748031496063,,0.13575108458456023,0.11344849819146526,0.23966144902195585,0.556264274386001,0.65748031496063,0.0,0.2526323039231327,0.8585705632949727,0.21690265948579077
bus_trip_count,Bus trips,Bus,weekday_overnight,Queens,Second half of 2025,2025-07-01,2025-12-31,132,65,0.985081585081585,20.029952766790828,84.49251920744035,73.20167096484137,5.3529096887665375,0.5922858495030762,0.5230769230769231,,0.1685886255800429,0.14161493669016953,0.03926166932459248,0.6054283349484226,0.5230769230769231,0.0,0.22009573570342514,0.985081585081585,0.21681225619642766
taxi_avg_trip_duration,Taxi average trip duration,Taxi,weekday_pm_peak,Citywide,First six months post-CP,2025-01-05,2025-06-30,126,258,0.8137996800787498,19.908788418974908,70.88276917605009,67.7175136597336,16.842009777982437,0.6070686070686071,0.7131782945736435,,0.1673761194158338,0.12969900293419143,0.1795545496741326,0.6215090048637608,0.7131782945736435,0.0,0.2663550647384696,0.8137996800787498,0.21675966647152126
taxi_avg_trip_speed,Taxi average speed,Taxi,weekday_evening,Queens,Second half of 2025,2025-07-01,2025-12-31,132,69,0.7742643829600351,18.912190568208963,65.64297640812484,71.19578714642631,20.323602646827556,0.5856494611457742,0.7971014492753623,,0.15740304516525397,0.13725656814370923,0.22206812236318688,0.5982092778725899,0.7971014492753623,0.0,0.27964991215004026,0.7742643829600351,0.21652296667567894
fhvhv_trip_count,FHVHV trips,FHVHV,weekend_midday,Staten Island,Second half of 2025,2025-07-01,2025-12-31,52,20,0.9673076923076923,15.535320252691788,49.485904507627176,29.48441877556438,24.57028039096958,0.5099403578528827,0.55,,0.12361029880788599,0.046626435795850844,0.2739241117805993,0.51585298580446,0.55,0.0,0.22354143893732875,0.9673076923076923,0.2162333534336084
taxi_avg_trip_duration,Taxi average trip duration,Taxi,weekend_evening,Queens,First six months post-CP,2025-01-05,2025-06-30,51,68,0.8846597462514417,17.442401786657463,57.49437988064208,57.91442894527416,17.80697804661603,0.560625814863103,0.6470588235294118,,0.142694692503429,0.10839893775317545,0.19133773345713284,0.5709885787461912,0.6470588235294118,0.0,0.24426038879527612,0.8846597462514417,0.21608733357090748
taxi_avg_trip_duration,Taxi average trip duration,Taxi,weekend_evening,Citywide,Second half of 2025,2025-07-01,2025-12-31,52,258,0.8682170542635659,16.198695490870747,66.25238744184273,69.03275720451747,21.22723755781467,0.5299622252747253,0.624031007751938,,0.13024877439888805,0.1325567537390463,0.23310236729641512,0.5376327545432804,0.624031007751938,0.0,0.24885743073050803,0.8682170542635659,0.21606226544044108
taxi_avg_trip_speed,Taxi average speed,Taxi,weekday_evening,Queens,First six months post-CP,2025-01-05,2025-06-30,126,69,0.7726017943409248,19.122275280029637,67.40691692340285,73.2757784585031,20.33862642915188,0.5910376656245347,0.7681159420289855,,0.1595053880794886,0.1417759568681415,0.2222515770880702,0.6040705616875479,0.7681159420289855,0.0,0.2792175607065779,0.7726017943409248,0.21572398841339818
subway_ridership,Subway ridership,Subway,weekday_evening,Brooklyn,Early 2026,2026-01-01,2026-03-31,62,48,1.0,16.868763414004484,129.82635359403645,45.29408857123569,12.753750460358415,0.5483870967741935,0.5833333333333334,,0.1369542244911279,0.0809775616859944,0.12963300048128687,0.5576753126047288,0.5833333333333334,0.0,0.21554646564002422,1.0,0.21554646564002422
fhvhv_trip_count,FHVHV trips,FHVHV,weekday_am_peak,Brooklyn,CP launch transition,2024-11-01,2025-04-30,129,61,0.9989833523954759,16.546779557085923,45.385918423290754,25.50883800502274,8.698327790861429,0.5494211932324132,0.7049180327868853,7.580393424137622,0.13373209340779385,0.0379883252407081,0.08011241811012379,0.5588002017691175,0.7049180327868853,0.08741781851346636,0.21531959900916334,0.9989833523954759,0.21510069485462358
bus_trip_count,Bus trips,Bus,weekday_am_peak,Queens,Second half of 2025,2025-07-01,2025-12-31,132,66,1.0,19.28517843650851,64.19446540000699,67.32713850585444,5.002061101950659,0.5909090909090909,0.5303030303030303,,0.1611355795092303,0.12885079887752232,0.03497747313614021,0.603930698231806,0.5303030303030303,0.0,0.21505521801352862,1.0,0.21505521801352862
fhvhv_trip_count,FHVHV trips,FHVHV,weekday_am_peak,Queens,First six months post-CP,2025-01-05,2025-06-30,126,69,0.9855072463768116,17.723975004154532,44.589000591366045,26.234685473168184,8.574089827387553,0.6022408963585434,0.7101449275362319,,0.14551242947016507,0.03956544089698405,0.07859535397027256,0.6162574256485069,0.7101449275362319,0.0,0.21816602351323278,0.9855072463768116,0.21500419708550478
taxi_avg_trip_speed,Taxi average speed,Taxi,weekend_midday,Queens,Early 2026,2026-01-01,2026-03-31,26,68,0.8897058823529411,16.289033518965642,61.6659492221004,59.44926061344631,19.817150074603294,0.5289256198347108,0.6323529411764706,,0.13115279788353523,0.11173380790131711,0.21588385296296927,0.5365051361108314,0.6323529411764706,0.0,0.24105184667890195,0.8897058823529411,0.21446524594225833
fhvhv_trip_count,FHVHV trips,FHVHV,weekday_overnight,Bronx,Early 2026,2026-01-01,2026-03-31,64,42,0.9996279761904762,16.105983923786834,62.740235585864845,31.747377552855063,14.651299081851922,0.5299590621510979,0.6428571428571429,,0.12932099862483348,0.05154337478620228,0.1528038806760291,0.5376293137003437,0.6428571428571429,0.0,0.2142409308974889,0.9996279761904762,0.21416122817022049
taxi_avg_trip_speed,Taxi average speed,Taxi,weekday_midday,Citywide,CP launch transition,2024-11-01,2025-04-30,129,258,0.8512709572742023,15.55204172135322,72.85544389444014,62.734266444940374,19.750992466395232,0.5142241987858253,0.6472868217054264,9.333946653849942,0.12377763255079044,0.11887144267332257,0.21507600540828942,0.5205129439825665,0.6472868217054264,0.11142542473223145,0.2514367545012974,0.8512709572742023,0.21404080669823802
taxi_avg_trip_speed,Taxi average speed,Taxi,weekday_am_peak,Queens,Second half of 2025,2025-07-01,2025-12-31,132,69,0.8686868686868687,16.80719807554275,81.16195829890307,57.535500850735794,18.539809152718693,0.5406976744186046,0.6956521739130435,,0.13633813276338733,0.10757560577679455,0.20028630087203284,0.5493107661260551,0.6956521739130435,0.0,0.2461806204814953,0.8686868686868687,0.2138538723374606
taxi_avg_trip_duration,Taxi average trip duration,Taxi,weekend_midday,Brooklyn,Second half of 2025,2025-07-01,2025-12-31,52,61,0.9653215636822194,15.570437712429737,62.17574491070251,56.366256690031655,16.25159059314013,0.5176355323318093,0.5737704918032787,,0.12396172344038858,0.10503508128262325,0.17234496777372738,0.5242237894375443,0.5737704918032787,0.0,0.22153072615943853,0.9653215636822194,0.21384838697988676
bus_trip_count,Bus trips,Bus,weekday_midday,Queens,Early 2026,2026-01-01,2026-03-31,64,65,1.0,19.03891832632924,68.06756148740388,62.34360594555723,6.045283302251647,0.5899038461538462,0.5230769230769231,,0.15867122504379946,0.11802261862019206,0.047716212131214894,0.6028371939230492,0.5230769230769231,0.0,0.21351641348620057,1.0,0.21351641348620057
bus_trip_count,Bus trips,Bus,weekday_pm_peak,Queens,Early 2026,2026-01-01,2026-03-31,64,66,1.0,18.44068569988672,56.211679117176125,50.539434975991696,8.063098054840195,0.5833333333333334,0.5606060606060606,,0.15268463938334953,0.09237460900045,0.07235565660068698,0.595689796194798,0.5606060606060606,0.0,0.21351578693674556,1.0,0.21351578693674556
taxi_avg_trip_speed,Taxi average speed,Taxi,weekday_am_peak,Brooklyn,Second half of 2025,2025-07-01,2025-12-31,132,61,0.9513164431197219,15.952020768387618,65.42836438105803,53.19226995393586,17.363122442347777,0.5240208877284596,0.5737704918032787,,0.12778027085839305,0.09813866792583546,0.18591783279489318,0.5311697730925207,0.5737704918032787,0.0,0.22432680285632212,0.9513164431197219,0.21340577618969542
taxi_avg_trip_speed,Taxi average speed,Taxi,All temporal buckets,Bronx,Early 2026,2026-01-01,2026-03-31,90,43,0.9537467700258397,16.62330441040562,66.8841944282122,40.03728592775363,18.59698971031981,0.5326469791384448,0.5813953488372093,,0.13449788679535282,0.0695556223463547,0.20098453006871148,0.5405532272964201,0.5813953488372093,0.0,0.2237079079375855,0.9537467700258397,0.21336069462471008
subway_ridership,Subway ridership,Subway,weekday_evening,Citywide,Second half of 2025,2025-07-01,2025-12-31,132,153,0.9996038819568231,16.90885216369846,131.85259168297375,52.1819618207777,13.462929208698926,0.541707945314048,0.5163398692810458,,0.13735539741860678,0.09594347837927995,0.13829275002779487,0.5504097378654401,0.5163398692810458,0.0,0.21331094669202091,0.9996038819568231,0.21322645037722907
taxi_avg_trip_speed,Taxi average speed,Taxi,weekend_midday,Brooklyn,Early 2026,2026-01-01,2026-03-31,26,61,0.9596469104665826,15.152172566676715,54.325854150374944,53.58696857427546,17.54970773116197,0.5052562417871223,0.5901639344262295,,0.11977609394919662,0.098996265976344,0.1881962172980593,0.5107576087095762,0.5901639344262295,0.0,0.22197356349259656,0.9596469104665826,0.2130162444109281
taxi_avg_trip_duration,Taxi average trip duration,Taxi,weekday_overnight,Citywide,First six months post-CP,2025-01-05,2025-06-30,126,257,0.7791674387005126,20.451670316957898,72.83575323239015,70.67968850000727,17.350273154938645,0.6120645238000872,0.7354085603112841,,0.17280880369637777,0.13613519307364122,0.18576093072884206,0.6269435584324922,0.7354085603112841,0.0,0.2733301349494565,0.7791674387005126,0.2129699411682335
fhvhv_trip_count,FHVHV trips,FHVHV,weekday_am_peak,Citywide,CP launch transition,2024-11-01,2025-04-30,129,261,0.9850604413555496,16.737475478202587,48.51001481546001,29.170851543292873,9.2274459110083,0.5556292588795755,0.6628352490421456,7.7277477663129055,0.1356404103674557,0.045945119385704725,0.0865734554885182,0.565553329799678,0.6628352490421456,0.08943522235477988,0.21598909962726523,0.9850604413555496,0.21276231780682167
bus_trip_count,Bus trips,Bus,weekday_am_peak,Queens,Early 2026,2026-01-01,2026-03-31,64,66,1.0,18.716202457180344,62.73953158268275,65.49719669573184,8.975669974668262,0.5767045454545454,0.45454545454545453,,0.15544176862625977,0.12487471573957029,0.08349903094372717,0.5884790069124161,0.45454545454545453,0.0,0.2127332353402978,1.0,0.2127332353402978
fhvhv_trip_count,FHVHV trips,FHVHV,weekday_evening,Citywide,First six months post-CP,2025-01-05,2025-06-30,126,261,0.9842486164325245,16.30788358502005,64.34029546612328,40.74714326342556,19.168745816345158,0.5314508156203658,0.4942528735632184,,0.13134143275591076,0.07109799476885682,0.20796621795974343,0.5392520417352195,0.4942528735632184,0.0,0.2159491224519498,0.9842486164325245,0.21254762499314941
taxi_avg_trip_speed,Taxi average speed,Taxi,weekend_overnight,Brooklyn,Early 2026,2026-01-01,2026-03-31,26,61,0.8745271122320303,16.686189917444366,66.7948878372108,66.17392311544019,17.556855749791588,0.5407354001441961,0.639344262295082,,0.13512718960841907,0.12634510156906764,0.18828350142950165,0.5493518041352266,0.639344262295082,0.0,0.24260561044964324,0.8745271122320303,0.21216518391781536
taxi_avg_trip_speed,Taxi average speed,Taxi,weekday_evening,Queens,Early 2026,2026-01-01,2026-03-31,64,69,0.7649456521739131,18.8725127365551,64.33374831970404,70.42724227354174,21.000845951718542,0.5781527531083481,0.7681159420289855,,0.15700598434389876,0.13558667990303827,0.23033790965747467,0.5900543658497748,0.7681159420289855,0.0,0.27668519785639906,0.7649456521739131,0.21164913912113134
subway_ridership,Subway ridership,Subway,weekday_evening,Citywide,First six months post-CP,2025-01-05,2025-06-30,126,153,0.9827782965037867,17.21459860918622,96.40299372547418,45.54460714474615,12.034754021369025,0.5528871529610472,0.5816993464052288,,0.14041503877781375,0.081521886467454,0.12085336755933468,0.5625704695347186,0.5816993464052288,0.0,0.21518965795502387,0.9827782965037867,0.2114837254702709
taxi_avg_trip_duration,Taxi average trip duration,Taxi,weekend_overnight,Brooklyn,First six months post-CP,2025-01-05,2025-06-30,51,61,0.8878174220507875,17.68485595082766,71.88397593628248,66.02476287757854,13.690306882202076,0.559739319333816,0.639344262295082,,0.14512096041056252,0.12602100738020658,0.14106924849114066,0.5700242497348622,0.639344262295082,0.0,0.23818135731512982,0.8878174220507875,0.21146155863207602
taxi_avg_trip_speed,Taxi average speed,Taxi,weekday_am_peak,Brooklyn,First six months post-CP,2025-01-05,2025-06-30,126,61,0.953031485818371,15.263949725044593,63.03021361705025,53.98766382507705,17.12006098282077,0.5068941979522185,0.5901639344262295,,0.12089466138245458,0.09986689345824351,0.18294982033140927,0.5125393759008424,0.5901639344262295,0.0,0.22163291953508296,0.953031485818371,0.2112231506107836
taxi_avg_trip_speed,Taxi average speed,Taxi,weekday_midday,Brooklyn,First six months post-CP,2025-01-05,2025-06-30,126,61,0.9620088472547489,14.311673180602515,58.57156352487237,54.28939411910435,19.12170371112878,0.48309440086556665,0.5737704918032787,,0.11136511576131232,0.10052249066229388,0.20739178894552443,0.4866499787903293,0.5737704918032787,0.0,0.21925654960581809,0.9620088472547489,0.21092674053934674
taxi_avg_trip_speed,Taxi average speed,Taxi,weekday_midday,Queens,Second half of 2025,2025-07-01,2025-12-31,132,69,0.8960254721124287,15.977701554444346,70.14074123452569,58.565376982351275,19.27959566911319,0.5223624555814238,0.6086956521739131,,0.1280372615652867,0.10981331251612593,0.20931980048669405,0.5293657321471662,0.6086956521739131,0.0,0.2351991655788939,0.8960254721124287,0.2107444433782777
taxi_avg_trip_duration,Taxi average trip duration,Taxi,weekend_midday,Citywide,First six months post-CP,2025-01-05,2025-06-30,51,255,0.8818146866589773,17.434408439746168,63.46654470511116,59.2486761598086,14.42398224443193,0.5686257411928846,0.6549019607843137,,0.14261470212195695,0.1112979795818413,0.15002812507933677,0.5796908911588767,0.6549019607843137,0.0,0.23879689008798194,0.8818146866589773,0.21057460480807205
taxi_avg_trip_duration,Taxi average trip duration,Taxi,weekend_evening,Citywide,CP launch transition,2024-11-01,2025-04-30,52,258,0.7945736434108527,17.406792511144403,65.72261243775613,62.54175309063161,19.72231122033524,0.5599437148217636,0.6744186046511628,8.80296190840103,0.14233834621146363,0.11845315117483694,0.214725780012869,0.5702465909563359,0.6744186046511628,0.10415580071346128,0.2644205422184886,0.7945736434108527,0.21010159362321768
taxi_avg_trip_duration,Taxi average trip duration,Taxi,weekday_midday,Brooklyn,Early 2026,2026-01-01,2026-03-31,64,61,0.9748975409836066,15.254291417616436,57.92437827785177,54.763382340913225,18.438420393942668,0.5065685759327377,0.4918032786885246,,0.12079800954135146,0.10155236853376341,0.1990482473349151,0.5121851645712429,0.4918032786885246,0.0,0.21536544606323305,0.9748975409836066,0.20995924377988345
fhvhv_trip_count,FHVHV trips,FHVHV,weekend_overnight,Manhattan,Second half of 2025,2025-07-01,2025-12-31,52,67,0.985361653272101,16.469639231175766,63.430775691654944,39.069158540394234,11.787759957635556,0.5365569472764347,0.6417910447761194,,0.13296014091218625,0.06745208279172188,0.11783733424416397,0.5448064869962957,0.6417910447761194,0.0,0.2129225932562568,0.985361653272101,0.2098057585099683
taxi_avg_trip_speed,Taxi average speed,Taxi,All temporal buckets,Brooklyn,CP launch transition,2024-11-01,2025-04-30,181,61,0.9812516982157413,14.985005262730699,54.65215133903688,43.04819667834782,17.153133041865583,0.4997230939634484,0.5409836065573771,4.574481536700846,0.11810323068419806,0.07609770548751976,0.18335366174513687,0.5047386556589805,0.5409836065573771,0.04626437777433003,0.2137514016397647,0.9812516982157413,0.20974392585501409
taxi_avg_trip_duration,Taxi average trip duration,Taxi,weekday_evening,Citywide,Second half of 2025,2025-07-01,2025-12-31,132,259,0.7994032994032993,17.739973889957355,77.60388789813263,82.17022277342255,17.692347309231646,0.5555799487742408,0.6988416988416989,,0.145672532239718,0.16110173535266906,0.18993798271953224,0.5654996903130083,0.6988416988416989,0.0,0.26210666026113844,0.7994032994032993,0.20952892900833373
taxi_avg_trip_speed,Taxi average speed,Taxi,All temporal buckets,Queens,Second half of 2025,2025-07-01,2025-12-31,184,69,0.9591997479521109,15.861370242155562,57.664788188662946,48.58405343993158,15.974407569972179,0.5208572836262112,0.5797101449275363,,0.1268731201673981,0.08812597141493544,0.1689602984434701,0.527728407495774,0.5797101449275363,0.0,0.21832845219302724,0.9591997479521109,0.20942059631432622
subway_ridership,Subway ridership,Subway,weekday_evening,Citywide,Early 2026,2026-01-01,2026-03-31,62,153,1.0,16.44484908296094,82.18177244939466,49.51783803660447,12.202651171236608,0.5348935273033945,0.5424836601307189,,0.13271206292502288,0.09015489122471983,0.12290355204502049,0.5429970202984578,0.5424836601307189,0.0,0.20935976485802918,1.0,0.20935976485802918
fhvhv_trip_count,FHVHV trips,FHVHV,weekend_overnight,Staten Island,CP launch transition,2024-11-01,2025-04-30,52,20,0.9528846153846153,14.554510237963472,49.30115745796026,46.89705825190288,19.85377536871297,0.48335015136226034,0.5,8.12128080700214,0.11379521532653995,0.08446048157049181,0.21633108276899374,0.4869281839424996,0.5,0.09482301789748512,0.21966190939285313,0.9528846153846153,0.20931245404645907
taxi_avg_trip_duration,Taxi average trip duration,Taxi,weekend_evening,Citywide,Early 2026,2026-01-01,2026-03-31,26,254,0.8585705632949727,16.144606688917605,69.37479276500109,66.54998142027367,19.72869539385099,0.5303350970017636,0.6220472440944882,,0.12970750126891992,0.12716219808900292,0.2148037368662536,0.5380383640607662,0.6220472440944882,0.0,0.2436032761678492,0.8585705632949727,0.20915060203993108
bus_trip_count,Bus trips,Bus,All temporal buckets,Bronx,Second half of 2025,2025-07-01,2025-12-31,184,42,1.0,16.483783165266438,37.50246684426143,12.111635113802416,9.992679973419705,0.525879917184265,0.8095238095238095,,0.13310168095742433,0.008878988420902439,0.09591769393396835,0.5331920236035758,0.8095238095238095,0.0,0.20895480657642146,1.0,0.20895480657642146
taxi_avg_trip_duration,Taxi average trip duration,Taxi,All temporal buckets,Citywide,Early 2026,2026-01-01,2026-03-31,90,262,0.9270992366412214,16.39037861189598,61.616000031993664,48.7492148859469,14.085599027141336,0.532638031197109,0.6564885496183206,,0.13216697038646547,0.08848483290272083,0.14589614295306033,0.5405434937341664,0.6564885496183206,0.0,0.22446420991554242,0.9270992366412214,0.20810059766597425
fhvhv_trip_count,FHVHV trips,FHVHV,weekday_pm_peak,Staten Island,Second half of 2025,2025-07-01,2025-12-31,132,20,0.9628787878787879,16.277480350837234,67.51451099328322,33.81853798634481,18.823951237002507,0.526750590086546,0.55,,0.13103718394408564,0.05604357584726242,0.20375594698209806,0.5341391407759805,0.55,0.0,0.21609039126344942,0.9628787878787879,0.2080688540120032
taxi_avg_trip_speed,Taxi average speed,Taxi,weekend_midday,Queens,Second half of 2025,2025-07-01,2025-12-31,52,69,0.8890746934225195,15.848033525768528,57.730849274220766,56.5843580938276,18.007964877206177,0.5241379310344828,0.6376811594202898,,0.1267396580465591,0.10550897029330096,0.1937919745340544,0.531297092691832,0.6376811594202898,0.0,0.23394624893525173,0.8890746934225195,0.20799568954945738
subway_ridership,Subway ridership,Subway,weekday_am_peak,Queens,Early 2026,2026-01-01,2026-03-31,63,27,1.0,17.528401107944283,58.99481902792798,29.909793133337793,9.672014771453387,0.5620223398001176,0.6296296296296297,,0.14355529802855005,0.04755068584681107,0.09200206568959886,0.5725077172723505,0.6296296296296297,0.0,0.2078382647591481,1.0,0.2078382647591481
taxi_avg_trip_duration,Taxi average trip duration,Taxi,weekday_overnight,Citywide,Second half of 2025,2025-07-01,2025-12-31,132,257,0.8059191133121094,17.209328599768092,81.66570545386755,80.95392718907868,18.08637424104138,0.5432699341623994,0.6770428015564203,,0.14036230116134404,0.15845897789616217,0.19474942772128365,0.5521088678802858,0.6770428015564203,0.0,0.25715770058825094,0.8059191133121094,0.20724830603946412
subway_ridership,Subway ridership,Subway,weekday_am_peak,Bronx,Early 2026,2026-01-01,2026-03-31,63,27,1.0,17.63642497648192,55.03870625297276,24.106246947885975,7.386894451870012,0.5878894767783657,0.6666666666666666,,0.1446363058402092,0.034940786449652116,0.06409856505942092,0.6006459647920109,0.6666666666666666,0.0,0.20724573217780734,1.0,0.20724573217780734
bus_trip_count,Bus trips,Bus,weekend_evening,Manhattan,Early 2026,2026-01-01,2026-03-31,26,63,1.0,14.850341832115161,48.93500684888144,29.639786048511304,18.577677298864696,0.4932844932844933,0.5714285714285714,,0.11675563757898078,0.046964016581609536,0.20074870708793016,0.4977347518354904,0.5714285714285714,0.0,0.20704494299696527,1.0,0.20704494299696527
taxi_avg_trip_duration,Taxi average trip duration,Taxi,weekday_am_peak,Citywide,Second half of 2025,2025-07-01,2025-12-31,132,258,0.8777307963354475,16.006921968694733,69.83513216414327,61.07954021299578,16.043921855612055,0.5233172755252241,0.6782945736434108,,0.12832967375614968,0.1152760665622532,0.1698091342341003,0.530404384392985,0.6782945736434108,0.0,0.23583689326190216,0.8777307963354475,0.20700130412804732
taxi_avg_trip_duration,Taxi average trip duration,Taxi,weekday_am_peak,Citywide,First six months post-CP,2025-01-05,2025-06-30,126,257,0.8710394663702057,17.258410029940297,64.5338242937259,58.75500463984041,14.685800064358707,0.5494930156704247,0.6731517509727627,,0.14085346492118545,0.11022533399531241,0.15322517060937288,0.5588783301503115,0.6731517509727627,0.0,0.23751898522476278,0.8710394663702057,0.20688841014297013
taxi_avg_trip_duration,Taxi average trip duration,Taxi,weekend_midday,Citywide,Early 2026,2026-01-01,2026-03-31,26,253,0.8954089388871997,15.245112020228845,70.42980559513906,67.61022026644918,17.034860492616737,0.5066213921901528,0.6126482213438735,,0.12070615021047727,0.12946587669515366,0.18190944100795503,0.5122426180468809,0.6126482213438735,0.0,0.23099080225889437,0.8954089388871997,0.2068312291433396
taxi_avg_trip_speed,Taxi average speed,Taxi,weekend_evening,Queens,Early 2026,2026-01-01,2026-03-31,26,68,0.8421945701357466,16.66428596913977,55.135896150491334,63.82324805565759,18.217873228634488,0.5433176628609805,0.6617647058823529,,0.13490799417000354,0.12123757333166438,0.19635515589748798,0.5521607871141613,0.6617647058823529,0.0,0.24556261200177387,0.8421945701357466,0.20681149845624508
fhvhv_trip_count,FHVHV trips,FHVHV,weekday_evening,Bronx,Second half of 2025,2025-07-01,2025-12-31,132,43,0.97815362931642,16.304991443425752,75.49786628733996,27.530034746882432,20.176082171680115,0.5345821325648416,0.4883720930232558,,0.13131249074801765,0.04237996558650333,0.22026675652876496,0.5426582853918042,0.4883720930232558,0.0,0.21114679296307856,0.97815362931642,0.20653400185535803
taxi_avg_trip_duration,Taxi average trip duration,Taxi,weekday_evening,Citywide,Early 2026,2026-01-01,2026-03-31,64,257,0.7962062256809338,16.871911158955726,82.0328070451351,83.60426336548392,18.103748568246317,0.5362706169822846,0.7003891050583657,,0.1369857243524777,0.16421760744526417,0.19496158484314596,0.5444950171689257,0.7003891050583657,0.0,0.25915702678161623,0.7962062256809338,0.20634243815248335
fhvhv_trip_count,FHVHV trips,FHVHV,weekday_overnight,Staten Island,CP launch transition,2024-11-01,2025-04-30,129,20,0.9445736434108527,14.78050745066451,74.81010929870317,46.25454458649237,19.427655112865423,0.4956914238818219,0.5,6.300416998190241,0.11605679654604519,0.0830644329438028,0.21112774764231582,0.5003530086981354,0.5,0.069893873712265,0.2182453557495697,0.9445736434108527,0.20614881083786876
fhvhv_trip_count,FHVHV trips,FHVHV,weekday_overnight,Citywide,Second half of 2025,2025-07-01,2025-12-31,132,262,0.977590793430488,15.832741450440507,69.07414866175982,49.98919429757353,16.76726537548712,0.5206897571652519,0.4770992366412214,,0.12658662841422083,0.09117905039242673,0.17864184916367956,0.5275461723675289,0.4770992366412214,0.0,0.21068230763293821,0.977590793430488,0.20596108428065024
taxi_avg_trip_speed,Taxi average speed,Taxi,weekday_midday,Queens,Early 2026,2026-01-01,2026-03-31,64,69,0.8994565217391305,15.516564841884016,75.10870743096967,58.59167191398639,20.01520542212466,0.5130916414904331,0.5507246376811594,,0.12342261116191898,0.10987044593627605,0.218302297833032,0.51928094921118,0.5507246376811594,0.0,0.22877719943285216,0.8994565217391305,0.2057751440550926
subway_ridership,Subway ridership,Subway,weekday_am_peak,Citywide,First six months post-CP,2025-01-05,2025-06-30,126,153,0.9834007677144933,17.48916012699099,82.28454606820698,28.227623515264693,9.385309124395352,0.5733727186412069,0.6405228758169934,,0.14316260882456266,0.04389568096272265,0.08850111603071262,0.58485464880718,0.6405228758169934,0.0,0.20908715011451207,0.9834007677144933,0.20561646394184666
fhvhv_trip_count,FHVHV trips,FHVHV,weekend_overnight,Brooklyn,Second half of 2025,2025-07-01,2025-12-31,52,61,0.9996847414880202,15.12519076288384,70.57008894542938,47.752170663560406,20.140819038582816,0.5048880479344056,0.39344262295081966,,0.11950608380173934,0.08631846307691864,0.21983616000911127,0.5103570877794218,0.39344262295081966,0.0,0.20534588999339504,0.9996847414880202,0.20528115295367455
taxi_avg_trip_speed,Taxi average speed,Taxi,weekday_overnight,Citywide,CP launch transition,2024-11-01,2025-04-30,129,256,0.7332848837209303,17.303219242049295,86.2658567879366,80.10644118446713,22.10012656610406,0.5476957383548068,0.72265625,6.95290049635625,0.14130187608234693,0.156617566986839,0.24376117540561748,0.556923253559854,0.72265625,0.07882691698850573,0.27985380677713134,0.7332848837209303,0.20521256616142844
subway_ridership,Subway ridership,Subway,weekday_evening,Queens,Second half of 2025,2025-07-01,2025-12-31,132,27,1.0,16.550274363355875,81.87659395395858,53.01148366187617,12.034754021369025,0.5336700336700336,0.48148148148148145,,0.13376706635339555,0.0977458568957496,0.12085336755933468,0.541666105063301,0.48148148148148145,0.0,0.20475861491412678,1.0,0.20475861491412678
taxi_avg_trip_duration,Taxi average trip duration,Taxi,weekend_midday,Citywide,Second half of 2025,2025-07-01,2025-12-31,52,258,0.886180679785331,15.364119536863278,68.53583221791301,64.6078781246847,16.352544617283353,0.5087896374800236,0.6395348837209303,,0.12189707270630659,0.12294241135969974,0.17357771278595197,0.5146012332543167,0.6395348837209303,0.0,0.23097423329861716,0.886180679785331,0.20468490307746418
bus_trip_count,Bus trips,Bus,weekend_overnight,Citywide,Early 2026,2026-01-01,2026-03-31,26,242,0.9979338842975206,14.218040660569772,65.2022885165509,51.93337599111736,16.580063529368566,0.48574613792005095,0.5041322314049587,,0.11042812390061568,0.09540335304842035,0.1763559359072205,0.4895345358891253,0.5041322314049587,0.0,0.205051053747537,0.9979338842975206,0.20462739454557927
bus_trip_count,Bus trips,Bus,weekend_midday,Brooklyn,Early 2026,2026-01-01,2026-03-31,26,58,1.0,12.783662945168135,30.221722365038566,17.12656746399248,17.21853585430219,0.47214854111405835,0.7241379310344828,,0.09607413402588016,0.019775393894159034,0.18415229252286897,0.4747430827444921,0.7241379310344828,0.0,0.20461438929841166,1.0,0.20461438929841166
fhvhv_trip_count,FHVHV trips,FHVHV,weekday_midday,Staten Island,First six months post-CP,2025-01-05,2025-06-30,126,20,0.9619047619047619,16.835994194484762,45.34244257411851,27.22956331747082,12.37315875613748,0.5523927392739274,0.65,,0.13662629898019832,0.04172710363356515,0.12498561243455789,0.5620326467862258,0.65,0.0,0.2120590552092764,0.9619047619047619,0.2039806150108278
subway_ridership,Subway ridership,Subway,weekday_overnight,Manhattan,CP launch transition,2024-11-01,2025-04-30,129,52,0.9615384615384616,15.352760577960407,161.20068639270764,55.02029876598023,12.18709424147685,0.5088372093023256,0.5384615384615384,6.011588051634771,0.12178340224187546,0.10211059451664502,0.12271358708097245,0.514652981838322,0.5384615384615384,0.0659395645438903,0.21206510407002202,0.9615384615384616,0.2039087539134827
fhvhv_trip_count,FHVHV trips,FHVHV,weekend_midday,Staten Island,First six months post-CP,2025-01-05,2025-06-30,51,20,0.9637254901960784,15.227039945373841,49.17825537294564,28.096922198232,24.577692817851986,0.5055951169888098,0.45,,0.12052530078936677,0.04361169417151042,0.2740146245892299,0.5111262368384402,0.45,0.0,0.21147984414436297,0.9637254901960784,0.20380851646461648
taxi_avg_trip_speed,Taxi average speed,Taxi,weekday_midday,Bronx,Early 2026,2026-01-01,2026-03-31,64,43,0.8982558139534884,15.908146076917205,73.05628603161782,51.34768826659821,19.666234747142745,0.5198220064724919,0.5581395348837209,,0.12734121155737269,0.0941307753780899,0.21404103274085218,0.5266022339719202,0.5581395348837209,0.0,0.22661343128832756,0.8982558139534884,0.2035568321746896
taxi_avg_trip_speed,Taxi average speed,Taxi,weekday_am_peak,Citywide,CP launch transition,2024-11-01,2025-04-30,129,257,0.8438150393629535,15.442609810305102,77.77080827711336,61.54260060696329,18.36457913241843,0.5114924039320822,0.6108949416342413,7.956445996665643,0.12268253428881151,0.11628220053554293,0.1981465750379175,0.5175413000842799,0.6108949416342413,0.0925662918679293,0.2412136903620906,0.8438150393629535,0.20353973962777075
taxi_avg_trip_duration,Taxi average trip duration,Taxi,All temporal buckets,Brooklyn,Early 2026,2026-01-01,2026-03-31,90,61,0.9854280510018215,15.185697077617142,49.76657820025394,39.171085934520455,14.424627433065481,0.5049907578558226,0.5901639344262295,,0.12011157775198256,0.06767354983009372,0.1500360034484925,0.5104688155363045,0.5901639344262295,0.0,0.20653461947068708,0.9854280510018215,0.20352500752940203
taxi_avg_trip_speed,Taxi average speed,Taxi,weekend_evening,Manhattan,CP launch transition,2024-11-01,2025-04-30,52,66,0.9574592074592074,13.426802879594774,38.068018031904025,27.687965312238504,22.61798179443795,0.4540474741326841,0.48484848484848486,11.836485513760884,0.1025101125046821,0.042723115873799865,0.25008468212266866,0.4550527589363272,0.48484848484848486,0.14568726889977673,0.21251122710919537,0.9574592074592074,0.20347083108415384
taxi_avg_trip_speed,Taxi average speed,Taxi,All temporal buckets,Queens,Early 2026,2026-01-01,2026-03-31,90,69,0.952818035426731,15.938710629848979,53.573736119350045,43.094701021135734,15.44850746187096,0.5244211593713031,0.5652173913043478,,0.1276470747052714,0.07619874975689364,0.16253855606428175,0.531605188212907,0.5652173913043478,0.0,0.2133493309555049,0.952818035426731,0.20328309038063164
bus_trip_count,Bus trips,Bus,weekend_midday,Citywide,Early 2026,2026-01-01,2026-03-31,26,247,1.0,14.496472097498392,51.34715600399158,37.77117431638354,17.428566589319285,0.48878853939582684,0.5303643724696356,,0.1132144206922961,0.06463183290297216,0.18671696830675713,0.4928440573816488,0.5303643724696356,0.0,0.20310728187976457,1.0,0.20310728187976457
subway_ridership,Subway ridership,Subway,weekday_pm_peak,Brooklyn,Early 2026,2026-01-01,2026-03-31,62,48,1.0,17.553971679801784,89.9643051423429,33.12961660027332,7.643093354379496,0.5806451612903226,0.5833333333333334,,0.14381118580873004,0.05454669289099515,0.06722699824359901,0.592765605149408,0.5833333333333334,0.0,0.20309248413895914,1.0,0.20309248413895914
taxi_avg_trip_duration,Taxi average trip duration,Taxi,weekday_am_peak,Brooklyn,Early 2026,2026-01-01,2026-03-31,64,61,0.9608094262295082,14.760556690436477,65.05906407012597,52.33364467988025,18.468005267112737,0.4950679818715009,0.4918032786885246,,0.11585714689502821,0.09627305369968514,0.1994095068800122,0.49967482905980437,0.4918032786885246,0.0,0.2112531464077525,0.9608094262295082,0.20297401438921095
subway_ridership,Subway ridership,Subway,weekday_evening,Brooklyn,Second half of 2025,2025-07-01,2025-12-31,132,48,1.0,15.789243811459825,190.2421503234573,50.28717115807706,14.505109803343203,0.5175189393939394,0.4583333333333333,,0.1261513423226987,0.09182649216570835,0.15101877002341493,0.524096959748291,0.4583333333333333,0.0,0.20283852280622677,1.0,0.20283852280622677
fhvhv_trip_count,FHVHV trips,FHVHV,weekend_overnight,Citywide,Second half of 2025,2025-07-01,2025-12-31,52,261,0.9857795461243737,14.954199315748811,65.11387376241922,47.488356105432445,18.16522400523932,0.4986172359668137,0.45977011494252873,,0.11779495187708076,0.08574524888490638,0.19571225861737745,0.5035357043599221,0.45977011494252873,0.0,0.20564512146835945,0.9857795461243737,0.20272075450377108
bus_trip_count,Bus trips,Bus,All temporal buckets,Manhattan,Second half of 2025,2025-07-01,2025-12-31,184,64,1.0,17.282856183046547,49.60557400150126,25.63456001616303,8.027494095423133,0.5458559782608695,0.671875,,0.1410981005080295,0.03826149303533368,0.07192089826629348,0.5549219642426971,0.671875,0.0,0.2025949676501026,1.0,0.2025949676501026
bus_trip_count,Bus trips,Bus,weekday_midday,Queens,Second half of 2025,2025-07-01,2025-12-31,132,65,1.0,18.276608599232443,67.93467495212872,66.16837041137573,3.3530235213459534,0.5843822843822843,0.47692307692307695,,0.15104270015341106,0.12633303669745338,0.014841149995842812,0.596830844169153,0.47692307692307695,0.0,0.20197696352189476,1.0,0.20197696352189476
subway_ridership,Subway ridership,Subway,weekday_evening,Brooklyn,First six months post-CP,2025-01-05,2025-06-30,126,48,1.0,16.223176173214018,85.6590539597886,39.10029735379564,12.713984645474444,0.5309193121693122,0.5208333333333334,,0.13049375552394932,0.06751974095998509,0.12914742191845796,0.5386738727760542,0.5208333333333334,0.0,0.2016925849782192,1.0,0.2016925849782192
fhvhv_trip_count,FHVHV trips,FHVHV,weekend_overnight,Manhattan,CP launch transition,2024-11-01,2025-04-30,52,67,0.9833524684270953,14.700999094393381,48.04282311960505,33.28125058609335,12.939439900330427,0.4915353181552831,0.4626865671641791,16.422990239860056,0.11526114688653198,0.054876162019917386,0.131900445814853,0.49583200075861866,0.4626865671641791,0.20848034385123304,0.20464285026059037,0.9833524684270953,0.20123605194970798
taxi_avg_trip_speed,Taxi average speed,Taxi,weekend_midday,Brooklyn,Second half of 2025,2025-07-01,2025-12-31,52,61,0.9653215636822194,14.81920753510623,52.25085087221432,50.8411893600859,15.350581889089375,0.496407576747224,0.5409836065573771,,0.11644407293375197,0.0930302585472078,0.16134279133434418,0.5011320391182992,0.5409836065573771,0.0,0.20808310401390373,0.9653215636822194,0.20086710734255145
taxi_avg_trip_speed,Taxi average speed,Taxi,weekday_overnight,Citywide,First six months post-CP,2025-01-05,2025-06-30,126,257,0.7791674387005126,16.993145895752686,83.5942760827748,76.40189340064049,19.552595586587607,0.5419919939756649,0.6770428015564203,,0.13819893490766436,0.14856835476843305,0.21265339010296197,0.5507187257350651,0.6770428015564203,0.0,0.2576246427101353,0.7791674387005126,0.2007327330065908
taxi_avg_trip_duration,Taxi average trip duration,Taxi,weekday_am_peak,Citywide,Early 2026,2026-01-01,2026-03-31,64,258,0.8903827519379846,15.525218951172796,71.99698583640776,58.5742322613413,17.194384669577403,0.5129914297374507,0.5813953488372093,,0.1235092138717716,0.1098325531965013,0.18385738350104971,0.5191719389595945,0.5813953488372093,0.0,0.22494678350134967,0.8903827519379846,0.20028873613352974
fhvhv_trip_count,FHVHV trips,FHVHV,weekday_evening,Bronx,CP launch transition,2024-11-01,2025-04-30,129,43,0.9792680728321616,15.846624459730931,64.70521302361871,26.32176229555607,20.864796121135043,0.521539027982327,0.4186046511627907,2.910764283536163,0.12672555735368068,0.03975464073016329,0.22867661134381984,0.5284700083715744,0.4186046511627907,0.023486700999787002,0.20449873039403485,0.9792680728321616,0.20025907760959027
taxi_avg_trip_speed,Taxi average speed,Taxi,weekend_midday,Citywide,First six months post-CP,2025-01-05,2025-06-30,51,255,0.8818146866589773,15.55538333441256,63.70523904063633,57.95199585150505,17.829491601652073,0.5154342518311824,0.5843137254901961,,0.12381107247355558,0.10848056283086013,0.19161264545706214,0.5218292385586076,0.5843137254901961,0.0,0.22691064262664934,0.8818146866589773,0.20009313722740596
taxi_avg_trip_speed,Taxi average speed,Taxi,weekend_overnight,Citywide,Second half of 2025,2025-07-01,2025-12-31,52,255,0.8454751131221719,16.470639201691263,65.17615904954047,62.48433012044586,15.57257028179805,0.5378645972705378,0.6431372549019608,,0.1329701477370974,0.11832838299793444,0.16405348153422303,0.5462289474423087,0.6431372549019608,0.0,0.23523488921029007,0.8454751131221719,0.1988852445653516
subway_ridership,Subway ridership,Subway,weekday_overnight,Brooklyn,Early 2026,2026-01-01,2026-03-31,63,48,1.0,16.34168005468464,133.49406849187022,51.09854778792011,7.479062574394266,0.5505952380952381,0.5208333333333334,,0.13167963808227523,0.0935894449102173,0.06522402582527098,0.5600773266777278,0.5208333333333334,0.0,0.1988730263440561,1.0,0.1988730263440561
subway_ridership,Subway ridership,Subway,weekday_pm_peak,Manhattan,CP launch transition,2024-11-01,2025-04-30,129,52,0.9540846750149076,16.006694193013743,139.308389865532,47.76867926726102,9.475130113590179,0.52921875,0.5769230769230769,4.665965991231321,0.12832739437758464,0.08635433284088712,0.08959791605788056,0.5368240028316952,0.5769230769230769,0.047516876257005965,0.2081412410400774,0.9540846750149076,0.19858436831492177
subway_ridership,Subway ridership,Subway,weekday_midday,Bronx,Early 2026,2026-01-01,2026-03-31,62,27,1.0,17.721409881346972,50.50866002421079,30.503836945605272,6.737789724958173,0.5902031063321386,0.5555555555555556,,0.14548675997850202,0.04884141955872251,0.05617237666521933,0.60316272886635,0.5555555555555556,0.0,0.19857214710393295,1.0,0.19857214710393295
bus_trip_count,Bus trips,Bus,weekend_evening,Bronx,Early 2026,2026-01-01,2026-03-31,26,42,1.0,12.727949385932261,31.495138104967772,13.891870125330584,19.412680925426436,0.4340659340659341,0.6904761904761905,,0.09551660175486792,0.012747069018752052,0.21094489851832907,0.43331685825682703,0.6904761904761905,0.0,0.1985242150954705,1.0,0.1985242150954705
fhvhv_trip_count,FHVHV trips,FHVHV,weekday_overnight,Citywide,CP launch transition,2024-11-01,2025-04-30,129,262,0.974584294928694,14.692428483648538,67.48539667401998,46.89453795258616,15.743502227262567,0.49142354048392484,0.4351145038167939,6.887307172218,0.11517537975662552,0.08445500548400625,0.1661407237713654,0.495710409111793,0.4351145038167939,0.07792888967470171,0.20303787279251828,0.974584294928694,0.1978775220993183
bus_trip_count,Bus trips,Bus,weekend_overnight,Bronx,Early 2026,2026-01-01,2026-03-31,26,42,1.0,14.052063174979706,40.993043895418566,28.448363885668723,18.958984467752135,0.48717948717948717,0.5,,0.108767167290643,0.04437530389924103,0.2054048316412674,0.49109373187892713,0.5,0.0,0.19759228554303143,1.0,0.19759228554303143
fhvhv_trip_count,FHVHV trips,FHVHV,weekday_overnight,Brooklyn,CP launch transition,2024-11-01,2025-04-30,129,61,0.9955521667302072,14.538610235018828,59.94065281899109,37.96897446581241,15.405512854492446,0.4825121266275211,0.45901639344262296,6.841310110886235,0.11363610208961145,0.06506161150821417,0.1620135508626741,0.48601658141634757,0.45901639344262296,0.07729915154245548,0.19792937517847062,0.9955521667302072,0.1970490183184825
taxi_avg_trip_duration,Taxi average trip duration,Taxi,All temporal buckets,Citywide,Second half of 2025,2025-07-01,2025-12-31,184,262,0.9261740789910389,15.35886908797644,56.78826556138324,48.16667768542705,12.992084574977271,0.5095298886873166,0.6259541984732825,,0.1218445308344201,0.08721910066609763,0.13254328755040398,0.5154064778283511,0.6259541984732825,0.0,0.21258873036507014,0.9261740789910389,0.19689417154974315
subway_ridership,Subway ridership,Subway,weekday_pm_peak,Citywide,Early 2026,2026-01-01,2026-03-31,62,153,1.0,16.62032955916085,78.59435103974464,41.30717041820509,8.261579712749498,0.5440649378030782,0.5359477124183006,,0.1344681171020651,0.07231481735556246,0.07477930712757073,0.5529736721003764,0.5359477124183006,0.0,0.19646901124170432,1.0,0.19646901124170432
subway_ridership,Subway ridership,Subway,weekday_pm_peak,Bronx,Early 2026,2026-01-01,2026-03-31,62,27,1.0,17.59063115210067,55.91505082114592,34.97535159337572,7.767896168366317,0.570489844683393,0.5185185185185185,,0.14417804154591918,0.058557091332413796,0.06875095974745722,0.5817186612001572,0.5185185185185185,0.0,0.19633472412365416,1.0,0.19633472412365416
taxi_avg_trip_duration,Taxi average trip duration,Taxi,All temporal buckets,Citywide,First six months post-CP,2025-01-05,2025-06-30,177,262,0.9209470824168715,16.49682435394751,52.5688184166954,45.01048231383527,10.782372740081295,0.5379085885548375,0.6335877862595419,,0.13323218569705647,0.08036134424583877,0.10556059650822147,0.5462768011204088,0.6335877862595419,0.0,0.21314919129653082,0.9209470824168715,0.19629912584405568
taxi_avg_trip_speed,Taxi average speed,Taxi,weekend_evening,Manhattan,Early 2026,2026-01-01,2026-03-31,26,66,0.9726107226107226,14.252605080740729,41.00739447519008,29.933320650424164,22.4056955672027,0.4811264230077891,0.45454545454545453,,0.1107740141998254,0.047601806250447694,0.24749246462555372,0.4845092143090524,0.45454545454545453,0.0,0.20168467492859105,0.9726107226107226,0.19616067742180562
taxi_avg_trip_duration,Taxi average trip duration,Taxi,weekend_overnight,Citywide,CP launch transition,2024-11-01,2025-04-30,52,256,0.7560096153846154,17.813641146951017,71.88903844518529,69.01264688074698,14.797690232120157,0.5771065182829889,0.69921875,6.794524630419941,0.14640972931802765,0.13251305818610562,0.15459145637554714,0.588916272580914,0.69921875,0.07665861929469772,0.25925367950184824,0.7560096153846154,0.19599827452723864
bus_trip_count,Bus trips,Bus,weekday_pm_peak,Queens,Second half of 2025,2025-07-01,2025-12-31,132,66,1.0,17.533023581188367,59.43826270898147,52.85721270480694,4.639858594785683,0.5658861340679523,0.5,,0.14360155567284372,0.09741065817648674,0.03055463474101685,0.5767107490792645,0.5,0.0,0.19569051498878348,1.0,0.19569051498878348
fhvhv_trip_count,FHVHV trips,FHVHV,weekend_overnight,Queens,Second half of 2025,2025-07-01,2025-12-31,52,69,0.9846711259754738,14.662245218833082,67.7020992606967,44.564071420264995,20.179199825269144,0.48881969997169544,0.37681159420289856,,0.11487333220464846,0.07939138617574912,0.2203048260554068,0.4928779538270646,0.37681159420289856,0.0,0.19849633069029787,0.9846711259754738,0.1954536054428156
fhvhv_trip_count,FHVHV trips,FHVHV,weekday_evening,Queens,First six months post-CP,2025-01-05,2025-06-30,126,69,0.9802162410858063,15.112775832586925,71.38018628281118,37.89931339204861,19.209740505530554,0.5032856137057029,0.4057971014492754,,0.11938184610488725,0.06491025247634129,0.208466802250958,0.5086139613174895,0.4057971014492754,0.0,0.19866909713280534,0.9802162410858063,0.19473867561142938
taxi_avg_trip_speed,Taxi average speed,Taxi,weekday_overnight,Citywide,Second half of 2025,2025-07-01,2025-12-31,132,257,0.8059191133121094,15.950708198662042,74.74199491133514,69.35219446623587,17.540191167525727,0.521689831748354,0.6575875486381323,,0.12776713581568533,0.1332508245028959,0.18808001097091526,0.528634052567843,0.6575875486381323,0.0,0.24153599823203376,0.8059191133121094,0.19465847752811588
taxi_avg_trip_speed,Taxi average speed,Taxi,weekend_midday,Citywide,Early 2026,2026-01-01,2026-03-31,26,253,0.8954089388871997,14.481931760991232,58.743828413531254,55.752787423389705,17.484867370219693,0.48590831918505945,0.5770750988142292,,0.11306891380052138,0.10370214009659535,0.18740445459002664,0.48971095651819213,0.5770750988142292,0.0,0.21718436206141017,0.8954089388871997,0.19446881917630068
fhvhv_trip_count,FHVHV trips,FHVHV,weekday_overnight,Staten Island,First six months post-CP,2025-01-05,2025-06-30,126,20,0.9436507936507936,14.707957569497054,56.186198448346246,49.18330799364412,18.84228876127974,0.4932716568544996,0.45,,0.11533078118167561,0.08942802698477773,0.20397986565974519,0.4977207883788954,0.45,0.0,0.2058772543713129,0.9436507936507936,0.19427623448213574
fhvhv_trip_count,FHVHV trips,FHVHV,weekday_am_peak,Staten Island,Second half of 2025,2025-07-01,2025-12-31,132,20,0.953030303030303,17.295134118948678,54.78744349580609,34.16943591480987,11.610786952226627,0.5457074721780604,0.55,,0.14122096728553832,0.05680600409978634,0.11567632489790212,0.5547604194640937,0.55,0.0,0.20379502238124875,0.953030303030303,0.19422283193606887
taxi_avg_trip_duration,Taxi average trip duration,Taxi,weekend_overnight,Citywide,Early 2026,2026-01-01,2026-03-31,26,253,0.828823350562481,16.087178933611707,75.21180341830342,74.05672075909712,14.53279325848194,0.520542920029347,0.6324110671936759,,0.1291328148321895,0.14347278214199943,0.15135681143912916,0.5273864430678138,0.6324110671936759,0.0,0.23431519396930328,0.828823350562481,0.19420590415333558
taxi_avg_trip_duration,Taxi average trip duration,Taxi,weekend_overnight,Citywide,Second half of 2025,2025-07-01,2025-12-31,52,255,0.8454751131221719,15.358722478147294,68.85053702648051,70.79554485778009,14.366970226677932,0.5078048345375078,0.6431372549019608,,0.12184306369227162,0.13638692485440979,0.14933195391509085,0.5135299655304129,0.6431372549019608,0.0,0.22967495505483293,0.8454751131221719,0.1941844586063146
taxi_avg_trip_duration,Taxi average trip duration,Taxi,All temporal buckets,Brooklyn,Second half of 2025,2025-07-01,2025-12-31,184,61,0.9864575908766928,15.05032541906136,47.273450140906775,39.47652842626974,12.722299584233916,0.5015354046242775,0.5409836065573771,,0.1187568973248039,0.06833721286808782,0.1292489552587055,0.5067100855083607,0.5409836065573771,0.0,0.19679034721571564,0.9864575908766928,0.19412533182220276
taxi_avg_trip_speed,Taxi average speed,Taxi,weekday_evening,Citywide,Second half of 2025,2025-07-01,2025-12-31,132,259,0.7994032994032993,16.17507921463563,66.82777035629168,66.30659393831706,16.864842296405442,0.5283937065495792,0.6872586872586872,,0.13001244348945049,0.12663336768705072,0.17983335652152038,0.5359265213345377,0.6872586872586872,0.0,0.24274234885000623,0.7994032994032993,0.19404903457560166
taxi_trip_count,Taxi trips,Taxi,weekday_midday,Manhattan,CP launch transition,2024-11-01,2025-04-30,129,67,0.9854217285664699,15.144117780843935,100.0,49.184919353306334,12.174912915553453,0.5031114242104027,0.44776119402985076,4.845140093764996,0.11969548874106668,0.08943152813434797,0.12256484146234267,0.5084244781466923,0.44776119402985076,0.04996991915604292,0.1968467311148621,0.9854217285664699,0.19397704603786653
taxi_avg_trip_speed,Taxi average speed,Taxi,All temporal buckets,Citywide,CP launch transition,2024-11-01,2025-04-30,181,263,0.9018339180303763,14.337346869125433,65.06185349215565,48.766222047123506,15.971603416998725,0.4828092243186583,0.5627376425855514,6.721015665805266,0.11162203544233364,0.08852178592844256,0.16892605705863303,0.48633976400813456,0.5627376425855514,0.07565222026094397,0.21503001586817366,0.9018339180303763,0.19392136170452903
bus_trip_count,Bus trips,Bus,weekend_overnight,Manhattan,Early 2026,2026-01-01,2026-03-31,26,58,1.0,12.656803973430847,49.527896995708154,40.196768085162255,19.569167193321626,0.4403183023872679,0.4827586206896552,,0.09480464107692806,0.0699021439206304,0.21285574524154394,0.4401181786951004,0.4827586206896552,0.0,0.1933012021170826,1.0,0.1933012021170826
fhvhv_trip_count,FHVHV trips,FHVHV,weekday_pm_peak,Queens,Second half of 2025,2025-07-01,2025-12-31,132,69,0.9918752744839702,15.723922322227939,67.12458550450025,35.495641910858936,16.082013161723786,0.516161168917423,0.42028985507246375,,0.12549766234359042,0.05968757403232333,0.17027426544622254,0.5226199782881769,0.42028985507246375,0.0,0.19449826131651632,0.9918752744839702,0.19291801632997457
taxi_avg_trip_duration,Taxi average trip duration,Taxi,weekday_evening,Citywide,CP launch transition,2024-11-01,2025-04-30,129,260,0.7223911747167561,17.95393384272725,74.07012117135397,70.75689821513744,16.748370244784937,0.5630442857732469,0.7192307692307692,8.216460451011306,0.14781365515502903,0.1363029537339622,0.17841112157925554,0.5736193891503715,0.7192307692307692,0.09612610660599794,0.26689928973657995,0.7223911747167561,0.19280569144387583
taxi_avg_trip_speed,Taxi average speed,Taxi,weekday_am_peak,Citywide,Second half of 2025,2025-07-01,2025-12-31,132,258,0.8777307963354475,15.388674243991886,70.83360957088033,54.171768102059204,15.950827549372237,0.5088317944600562,0.5852713178294574,,0.12214279460627521,0.10026691377981022,0.16867236388088655,0.5146470915779433,0.5852713178294574,0.0,0.21895395566202216,0.8777307963354475,0.19218262986402299
bus_trip_count,Bus trips,Bus,weekend_evening,Manhattan,CP launch transition,2024-11-01,2025-04-30,52,63,1.0,13.773071852340143,34.035540519331036,23.313895581396658,14.076576576576578,0.4545177045177045,0.5079365079365079,11.375771927380786,0.10597526765548586,0.03321917164736484,0.14578597021823234,0.4555642751113138,0.5079365079365079,0.13937971565643267,0.19172330411257596,1.0,0.19172330411257596
taxi_avg_trip_duration,Taxi average trip duration,Taxi,weekend_evening,Brooklyn,First six months post-CP,2025-01-05,2025-06-30,51,61,0.9421407907425265,14.739525459180348,56.51542020707434,52.2763017834919,16.034947237128705,0.4916410781303309,0.47540983606557374,,0.11564668484081317,0.09614845950649833,0.16969954557465,0.49594704636100095,0.47540983606557374,0.0,0.20303940152042474,0.9421407907425265,0.19129170230034231
subway_ridership,Subway ridership,Subway,weekday_pm_peak,Manhattan,First six months post-CP,2025-01-05,2025-06-30,126,49,1.0,15.92714559013158,247.14824367170849,52.543555205186784,8.808326403897457,0.528344671201814,0.4489795918367347,,0.12753134196540658,0.0967291456341571,0.08145560618729651,0.5358731807288963,0.4489795918367347,0.0,0.19125861233208782,1.0,0.19125861233208782
bus_trip_count,Bus trips,Bus,weekday_evening,Queens,Early 2026,2026-01-01,2026-03-31,64,66,1.0,16.20231156208583,65.07163548832719,55.05920845418045,5.479705464398014,0.5442708333333334,0.48484848484848486,,0.13028496085734334,0.10219513718040628,0.04080996679274587,0.5531976450664754,0.48484848484848486,0.0,0.1912322650699392,1.0,0.1912322650699392
bus_trip_count,Bus trips,Bus,weekend_overnight,Bronx,CP launch transition,2024-11-01,2025-04-30,52,42,1.0,13.108784706417842,35.599634607855926,22.73646745383526,15.25557866416176,0.43452380952380953,0.5,13.01882967845219,0.09932766649429817,0.03196454036418634,0.16018271126157146,0.43381493475356925,0.5,0.16187454661681552,0.19115290551693745,1.0,0.19115290551693745
fhvhv_trip_count,FHVHV trips,FHVHV,weekend_overnight,Brooklyn,Early 2026,2026-01-01,2026-03-31,26,61,1.0,13.759964388776314,59.780361635302974,46.55855222913228,16.92957441432336,0.4665825977301387,0.4262295081967213,,0.10584409969515124,0.08372497835296423,0.18062379747888963,0.4686884547139974,0.4262295081967213,0.0,0.19115104304982097,1.0,0.19115104304982097
fhvhv_trip_count,FHVHV trips,FHVHV,weekend_overnight,Staten Island,First six months post-CP,2025-01-05,2025-06-30,51,20,0.957843137254902,14.04958677685951,49.63088480868258,46.98116540320329,18.508725542041248,0.4749232343909928,0.45,,0.10874238567757034,0.0846432289257448,0.19990674031117606,0.47776139150758307,0.45,0.0,0.19955484115532296,0.957843137254902,0.19114223510661818
fhvhv_trip_count,FHVHV trips,FHVHV,weekend_overnight,Brooklyn,CP launch transition,2024-11-01,2025-04-30,52,61,1.0,13.896075247842669,54.81081081081081,40.93717217293921,17.472905414189643,0.4697351828499369,0.36065573770491804,6.448815910692029,0.10720617739051821,0.07151088808527876,0.18725838768721975,0.47211783387189477,0.36065573770491804,0.07192557859254423,0.19084644174739773,1.0,0.19084644174739773
taxi_avg_trip_speed,Taxi average speed,Taxi,weekday_am_peak,Citywide,First six months post-CP,2025-01-05,2025-06-30,126,257,0.8710394663702057,14.576791688417757,70.2797971679567,59.31004741003531,16.608602185223567,0.4905693824009076,0.5875486381322957,,0.11401818847425488,0.11143132655048896,0.17670442014011187,0.49478125674440615,0.5875486381322957,0.0,0.2189744056853861,0.8710394663702057,0.19073534947693163
bus_trip_count,Bus trips,Bus,All temporal buckets,Citywide,Early 2026,2026-01-01,2026-03-31,90,252,1.0,16.633742511547652,53.423851322197415,34.75416486051827,9.929888874773907,0.541005291005291,0.47619047619047616,,0.13460234212569952,0.058076498543075714,0.09515095467493798,0.5496453911626262,0.47619047619047616,0.0,0.19053564028933798,1.0,0.19053564028933798
taxi_avg_trip_duration,Taxi average trip duration,Taxi,weekday_evening,Citywide,First six months post-CP,2025-01-05,2025-06-30,126,257,0.792384658143413,16.9092282686117,67.85162938560872,67.60443314595443,15.016394632047188,0.5407459370980943,0.6653696498054474,,0.1373591611455934,0.12945330248536777,0.15726204588844386,0.549363266223866,0.6653696498054474,0.0,0.24022902194227402,0.792384658143413,0.19035379142785525
taxi_avg_trip_speed,Taxi average speed,Taxi,weekday_evening,Citywide,Early 2026,2026-01-01,2026-03-31,64,257,0.7962062256809338,15.798878668919738,65.76839372004412,66.70687733548354,16.778015033202646,0.5187080024434942,0.6614785992217899,,0.1262477594971564,0.12750310029661888,0.1787731127467254,0.5253904214264423,0.6614785992217899,0.0,0.23783637265907642,0.7962062256809338,0.18936680060452726
bus_trip_count,Bus trips,Bus,weekday_evening,Queens,Second half of 2025,2025-07-01,2025-12-31,132,66,1.0,16.4965480678348,62.353393852161155,59.15007696557937,4.469854854651054,0.5475206611570248,0.45454545454545453,,0.13322942086878162,0.11108374402996644,0.02847872677707904,0.5567328047471237,0.45454545454545453,0.0,0.18907703170327778,1.0,0.18907703170327778
taxi_avg_trip_speed,Taxi average speed,Taxi,weekend_overnight,Citywide,Early 2026,2026-01-01,2026-03-31,26,253,0.828823350562481,15.301327438436829,65.22748300660679,66.47655663787523,15.298416289764491,0.5082538517975055,0.616600790513834,,0.12126870464442947,0.1270026613006814,0.1607057995658316,0.5140184060877516,0.616600790513834,0.0,0.22690840613176871,0.828823350562481,0.18806698544092476
taxi_avg_trip_speed,Taxi average speed,Taxi,weekday_midday,Brooklyn,Early 2026,2026-01-01,2026-03-31,64,61,0.9748975409836066,13.848649847972624,58.3341903500499,45.50483492039481,15.81804917270932,0.465580662112454,0.47540983606557374,,0.10673158572457804,0.08143546969194373,0.16705101314274984,0.46759855008199724,0.47540983606557374,0.0,0.19279615331530847,0.9748975409836066,0.18795649577819265
taxi_avg_trip_duration,Taxi average trip duration,Taxi,weekend_evening,Citywide,First six months post-CP,2025-01-05,2025-06-30,51,258,0.8675330597355221,15.202599249385212,56.21700338135241,53.26809982940137,16.96554152643732,0.5056504599211564,0.5465116279069767,,0.1202807198125534,0.09830343048141157,0.181062990254402,0.5111864388287162,0.5465116279069767,0.0,0.21617372824874906,0.8675330597355221,0.18753785590207253
fhvhv_trip_count,FHVHV trips,FHVHV,weekday_overnight,Queens,Second half of 2025,2025-07-01,2025-12-31,132,69,0.9752964426877471,14.60974643423138,73.27992637087628,43.994239148200975,15.587965772134723,0.4908251716762355,0.42028985507246375,,0.11434797056906437,0.07815325910751035,0.16424147516879434,0.49505950407993865,0.42028985507246375,0.0,0.1915441150436865,0.9752964426877471,0.18681229401988003
fhvhv_trip_count,FHVHV trips,FHVHV,weekend_midday,Staten Island,CP launch transition,2024-11-01,2025-04-30,52,20,0.9576923076923077,13.337736376217764,43.6248168050806,27.93348376181102,23.816555977019856,0.45180722891566266,0.4,3.3941082014805093,0.10161881332042665,0.04325657642538757,0.26472041713074335,0.45261582227517705,0.4,0.030104082356466243,0.1949847717735041,0.9576923076923077,0.1867354160446251
fhvhv_trip_count,FHVHV trips,FHVHV,weekday_overnight,Citywide,First six months post-CP,2025-01-05,2025-06-30,126,262,0.9753422997697807,14.506861538378455,56.74871797948749,46.06250733932597,15.142404403921928,0.4854959935399714,0.42748091603053434,,0.11331838907356367,0.0826471759271625,0.15880074550035597,0.48926242906538797,0.42748091603053434,0.0,0.19122307685943618,0.9753422997697807,0.186507955553136
taxi_avg_trip_speed,Taxi average speed,Taxi,weekday_overnight,Citywide,Early 2026,2026-01-01,2026-03-31,64,256,0.80584716796875,14.92573740706307,67.21394686492836,67.14717711068201,17.785310332969864,0.49761417859577367,0.62109375,,0.11751013014239814,0.12845978017688972,0.19107314998807046,0.5024445794856665,0.62109375,0.0,0.2313076629931661,0.80584716796875,0.18639862515251293
fhvhv_trip_count,FHVHV trips,FHVHV,weekday_overnight,Brooklyn,Second half of 2025,2025-07-01,2025-12-31,132,61,0.9971435668156979,14.614429656148054,63.401882188916005,41.455501098189615,16.355678264232253,0.4838709677419355,0.3770491803278688,,0.11439483613261245,0.07263710908760826,0.17361597760678613,0.4874947275153703,0.3770491803278688,0.0,0.1865905671798742,0.9971435668156979,0.18605758369190387
fhvhv_trip_count,FHVHV trips,FHVHV,weekend_overnight,Citywide,Early 2026,2026-01-01,2026-03-31,26,261,0.983937518420277,13.803268111992345,53.61464431574505,48.14644406867444,15.677153027930935,0.46577804403175077,0.42528735632183906,,0.10627744524835318,0.08717513722313742,0.16533053670616107,0.467813261950023,0.42528735632183906,0.0,0.18881610562137457,0.983937518420277,0.18578325040287622
taxi_avg_trip_speed,Taxi average speed,Taxi,weekend_evening,Manhattan,First six months post-CP,2025-01-05,2025-06-30,51,66,0.9729649435531789,14.154253720946656,37.24188710903058,26.057482261929444,20.179951834817572,0.47053435114503817,0.4393939393939394,,0.10978980034353629,0.03918041515665731,0.2203140088099115,0.47298716839918836,0.4393939393939394,0.0,0.1907033348191261,0.9729649435531789,0.185547659397694
fhvhv_trip_count,FHVHV trips,FHVHV,weekday_am_peak,Citywide,First six months post-CP,2025-01-05,2025-06-30,126,261,0.9855257556406982,15.644623653995577,43.34151666122173,29.74105378980265,8.671830520626129,0.522431348349275,0.5593869731800766,,0.1247041110574366,0.0471840503315024,0.07978886114449169,0.5294406736358875,0.5593869731800766,0.0,0.18804940538665205,0.9855257556406982,0.18532753234146424
taxi_avg_trip_speed,Taxi average speed,Taxi,weekday_midday,Citywide,First six months post-CP,2025-01-05,2025-06-30,126,258,0.8736003445305771,13.708669045181104,65.51273653474078,57.5811608235058,17.25634914875681,0.4663896616078031,0.562015503875969,,0.10533078103809125,0.10767481540565046,0.18461402894724946,0.4684785789797664,0.562015503875969,0.0,0.21138100308304258,0.8736003445305771,0.18466251712056497
subway_ridership,Subway ridership,Subway,weekday_overnight,Citywide,Early 2026,2026-01-01,2026-03-31,63,153,1.0,15.306287376757721,95.51885682278215,49.89129354805941,8.138718414021394,0.5083514887436456,0.45751633986928103,,0.12131833934223114,0.09096633241572237,0.07327905337852124,0.5141246154668516,0.45751633986928103,0.0,0.18453138795503693,1.0,0.18453138795503693
taxi_avg_trip_speed,Taxi average speed,Taxi,weekend_overnight,Citywide,First six months post-CP,2025-01-05,2025-06-30,51,256,0.8215379901960784,15.575700268520738,67.49556715326283,63.02107578135701,14.85005173447605,0.5154764124557151,0.60546875,,0.1240143864705196,0.11949461973831188,0.15523084030709045,0.5218751008467178,0.60546875,0.0,0.22455084041710766,0.8215379901960784,0.18447704613311097
fhvhv_trip_count,FHVHV trips,FHVHV,All temporal buckets,Manhattan,Early 2026,2026-01-01,2026-03-31,90,67,1.0,15.121104838716896,54.24193442720792,38.94775747658106,11.210507202517853,0.5028192371475954,0.44776119402985076,,0.11946519546842832,0.06718830351738272,0.11078852702024695,0.5081066373318303,0.44776119402985076,0.0,0.18383993537984034,1.0,0.18383993537984034
fhvhv_trip_count,FHVHV trips,FHVHV,weekday_overnight,Brooklyn,First six months post-CP,2025-01-05,2025-06-30,126,61,0.9960967993754879,14.488034413755415,53.169014084507026,40.336218209228996,14.817428117833835,0.47962382445141066,0.4098360655737705,,0.11312998377884405,0.07020514005079148,0.15483247480321152,0.482874688998516,0.4098360655737705,0.0,0.18455858663626346,0.9960967993754879,0.1838382174456457
taxi_avg_trip_speed,Taxi average speed,Taxi,weekday_evening,Citywide,First six months post-CP,2025-01-05,2025-06-30,126,257,0.792384658143413,15.218682313031264,69.6769173577757,66.38321584507283,16.748034618563914,0.5052418254803382,0.6381322957198443,,0.12044166495988198,0.12679985116197,0.1784070232626857,0.5107419266644798,0.6381322957198443,0.0,0.23189421900666246,0.792384658143413,0.18374942145302797
subway_ridership,Subway ridership,Subway,weekday_midday,Bronx,First six months post-CP,2025-01-05,2025-06-30,126,27,1.0,15.327123111435135,40.72539342583108,25.529527052374675,5.745219744442327,0.5135214579659024,0.6296296296296297,,0.12152684503873001,0.038033278239683964,0.0440521496297041,0.519748503172987,0.6296296296296297,0.0,0.18354935693251884,1.0,0.18354935693251884
taxi_avg_trip_speed,Taxi average speed,Taxi,weekend_overnight,Citywide,CP launch transition,2024-11-01,2025-04-30,52,256,0.7560096153846154,15.492476660057985,71.31620986586557,67.93913467875433,16.660905488449092,0.5112281399046105,0.62109375,8.758797151041637,0.12318155783662048,0.1301805393370812,0.1773430934047126,0.5172538339212563,0.62109375,0.10355114835078076,0.24270263000580344,0.7560096153846154,0.18348552196352208
taxi_avg_trip_duration,Taxi average trip duration,Taxi,weekend_overnight,Citywide,First six months post-CP,2025-01-05,2025-06-30,51,256,0.8215379901960784,16.096417569607297,65.56518974861861,61.9450176874349,12.907320389253904,0.5286220399030394,0.61328125,,0.12922526697092057,0.11715656919537472,0.13150823592118396,0.5361749021438271,0.61328125,0.0,0.22319020319883867,0.8215379901960784,0.1833592309674283
subway_ridership,Subway ridership,Subway,weekday_am_peak,Queens,CP launch transition,2024-11-01,2025-04-30,129,27,0.9204708584553546,16.774329123115614,77.804647701906,26.772244948680516,9.310645438371328,0.5508421709295072,0.5555555555555556,4.27411747106575,0.13600920921328868,0.04073344588731089,0.08758940114543139,0.5603459399849227,0.5555555555555556,0.04215214320519882,0.19872574441738558,0.9204708584553546,0.1829212565610503
bus_trip_count,Bus trips,Bus,weekend_overnight,Manhattan,CP launch transition,2024-11-01,2025-04-30,52,59,0.9973924380704041,13.758543477623174,35.173128144421426,27.67234755051092,13.718946978123842,0.4418300653594771,0.4067796610169492,13.088404133180253,0.10582988046678059,0.04268918172424708,0.14141897140408866,0.44176267304864447,0.4067796610169492,0.1628270789287492,0.18334714075710212,0.9973924380704041,0.18286905173296364
taxi_avg_trip_speed,Taxi average speed,Taxi,weekend_midday,Citywide,Second half of 2025,2025-07-01,2025-12-31,52,258,0.886180679785331,14.1023648049926,53.97137211795954,52.186360007395166,15.825121331068601,0.4760703170998402,0.5465116279069767,,0.10927054173667279,0.09595303472448752,0.16713737094787007,0.4790091870102014,0.5465116279069767,0.0,0.20577238206025836,0.886180679785331,0.1823515094152066
fhvhv_trip_count,FHVHV trips,FHVHV,All temporal buckets,Staten Island,Second half of 2025,2025-07-01,2025-12-31,184,20,1.0,14.7359379654006,66.58280823582966,24.61024013152846,12.543336928937894,0.4934782608695652,0.5,,0.11561078436018157,0.036035858865637524,0.12706365038786996,0.4979455320341117,0.5,0.0,0.18223568147113645,1.0,0.18223568147113645
taxi_avg_trip_speed,Taxi average speed,Taxi,weekday_evening,Citywide,CP launch transition,2024-11-01,2025-04-30,129,260,0.7223911747167561,15.231503356649783,74.83527521072914,70.62540241596616,18.452462957542735,0.5060464732345537,0.6538461538461539,9.599816482143364,0.1205699666814632,0.13601724069822288,0.1992197204424385,0.5116172217422958,0.6538461538461539,0.11506540442316238,0.25159598668761207,0.7223911747167561,0.1817507203772854
taxi_avg_trip_speed,Taxi average speed,Taxi,All temporal buckets,Brooklyn,First six months post-CP,2025-01-05,2025-06-30,177,61,0.9854589237751227,14.094914376201249,52.7214012349374,39.43643433174674,15.274611996404971,0.47462406015037595,0.4098360655737705,,0.1091959844019588,0.06825009673560617,0.1604151264187478,0.4774359500472056,0.4098360655737705,0.0,0.18358374541250072,0.9854589237751227,0.18091424017680907
taxi_avg_trip_speed,Taxi average speed,Taxi,All temporal buckets,Citywide,First six months post-CP,2025-01-05,2025-06-30,177,262,0.9209470824168715,13.845539088392915,62.40973248579326,46.18911140743333,14.596855593962282,0.47082513814741966,0.5267175572519084,,0.10670045598027818,0.08292226024821209,0.15213907371351665,0.47330348622962287,0.5267175572519084,0.0,0.19616574966044625,0.9209470824168715,0.18065827481990637
fhvhv_trip_count,FHVHV trips,FHVHV,All temporal buckets,Manhattan,Second half of 2025,2025-07-01,2025-12-31,184,67,1.0,14.637454382612152,46.114039167626956,36.27956742009198,9.992149650800204,0.48840038935756,0.4925373134328358,,0.11462524733252548,0.06139088119839281,0.09591121818850294,0.49242182813143454,0.4925373134328358,0.0,0.18057201896680267,1.0,0.18057201896680267
fhvhv_trip_count,FHVHV trips,FHVHV,weekend_overnight,Citywide,CP launch transition,2024-11-01,2025-04-30,52,261,0.9830533451223107,13.449939686369122,50.61412954589424,39.8357235823314,16.158127367080166,0.4489581771848299,0.3486590038314176,7.829685694045711,0.10274164530570566,0.0691176692713191,0.17120369255731419,0.4495166264551718,0.3486590038314176,0.09083083760403446,0.18344496300225474,0.9830533451223107,0.18033618452520506
fhvhv_trip_count,FHVHV trips,FHVHV,weekend_overnight,Manhattan,Early 2026,2026-01-01,2026-03-31,26,66,0.9988344988344988,14.042795771512955,46.964981172549486,38.80855096327642,11.284490386232823,0.46966161026837805,0.48484848484848486,,0.10867442727237689,0.06688583670276495,0.11169193232268183,0.4720378016861796,0.48484848484848486,0.0,0.1800852498324784,0.9988344988344988,0.17987536026390907
fhvhv_trip_count,FHVHV trips,FHVHV,weekday_am_peak,Queens,Second half of 2025,2025-07-01,2025-12-31,132,69,0.9862758014931928,15.929700085069417,54.31413093630911,28.183494425177365,9.406042506055806,0.5272180785928977,0.4782608695652174,,0.12755690510270232,0.04379979762369034,0.08875429041425391,0.5346476743379044,0.4782608695652174,0.0,0.18223542661652123,0.9862758014931928,0.1797343914466634
bus_trip_count,Bus trips,Bus,weekend_midday,Bronx,First six months post-CP,2025-01-05,2025-06-30,51,42,1.0,14.06925916698752,29.53154020774575,13.307084091458638,14.99948981327166,0.4710550887021475,0.5238095238095238,,0.10893924964560141,0.011476450534751008,0.15705562191272868,0.4735536262289454,0.5238095238095238,0.0,0.179482083260648,1.0,0.179482083260648
subway_ridership,Subway ridership,Subway,weekday_am_peak,Queens,Second half of 2025,2025-07-01,2025-12-31,132,27,1.0,15.636303222307127,63.06165253599445,29.306128880343987,8.637586731983042,0.5173961840628507,0.48148148148148145,,0.12462084749936048,0.04623904891713608,0.07937071179375803,0.523963426613432,0.48148148148148145,0.0,0.17910073622807066,1.0,0.17910073622807066
subway_ridership,Subway ridership,Subway,weekday_pm_peak,Citywide,Second half of 2025,2025-07-01,2025-12-31,132,153,0.9997524262230144,14.872232048570122,81.27426171099125,40.56411805893359,8.320045872632885,0.49650834530236243,0.47058823529411764,,0.11697469560112964,0.0707003190474895,0.07549323475543744,0.5012416550587516,0.47058823529411764,0.0,0.1784137376214103,0.9997524262230144,0.17836956705852125
fhvhv_trip_count,FHVHV trips,FHVHV,weekend_overnight,Queens,Early 2026,2026-01-01,2026-03-31,26,69,0.9777034559643255,13.350174500203114,56.28871482462479,42.26356443747518,17.233056574628307,0.4566704675028506,0.37681159420289856,,0.10174328311930135,0.07439286274051557,0.18432960438049767,0.457906048682086,0.37681159420289856,0.0,0.18217985990769145,0.9777034559643255,0.1781178786388466
subway_ridership,Subway ridership,Subway,weekday_evening,Bronx,Early 2026,2026-01-01,2026-03-31,62,27,1.0,14.78587663839689,55.71154687660876,38.29199416246438,9.800261340302406,0.494026284348865,0.4444444444444444,,0.11611052665180366,0.06576346615844386,0.09356807872796229,0.49854167146462114,0.4444444444444444,0.0,0.17760228277970178,1.0,0.17760228277970178
subway_ridership,Subway ridership,Subway,weekday_midday,Bronx,Second half of 2025,2025-07-01,2025-12-31,132,27,0.9985970819304153,15.488750158355108,45.032125896265946,27.42220951580634,5.730312871612797,0.5158752458555774,0.5555555555555556,,0.12314426628702588,0.042145683774504776,0.04387012248136181,0.5223089514477284,0.5555555555555556,0.0,0.17784119697001854,0.9985970819304153,0.17759170034127272
taxi_avg_trip_speed,Taxi average speed,Taxi,All temporal buckets,Brooklyn,Early 2026,2026-01-01,2026-03-31,90,61,0.9854280510018215,14.434443482820608,45.655348496930074,35.53565840108108,13.621477382573595,0.4833641404805915,0.4098360655737705,,0.11259369290388406,0.05977452154679191,0.14022877459145194,0.4869434012923947,0.4098360655737705,0.0,0.17953324063700143,0.9854280510018215,0.17691709141096135
bus_trip_count,Bus trips,Bus,weekend_overnight,Bronx,First six months post-CP,2025-01-05,2025-06-30,51,42,0.9981325863678805,13.858775271022564,33.14189400087397,22.73646745383526,15.23805979868644,0.4616463985032741,0.4523809523809524,,0.10683291204774639,0.03196454036418634,0.15996878918944193,0.4633188617911829,0.4523809523809524,0.0,0.17608739984525693,0.9981325863678805,0.1757585718343414
fhvhv_trip_count,FHVHV trips,FHVHV,weekday_am_peak,Brooklyn,First six months post-CP,2025-01-05,2025-06-30,126,61,0.9994795732500651,15.10474331332674,41.10717101085468,26.49172099991685,8.090770742231896,0.5026034886748243,0.5081967213114754,,0.1193014637210205,0.04012392566306059,0.07269356653193028,0.5078719463440365,0.5081967213114754,0.0,0.17543045154910833,0.9994795732500651,0.17533915284936902
subway_ridership,Subway ridership,Subway,weekday_evening,Queens,Early 2026,2026-01-01,2026-03-31,62,27,1.0,13.755970956103713,63.27475049135443,44.834172925850126,10.230428216495348,0.4635603345280765,0.4444444444444444,,0.10580413693531994,0.07997826059763063,0.09882082695223077,0.46540083961686857,0.4444444444444444,0.0,0.17517412831389254,1.0,0.17517412831389254
fhvhv_trip_count,FHVHV trips,FHVHV,weekday_pm_peak,Brooklyn,Second half of 2025,2025-07-01,2025-12-31,132,61,0.9997516145057128,14.926527810316196,54.95716935377633,31.674320546778553,14.987281581941126,0.49813664596273294,0.3114754098360656,,0.11751803980257379,0.05138463709937353,0.15690654775339205,0.5030129190009676,0.3114754098360656,0.0,0.17433055561978822,0.9997516145057128,0.17428725443856125
bus_trip_count,Bus trips,Bus,weekend_midday,Citywide,Second half of 2025,2025-07-01,2025-12-31,52,247,1.0,13.893930105536931,50.9727731820582,37.316709731335095,13.914926627448446,0.45998131423232635,0.38866396761133604,,0.10718471069412032,0.06364437583553327,0.1438120700175692,0.46150758467163083,0.38866396761133604,0.0,0.17420298456309943,1.0,0.17420298456309943
fhvhv_trip_count,FHVHV trips,FHVHV,weekday_pm_peak,Citywide,Second half of 2025,2025-07-01,2025-12-31,132,262,0.9850219754799907,14.647892307411244,57.25222947547506,36.27966267940222,14.658608963511375,0.48919744026301887,0.33969465648854963,,0.11472970089818721,0.06139108817707109,0.15289314130959095,0.4932888593642466,0.33969465648854963,0.0,0.1768351350393154,0.9850219754799907,0.17418649405069736
subway_ridership,Subway ridership,Subway,weekday_evening,Citywide,CP launch transition,2024-11-01,2025-04-30,129,156,0.9724209898628503,13.891963249903316,69.04103596973798,42.905237862565485,11.433638230352802,0.4677806735142317,0.36538461538461536,7.430055470395573,0.10716502813383873,0.07578708569966122,0.11351316988585322,0.4699917204363875,0.36538461538461536,0.08535956654140266,0.17865558728691364,0.9724209898628503,0.17372844303406942
bus_trip_count,Bus trips,Bus,weekend_overnight,Manhattan,First six months post-CP,2025-01-05,2025-06-30,51,59,0.9913592555666334,13.948533027372562,39.31172775795464,33.39808140725353,14.564229020574864,0.45759302715387196,0.4067796610169492,,0.10773112868342948,0.05513001110705145,0.15174067210495612,0.45890960821145793,0.4067796610169492,0.0,0.17519127026785358,0.9913592555666334,0.1736774872745122
subway_ridership,Subway ridership,Subway,weekday_overnight,Citywide,Second half of 2025,2025-07-01,2025-12-31,132,153,0.9998019409784116,14.519467333151088,96.29738630368861,43.14061412904686,7.451489284048744,0.4839540412044374,0.45751633986928103,,0.11344453677412154,0.07629850939578847,0.06488732962685259,0.4875850947505289,0.45751633986928103,0.0,0.1736303988286494,0.9998019409784116,0.1735960097617394
subway_ridership,Subway ridership,Subway,weekday_midday,Manhattan,Second half of 2025,2025-07-01,2025-12-31,132,49,1.0,15.694119710258715,237.5011763949309,37.0554936313733,6.650550841323138,0.5191713048855906,0.42857142857142855,,0.12519942403031104,0.06307680755293849,0.0551071066119864,0.525894401391567,0.42857142857142855,0.0,0.17357181108257203,1.0,0.17357181108257203
taxi_avg_trip_speed,Taxi average speed,Taxi,weekday_am_peak,Queens,Early 2026,2026-01-01,2026-03-31,64,69,0.8822463768115942,14.273613983289948,70.46849098942515,46.71733259428536,16.16358934188673,0.48100616016427106,0.463768115942029,,0.11098425280799169,0.08406997507855997,0.1712703884840673,0.48437839249985204,0.463768115942029,0.0,0.1965019924972325,0.8822463768115942,0.17336317091694245
bus_trip_count,Bus trips,Bus,weekend_evening,Manhattan,First six months post-CP,2025-01-05,2025-06-30,51,63,1.0,14.325678983564522,37.005956821573086,24.083437966630846,13.501732438136955,0.47276688453159044,0.42857142857142855,,0.11150527351177479,0.03489122727500475,0.13876657450338062,0.4754157161383347,0.42857142857142855,0.0,0.17294667669967534,1.0,0.17294667669967534
bus_trip_count,Bus trips,Bus,All temporal buckets,Manhattan,Early 2026,2026-01-01,2026-03-31,90,64,1.0,15.081505733964487,48.943389267318295,28.045372571560257,9.688734881520935,0.5013888888888889,0.4375,,0.1190689224766205,0.04349968754909028,0.09220623419565438,0.506550705827828,0.4375,0.0,0.17286255909590176,1.0,0.17286255909590176
taxi_avg_trip_speed,Taxi average speed,Taxi,All temporal buckets,Citywide,Second half of 2025,2025-07-01,2025-12-31,184,262,0.9261740789910389,13.808379409086694,54.78965113719889,41.87096264157297,13.715232596520837,0.4677596362740487,0.48091603053435117,,0.10632859461155875,0.07353982065361342,0.1413736152587199,0.4699688361461045,0.48091603053435117,0.0,0.1865123256128099,0.9261740789910389,0.17274288139492094
taxi_avg_trip_speed,Taxi average speed,Taxi,weekday_am_peak,Brooklyn,Early 2026,2026-01-01,2026-03-31,64,61,0.9608094262295082,13.724686227218113,58.26775736020103,46.81268775980099,15.422585348324866,0.4641428952279392,0.3442622950819672,,0.10549106690025459,0.08427716203042152,0.1622220223109077,0.46603454860374827,0.3442622950819672,0.0,0.17894332014859682,0.9608094262295082,0.1719304287595765
fhvhv_trip_count,FHVHV trips,FHVHV,weekday_pm_peak,Staten Island,First six months post-CP,2025-01-05,2025-06-30,126,20,0.9646825396825397,14.788732394366203,57.24573030843742,34.117153136140544,16.838256518810734,0.49321266968325794,0.3,,0.11613910454438252,0.056692404490485945,0.17950871879653488,0.4976566221889426,0.3,0.0,0.17795115911914636,0.9646825396825397,0.17166637611850985
bus_trip_count,Bus trips,Bus,weekend_midday,Manhattan,First six months post-CP,2025-01-05,2025-06-30,51,63,1.0,14.271134546691608,38.7472458293988,23.57255230037842,14.07318053880177,0.47774665421724244,0.3968253968253968,,0.11095944078850374,0.03378117892714413,0.14574450135491807,0.480832704965649,0.3968253968253968,0.0,0.17159352858785742,1.0,0.17159352858785742
bus_trip_count,Bus trips,Bus,weekend_midday,Bronx,CP launch transition,2024-11-01,2025-04-30,52,42,1.0,13.739060975424792,29.891339018010925,13.04779576172439,14.342759198826382,0.45054945054945056,0.42857142857142855,6.549245980589086,0.10563491673004141,0.010913070896108275,0.1490363141515636,0.4512476121395477,0.42857142857142855,0.07330055001043904,0.171536853579467,1.0,0.171536853579467
fhvhv_trip_count,FHVHV trips,FHVHV,All temporal buckets,Brooklyn,Second half of 2025,2025-07-01,2025-12-31,184,61,1.0,14.053329574291709,54.697440653441994,37.411064613357425,11.29712435228584,0.47736992159657876,0.39344262295081966,,0.10877984030048321,0.06384938937930672,0.11184620510941469,0.48042289557167245,0.39344262295081966,0.0,0.1714952530576391,1.0,0.1714952530576391
taxi_avg_trip_duration,Taxi average trip duration,Taxi,All temporal buckets,Staten Island,Early 2026,2026-01-01,2026-03-31,90,19,0.39239766081871347,41.59825904393369,95.40291742236431,83.02222832046107,37.950550751072825,0.8405365126676602,1.0,,0.38442525396116306,0.1629529662881459,0.43730998657478204,0.875475175188955,1.0,0.0,0.43640656595756877,0.39239766081871347,0.17124491564767758
fhvhv_trip_count,FHVHV trips,FHVHV,weekday_pm_peak,Staten Island,CP launch transition,2024-11-01,2025-04-30,129,20,0.9585271317829457,14.788732394366203,60.46201688138605,33.99618602611305,18.94652607795142,0.4864536999595633,0.25,2.376866585284298,0.11613910454438252,0.056429568107511076,0.20525270280819197,0.4903042212168852,0.25,0.0161771962276743,0.17854910630269288,0.9585271317829457,0.17114416274672847
bus_trip_count,Bus trips,Bus,weekend_midday,Bronx,Early 2026,2026-01-01,2026-03-31,26,42,1.0,11.616951813966098,28.93068300382568,13.702146151939845,14.736215365641016,0.4358974358974359,0.5476190476190477,,0.08439871577014826,0.012334838265133912,0.15384078956783453,0.435309164243796,0.5476190476190477,0.0,0.1707898900323542,1.0,0.1707898900323542
fhvhv_trip_count,FHVHV trips,FHVHV,All temporal buckets,Queens,Second half of 2025,2025-07-01,2025-12-31,184,69,1.0,14.455717739338564,59.89979362610213,35.31374667546969,10.666989175787627,0.48519218651543794,0.391304347826087,,0.11280658694104899,0.059292353498913826,0.1041516530353598,0.4889319480669797,0.391304347826087,0.0,0.17068496336266586,1.0,0.17068496336266586
subway_ridership,Subway ridership,Subway,weekday_am_peak,Bronx,CP launch transition,2024-11-01,2025-04-30,129,27,1.0,15.178044767315507,44.366443140541996,19.92195453858777,7.217383906753229,0.5067470571346541,0.48148148148148145,2.8955884280413446,0.12003500016477622,0.025849188891281266,0.06202867947748783,0.5123793162565009,0.48148148148148145,0.023278930881048005,0.1702079718260012,1.0,0.1702079718260012
bus_trip_count,Bus trips,Bus,weekend_midday,Brooklyn,CP launch transition,2024-11-01,2025-04-30,52,58,1.0,11.802651018582106,31.398843483234316,14.938027981818284,17.667742886522323,0.4141246684350133,0.41379310344827586,7.122739252516093,0.08625702998835141,0.01502015256152226,0.18963753922923063,0.4116247680711218,0.41379310344827586,0.08115215120978986,0.1701721926603718,1.0,0.1701721926603718
subway_ridership,Subway ridership,Subway,weekday_am_peak,Bronx,Second half of 2025,2025-07-01,2025-12-31,132,27,0.9991582491582491,14.539998430131806,44.33194926340938,21.39189802389472,6.519757869571222,0.489469250210615,0.5555555555555556,,0.11364999392464338,0.02904307050726547,0.053509999563212785,0.4935845339721554,0.5555555555555556,0.0,0.17028600197576646,0.9991582491582491,0.17014266359026498
fhvhv_trip_count,FHVHV trips,FHVHV,All temporal buckets,Manhattan,CP launch transition,2024-11-01,2025-04-30,181,67,1.0,13.751583632235356,45.65149726481174,34.97760520855368,10.820519592711658,0.4629339490393337,0.40298507462686567,3.2608853475131765,0.10576023245903912,0.058561987969705194,0.1060264059963646,0.46471945806545106,0.40298507462686567,0.02828015037470799,0.16983226589348205,1.0,0.16983226589348205
bus_trip_count,Bus trips,Bus,weekend_evening,Staten Island,Early 2026,2026-01-01,2026-03-31,26,19,1.0,13.332976788961382,34.54142559834707,12.09741620958739,19.340623469887383,0.42105263157894735,0.42105263157894735,,0.10157118355976287,0.008848093697924482,0.21006500819535054,0.41916099992836325,0.42105263157894735,0.0,0.16951867492265302,1.0,0.16951867492265302
fhvhv_trip_count,FHVHV trips,FHVHV,weekday_midday,Queens,Second half of 2025,2025-07-01,2025-12-31,132,69,0.9925340360122968,14.695303888010343,48.993006279530036,28.889580675073347,10.321664573207359,0.48960176991150445,0.42028985507246375,,0.11520415427302517,0.045333976260749365,0.09993490996798766,0.49372868877939186,0.42028985507246375,0.0,0.17044959573754506,0.9925340360122968,0.16917702519404998
fhvhv_trip_count,FHVHV trips,FHVHV,All temporal buckets,Citywide,Second half of 2025,2025-07-01,2025-12-31,184,262,1.0,13.938339437624384,56.02896846601193,39.620024760309136,10.51772727810202,0.47189263192831066,0.38549618320610685,,0.10762912020793418,0.06864900057137754,0.10232902276926896,0.4744647049705167,0.38549618320610685,0.0,0.1688732028044732,1.0,0.1688732028044732
taxi_avg_trip_speed,Taxi average speed,Taxi,All temporal buckets,Brooklyn,Second half of 2025,2025-07-01,2025-12-31,184,61,0.9864575908766928,13.517735263973712,48.26655243984254,37.230622424167194,13.99969506516679,0.4595375722543353,0.36065573770491804,,0.10342008378396635,0.06345732601322276,0.14484717356770707,0.46102488256114693,0.36065573770491804,0.0,0.1707370891283042,0.9864575908766928,0.16842489761480614
taxi_avg_trip_speed,Taxi average speed,Taxi,weekday_midday,Brooklyn,Second half of 2025,2025-07-01,2025-12-31,132,61,0.9706905116741182,12.789218272319061,52.178412241087756,45.69736050779807,15.890362399218319,0.4388433981576254,0.3442622950819672,,0.09612972685113046,0.08185378777040062,0.16793402667344737,0.43851377924740065,0.3442622950819672,0.0,0.17347949404282254,0.9706905116741182,0.16839489883739456
taxi_avg_trip_speed,Taxi average speed,Taxi,weekday_midday,Citywide,Early 2026,2026-01-01,2026-03-31,64,261,0.8820043103448276,13.724318396090226,62.61664287184273,49.071792404618584,15.173377880381835,0.4641281476956492,0.4559386973180077,,0.10548738597003056,0.08918572679212103,0.15917896121727515,0.4660185062518548,0.4559386973180077,0.0,0.1907263468050704,0.8820043103448276,0.16822145997839452
taxi_avg_trip_speed,Taxi average speed,Taxi,weekday_pm_peak,Manhattan,First six months post-CP,2025-01-05,2025-06-30,126,66,0.9666907166907167,14.519828717084007,50.5208428303198,34.6893940666415,11.630007868713435,0.48799601940539866,0.3939393939393939,,0.1134481531864921,0.05793576507278687,0.11591103063777317,0.49198195487398827,0.3939393939393939,0.0,0.1735470106580874,0.9666907166907167,0.16776628411259795
fhvhv_trip_count,FHVHV trips,FHVHV,All temporal buckets,Brooklyn,CP launch transition,2024-11-01,2025-04-30,181,61,1.0,13.853453454817608,48.953758597971536,39.47126274335541,11.175506729322278,0.46517525586450503,0.3442622950819672,2.9931366750115203,0.10677965599454582,0.0683257716337657,0.11036113782874597,0.46715754954295813,0.3442622950819672,0.024614447739566763,0.1674709083866969,1.0,0.1674709083866969
fhvhv_trip_count,FHVHV trips,FHVHV,weekend_overnight,Bronx,Second half of 2025,2025-07-01,2025-12-31,52,42,1.0,12.828333334464414,47.53274283144601,32.0900401882886,20.75686327132026,0.423992673992674,0.2619047619047619,,0.09652115597050075,0.05228790945895354,0.22735864820769366,0.4223591753284977,0.2619047619047619,0.0,0.16739229069012812,1.0,0.16739229069012812
fhvhv_trip_count,FHVHV trips,FHVHV,weekend_overnight,Brooklyn,First six months post-CP,2025-01-05,2025-06-30,51,61,1.0,12.575444830559404,53.49959072795331,38.50698565000764,17.373320822441002,0.4252651880424301,0.3114754098360656,,0.09399047037387384,0.066230597967606,0.1860423647518844,0.4237434149269655,0.3114754098360656,0.0,0.16727326973970452,1.0,0.16727326973970452
taxi_avg_trip_speed,Taxi average speed,Taxi,All temporal buckets,Citywide,Early 2026,2026-01-01,2026-03-31,90,262,0.9270992366412214,13.8359738550087,53.34442752957593,37.68917844293231,13.617007952192306,0.4679108915420155,0.44274809160305345,,0.10660473554229852,0.06445367291558479,0.14017419857968047,0.47013337148576273,0.44274809160305345,0.0,0.18026401993646174,0.9270992366412214,0.1671226352769716
fhvhv_trip_count,FHVHV trips,FHVHV,weekday_midday,Staten Island,CP launch transition,2024-11-01,2025-04-30,129,20,0.9589147286821705,14.066670805139974,42.163376868243816,26.459367103450056,12.421527492980852,0.47453516572352467,0.4,5.000230474266345,0.10891334759807733,0.04005362737189249,0.1255762408874334,0.47733925077244777,0.4,0.05209323581407539,0.17372153573735,0.9589147286821705,0.16658413930783098
subway_ridership,Subway ridership,Subway,weekday_pm_peak,Bronx,First six months post-CP,2025-01-05,2025-06-30,126,27,0.9991181657848325,14.401185985753223,36.661522608923605,25.059368303472432,6.714165223953477,0.47602235951750516,0.5185185185185185,,0.11226088114095827,0.03701172101675478,0.05588389895442974,0.47895701879679137,0.5185185185185185,0.0,0.16657729094463686,0.9991181657848325,0.16643039739001197
bus_trip_count,Bus trips,Bus,weekend_overnight,Manhattan,Second half of 2025,2025-07-01,2025-12-31,52,58,1.0,12.723386570088469,45.75860623282247,39.014368168380756,13.299556681443953,0.4353448275862069,0.3793103448275862,,0.09547094110933584,0.06733303470337293,0.13629781550371514,0.43470803743738295,0.3793103448275862,0.0,0.16632425009681948,1.0,0.16632425009681948
bus_trip_count,Bus trips,Bus,weekend_overnight,Citywide,Second half of 2025,2025-07-01,2025-12-31,52,242,0.9955499046408137,13.05518169582773,56.738197424892704,44.3023518380242,11.217948717948719,0.44851532567049807,0.3760330578512397,,0.09879125473677838,0.07882272393082791,0.11087939502782412,0.4490348929902273,0.3760330578512397,0.0,0.16659835066928555,0.9955499046408137,0.16585697212212408
taxi_avg_trip_speed,Taxi average speed,Taxi,weekday_am_peak,Citywide,Early 2026,2026-01-01,2026-03-31,64,258,0.8903827519379846,13.643304739725036,61.48773991796584,46.440236719208116,14.387169216628507,0.46163787239831316,0.44573643410852715,,0.10467667259189108,0.08346790334578894,0.1495786028656886,0.4633095871021452,0.44573643410852715,0.0,0.18578811240413765,0.8903827519379846,0.1654225307997597
bus_trip_count,Bus trips,Bus,weekend_evening,Bronx,CP launch transition,2024-11-01,2025-04-30,52,42,1.0,12.943707422015072,28.24275756915704,14.111002618023626,13.279213843195897,0.41620879120879123,0.38095238095238093,12.097232515508388,0.09767571830560037,0.013223198371256344,0.136049410028078,0.4138918748838796,0.38095238095238093,0.14925711282273807,0.1651555558696436,1.0,0.1651555558696436
subway_ridership,Subway ridership,Subway,weekday_evening,Brooklyn,CP launch transition,2024-11-01,2025-04-30,129,48,1.0,13.141281474493875,63.534121396534296,37.94910967650994,11.730121259767996,0.45058139534883723,0.2916666666666667,7.502175087851262,0.0996528655509458,0.06501844945062983,0.11713351071746086,0.4512823616625763,0.2916666666666667,0.0863469442538022,0.16510560295777213,1.0,0.16510560295777213
bus_trip_count,Bus trips,Bus,All temporal buckets,Brooklyn,Second half of 2025,2025-07-01,2025-12-31,184,60,1.0,14.465543917706725,36.7669620255379,13.178542857779355,8.27484002894988,0.4835144927536232,0.5166666666666667,,0.11290491868678755,0.011197157155619183,0.07494122824755849,0.48710695435500334,0.5166666666666667,0.0,0.16510122849569117,1.0,0.16510122849569117
taxi_avg_trip_speed,Taxi average speed,Taxi,weekday_midday,Citywide,Second half of 2025,2025-07-01,2025-12-31,132,261,0.8746081504702194,13.298779704591858,58.50758219467101,48.931665646586744,15.343993162646203,0.4525089605734767,0.45977011494252873,,0.10122896923398594,0.08888126047701511,0.1612623366944359,0.45337916531915434,0.45977011494252873,0.0,0.18870246259706416,0.8746081504702194,0.16504071180119406
bus_trip_count,Bus trips,Bus,weekday_pm_peak,Brooklyn,Early 2026,2026-01-01,2026-03-31,64,60,1.0,14.691054539394194,31.853085683498577,10.350619462303953,5.681018904266715,0.4825520833333333,0.5833333333333334,,0.11516163053164556,0.005052667497001815,0.04326819608076154,0.48606004628372584,0.5833333333333334,0.0,0.16419147247262408,1.0,0.16419147247262408
fhvhv_trip_count,FHVHV trips,FHVHV,weekend_overnight,Bronx,Early 2026,2026-01-01,2026-03-31,26,43,0.9794275491949911,12.739897322780827,43.64962352550833,32.39262788389864,17.456279733059322,0.434703196347032,0.32558139534883723,,0.095636166192259,0.05294536961840323,0.18705537224863591,0.4340100715728409,0.32558139534883723,0.0,0.16743430036358964,0.9794275491949911,0.1639897664562886
bus_trip_count,Bus trips,Bus,weekend_midday,Manhattan,CP launch transition,2024-11-01,2025-04-30,52,63,1.0,13.03394590333547,34.2030944480821,22.40578775211559,14.039388283796207,0.4337606837606838,0.2698412698412698,12.341958136801338,0.09857874561373296,0.031246042115336284,0.14533186566096265,0.43298480725899885,0.2698412698412698,0.15260761068507422,0.16378624192525743,1.0,0.16378624192525743
fhvhv_trip_count,FHVHV trips,FHVHV,All temporal buckets,Staten Island,First six months post-CP,2025-01-05,2025-06-30,177,20,1.0,14.394257795056342,54.53544253103723,23.464166959776733,12.21411162263965,0.48418079096045197,0.35,,0.1121915499055065,0.03354568011358421,0.12304349509756186,0.4878317529239915,0.35,0.0,0.16360819196760845,1.0,0.16360819196760845
subway_ridership,Subway ridership,Subway,weekday_evening,Bronx,Second half of 2025,2025-07-01,2025-12-31,132,27,0.9977553310886644,14.805194301100158,54.39096138441295,30.08967049720389,10.52050075958828,0.4940944881889764,0.3333333333333333,,0.11630384081994008,0.04794152196488378,0.10236288962596633,0.4986158635383887,0.3333333333333333,0.0,0.16384443944449387,0.9977553310886644,0.16347666292497762
subway_ridership,Subway ridership,Subway,weekday_midday,Citywide,Second half of 2025,2025-07-01,2025-12-31,132,153,0.9997524262230144,14.4649763069496,76.14816109074826,32.44425957120513,6.136524090483432,0.48318557773265314,0.4444444444444444,,0.11289923853784695,0.0530575545415236,0.04883034926005882,0.4867491609014498,0.4444444444444444,0.0,0.16306712477462398,0.9997524262230144,0.16302675363064134
taxi_avg_trip_duration,Taxi average trip duration,Taxi,weekend_evening,Manhattan,CP launch transition,2024-11-01,2025-04-30,52,66,0.9574592074592074,12.939713512520605,38.105350156646715,26.005958901797186,17.744693786365982,0.4300060864272672,0.30303030303030304,7.152504857157037,0.09763575077415547,0.03906846560596707,0.19057718317877628,0.42890055977567,0.30303030303030304,0.08155966716252798,0.17020378417771173,0.9574592074592074,0.16296318030534987
fhvhv_trip_count,FHVHV trips,FHVHV,weekend_overnight,Queens,CP launch transition,2024-11-01,2025-04-30,52,69,0.9782608695652174,12.332150112057654,54.621848739495796,41.0880648225102,16.31870693674557,0.4128205128205128,0.2608695652173913,7.052541664862501,0.09155579093870646,0.07183874644464368,0.1731645224028819,0.41020610880798697,0.2608695652173913,0.0801910876883984,0.16654073089125562,0.9782608695652174,0.1629202802197066
bus_trip_count,Bus trips,Bus,weekend_overnight,Bronx,Second half of 2025,2025-07-01,2025-12-31,52,42,0.9981684981684982,12.869415828042975,37.395058767090426,26.784712081130685,15.94643103686318,0.4288990825688073,0.35714285714285715,,0.09693227341224825,0.04076053437440896,0.16861867826594726,0.4276963620091852,0.35714285714285715,0.0,0.16316906394490485,0.9981684981684982,0.1628702195054453
fhvhv_trip_count,FHVHV trips,FHVHV,All temporal buckets,Brooklyn,First six months post-CP,2025-01-05,2025-06-30,177,61,1.0,13.641913325894588,49.33034525451905,39.11773506561687,10.926590935438607,0.45864592016300826,0.3442622950819672,,0.1046627485467673,0.06755762948275304,0.10732163835382966,0.46005494424643195,0.3442622950819672,0.0,0.16272075589596918,1.0,0.16272075589596918
bus_trip_count,Bus trips,Bus,weekend_midday,Manhattan,Early 2026,2026-01-01,2026-03-31,26,63,1.0,12.171337061462976,49.932945909700486,27.903806648958945,17.671034754788096,0.42735042735042733,0.31746031746031744,,0.08994651544928978,0.043192094228554044,0.18967773608339245,0.4260117363046074,0.31746031746031744,0.0,0.1623706660553978,1.0,0.1623706660553978
fhvhv_trip_count,FHVHV trips,FHVHV,weekday_pm_peak,Brooklyn,CP launch transition,2024-11-01,2025-04-30,129,61,0.9996187571483035,13.68693285657805,50.48195083296705,28.551846682244587,14.46670667336166,0.4651665395372489,0.2786885245901639,2.7326001494127574,0.10511326439113455,0.04460015050379282,0.15054983114415446,0.4671480679302848,0.2786885245901639,0.02104748541062369,0.16232846792262748,0.9996187571483035,0.16226658135460514
bus_trip_count,Bus trips,Bus,weekend_midday,Citywide,CP launch transition,2024-11-01,2025-04-30,52,248,0.9979838709677419,11.998693858164868,32.092483569995146,18.93677082860956,15.860946790553385,0.4066045066045066,0.34274193548387094,8.80366306574635,0.08821885420255252,0.02370858949333267,0.16757483400954917,0.40344434303403165,0.34274193548387094,0.10416540014230018,0.16229327003347535,0.9979838709677419,0.16196606586002074
fhvhv_trip_count,FHVHV trips,FHVHV,weekday_am_peak,Citywide,Second half of 2025,2025-07-01,2025-12-31,132,262,0.9817545685866297,14.022123611647718,52.97442849497331,33.76708661425771,9.131705280734712,0.47506847701234056,0.40458015267175573,,0.10846755848864692,0.05593178271162915,0.08540437099249493,0.47791938629584757,0.40458015267175573,0.0,0.16490325478568835,0.9817545685866297,0.16189452376065455
bus_trip_count,Bus trips,Bus,weekend_midday,Staten Island,First six months post-CP,2025-01-05,2025-06-30,51,19,1.0,11.72723483567558,33.26839901139639,15.422629893321467,20.364992111266318,0.3973168214654283,0.3684210526315789,,0.0855023311986199,0.016073091774282282,0.2225735272371238,0.3933412077876447,0.3684210526315789,0.0,0.16147673106202393,1.0,0.16147673106202393
bus_trip_count,Bus trips,Bus,weekend_evening,Brooklyn,CP launch transition,2024-11-01,2025-04-30,52,58,1.0,12.92287345120424,29.715515180492467,15.83066910413205,15.967493225220728,0.41346153846153844,0.3620689655172414,5.280163380262972,0.097467230260326,0.01695967615459027,0.16887586769316085,0.4109034159034261,0.3620689655172414,0.05592575076769569,0.1609435226433526,1.0,0.1609435226433526
subway_ridership,Subway ridership,Subway,weekday_midday,Brooklyn,Early 2026,2026-01-01,2026-03-31,62,48,1.0,14.220950053474601,88.1876605948496,30.271407406440886,6.638440136788088,0.47580645161290325,0.4375,,0.11045723854444285,0.04833639848847789,0.054959223347928216,0.47872215437920046,0.4375,0.0,0.16072571515747378,1.0,0.16072571515747378
bus_trip_count,Bus trips,Bus,weekend_evening,Citywide,CP launch transition,2024-11-01,2025-04-30,52,248,0.9979838709677419,12.666956924762301,29.804011199360037,19.036332994053396,14.194594993179221,0.4052836052836053,0.33064516129032256,10.764271913147393,0.09490624287891197,0.023924917381470654,0.1472270877531921,0.4020074678070662,0.33064516129032256,0.13100777045640416,0.1608743088175211,0.9979838709677419,0.16054996545296965
bus_trip_count,Bus trips,Bus,weekend_midday,Citywide,First six months post-CP,2025-01-05,2025-06-30,51,248,0.9986559139784946,12.501406083924268,32.83233342091729,19.609972554066683,16.134810703016754,0.4205526086612303,0.38306451612903225,,0.09324955575415579,0.025171316894949315,0.17091897382945934,0.41861707546404947,0.38306451612903225,0.0,0.16022554807297099,0.9986559139784946,0.16001019115351806
subway_ridership,Subway ridership,Subway,weekday_evening,Queens,First six months post-CP,2025-01-05,2025-06-30,126,27,0.9029982363315696,14.880302604586495,89.06441717791411,41.95696009566586,10.116191687380773,0.4954427083333333,0.4074074074074074,,0.11705545862337867,0.07372667524387094,0.09742588987394205,0.5000824561560723,0.4074074074074074,0.0,0.17708104767458346,0.9029982363315696,0.15990387373789547
fhvhv_trip_count,FHVHV trips,FHVHV,weekday_evening,Bronx,First six months post-CP,2025-01-05,2025-06-30,126,43,0.9800664451827242,13.746228147748361,60.198121950793016,26.603802195405144,17.451000328489418,0.46854990583804146,0.23255813953488372,,0.10570663948330114,0.04036745480098036,0.1869909056787661,0.470828490641984,0.23255813953488372,0.0,0.1625114602824445,0.9800664451827242,0.15927202918046887
subway_ridership,Subway ridership,Subway,weekday_pm_peak,Bronx,CP launch transition,2024-11-01,2025-04-30,129,27,1.0,13.03011677934849,38.598582647027506,23.83005649687379,7.436737621403342,0.43382141831754234,0.4444444444444444,7.424118909489324,0.09854042711063014,0.03434068201515136,0.06470719774303248,0.4330508742533988,0.4444444444444444,0.08527829007136685,0.15916460006411132,1.0,0.15916460006411132
taxi_avg_trip_speed,Taxi average speed,Taxi,weekday_pm_peak,Manhattan,CP launch transition,2024-11-01,2025-04-30,129,66,0.9581865163260512,13.434082234845164,45.12969209879261,32.696248956624885,11.621959728338974,0.4493748467761706,0.3181818181818182,8.19895753661876,0.10258295788594868,0.05360507509150396,0.11581275516051014,0.44996987924866494,0.3181818181818182,0.09588647711012803,0.16598272279866214,0.9581865163260512,0.1590424069287627
subway_ridership,Subway ridership,Subway,weekday_midday,Bronx,CP launch transition,2024-11-01,2025-04-30,129,27,1.0,13.63375195804386,41.54749178046273,24.986077747160632,5.930208183044591,0.45162216480045936,0.48148148148148145,3.810812148407212,0.10458107675959752,0.036852475873816085,0.046311035067322995,0.45241450970297487,0.48148148148148145,0.035809106930634826,0.15898277663049598,1.0,0.15898277663049598
bus_trip_count,Bus trips,Bus,All temporal buckets,Queens,CP launch transition,2024-11-01,2025-04-30,181,66,1.0,14.810721173352734,43.53156826391643,13.971465214904875,11.45182422898609,0.4983257994307718,0.3181818181818182,2.765390233284866,0.11635914889360895,0.012920012601859165,0.11373523829073132,0.5032186799673767,0.3181818181818182,0.021496409006522176,0.15869950530127339,1.0,0.15869950530127339
subway_ridership,Subway ridership,Subway,weekday_overnight,Queens,Second half of 2025,2025-07-01,2025-12-31,132,27,1.0,14.225988051770594,55.81941763866746,39.405270028033414,5.0734213400574415,0.4744668911335578,0.4074074074074074,,0.11050765439777989,0.06818238318219418,0.035848849768660505,0.4772649817370533,0.4074074074074074,0.0,0.15864738463013534,1.0,0.15864738463013534
subway_ridership,Subway ridership,Subway,weekday_midday,Citywide,Early 2026,2026-01-01,2026-03-31,62,153,1.0,13.8907732397991,76.44971527773521,34.59267768392722,6.392263084353749,0.46415770609318996,0.41830065359477125,,0.10715311955996495,0.05772562047892779,0.05195316652069326,0.4660506598491774,0.41830065359477125,0.0,0.15799032667271734,1.0,0.15799032667271734
fhvhv_trip_count,FHVHV trips,FHVHV,weekday_pm_peak,Brooklyn,First six months post-CP,2025-01-05,2025-06-30,126,61,0.9996096799375488,13.412941652691845,45.52909639000647,27.611692423435855,14.10859633700301,0.45281790967070157,0.29508196721311475,,0.10237140154418706,0.04255739074233747,0.14617696206123515,0.4537152398594484,0.29508196721311475,0.0,0.15791450310689756,0.9996096799375488,0.15785286590818293
fhvhv_trip_count,FHVHV trips,FHVHV,weekend_overnight,Citywide,First six months post-CP,2025-01-05,2025-06-30,51,261,0.9848245811734656,12.651697250395735,47.17271940483872,40.33890243150502,15.123953713532982,0.4210084674651003,0.29118773946360155,,0.094753537486882,0.07021097230779069,0.15857544495644893,0.4191129582464423,0.29118773946360155,0.0,0.16020425724894033,0.9848245811734656,0.1577730905473938
bus_trip_count,Bus trips,Bus,weekday_pm_peak,Citywide,Early 2026,2026-01-01,2026-03-31,64,252,1.0,14.281824565426124,40.8120747258324,28.713894406157074,7.318678009765671,0.47172619047619047,0.4007936507936508,,0.11106641708842,0.04495224652074146,0.06326557717736751,0.47428365011387646,0.4007936507936508,0.0,0.15732637307978942,1.0,0.15732637307978942
subway_ridership,Subway ridership,Subway,weekday_pm_peak,Brooklyn,Second half of 2025,2025-07-01,2025-12-31,132,48,1.0,13.949266945931187,83.61780646201167,30.932330481946355,8.143782631072794,0.4685921717171717,0.375,,0.107738473094491,0.049772446936283264,0.07334089230335775,0.4708744674259475,0.375,0.0,0.1567901549275327,1.0,0.1567901549275327
fhvhv_trip_count,FHVHV trips,FHVHV,weekend_midday,Queens,Second half of 2025,2025-07-01,2025-12-31,52,69,0.9966555183946488,12.605042016806717,54.05839066689805,36.29045911230509,13.845507852786044,0.436241610738255,0.2898550724637681,,0.09428665296730994,0.06141454658136443,0.14296440050715511,0.43568355731517266,0.2898550724637681,0.0,0.15714188818388686,0.9966555183946488,0.1566163300294257
bus_trip_count,Bus trips,Bus,weekend_evening,Bronx,First six months post-CP,2025-01-05,2025-06-30,51,42,1.0,13.280776228016977,28.93596965684404,14.383422285946434,13.667086951927363,0.4290382819794584,0.40476190476190477,,0.1010488062840941,0.013815109677988992,0.14078571097519432,0.4278477829984808,0.40476190476190477,0.0,0.15647403879731753,1.0,0.15647403879731753
fhvhv_trip_count,FHVHV trips,FHVHV,weekday_overnight,Queens,CP launch transition,2024-11-01,2025-04-30,129,69,0.9693292888439501,12.359746854906293,69.30732093087452,39.032796865991244,13.98135818908122,0.4217663421418637,0.2608695652173913,7.103422287864687,0.0918319548550666,0.06737307643225095,0.14462326280509896,0.4199373736141571,0.2608695652173913,0.08088768585291624,0.1613006437892502,0.9693292888439501,0.1563534383343052
bus_trip_count,Bus trips,Bus,All temporal buckets,Manhattan,CP launch transition,2024-11-01,2025-04-30,181,64,1.0,14.347609561752982,42.79173110157309,21.72245364038296,9.992890670247485,0.48601519337016574,0.3125,2.9592711934663187,0.1117247354386328,0.029761299144702956,0.09592026674338076,0.4898272141572386,0.3125,0.02415080105261707,0.15610848745142594,1.0,0.15610848745142594
subway_ridership,Subway ridership,Subway,weekday_am_peak,Queens,First six months post-CP,2025-01-05,2025-06-30,126,27,0.9059376837154615,15.064330629304369,70.860139660008,32.58672667307546,7.882037533512065,0.5006489292667099,0.4444444444444444,,0.11889704914385624,0.05336710593727075,0.07014473478283674,0.5057457784398092,0.4444444444444444,0.0,0.1714564444800721,0.9059376837154615,0.15532885417036515
fhvhv_trip_count,FHVHV trips,FHVHV,weekend_overnight,Manhattan,First six months post-CP,2025-01-05,2025-06-30,51,67,0.9844893181153058,13.810600812930195,37.11312144670662,31.5643146593723,10.818550955091048,0.4533293697978597,0.34328358208955223,,0.10635082446631383,0.05114561717449288,0.10600236705162436,0.4542716057095429,0.34328358208955223,0.0,0.15772614166259752,0.9844893181153058,0.15527970165436877
subway_ridership,Subway ridership,Subway,weekday_pm_peak,Citywide,First six months post-CP,2025-01-05,2025-06-30,126,153,0.9837638759207387,13.839070147618052,82.46254376780534,36.4326854180465,7.245658241798152,0.4608489322436066,0.39215686274509803,,0.10663572051389049,0.06172357477718108,0.06237393610094988,0.4624513787364494,0.39215686274509803,0.0,0.15781621810224056,0.9837638759207387,0.1552538944034128
fhvhv_trip_count,FHVHV trips,FHVHV,All temporal buckets,Citywide,CP launch transition,2024-11-01,2025-04-30,181,262,1.0,12.947179025528829,49.23395705136255,38.59495273799266,10.640382638574014,0.4396060900004217,0.29389312977099236,3.3517418804467365,0.09771045905843731,0.06642173216285592,0.10382676181560895,0.43934343472384074,0.29389312977099236,0.029524052087021007,0.15515611060990067,1.0,0.15515611060990067
subway_ridership,Subway ridership,Subway,weekday_overnight,Brooklyn,Second half of 2025,2025-07-01,2025-12-31,132,48,1.0,13.572039130021846,118.49178381409646,37.71406168538213,6.774874804938202,0.4479166666666667,0.3958333333333333,,0.10396350908613346,0.0645077390286027,0.056625220895663,0.44838367228327985,0.3958333333333333,0.0,0.15508556492933528,1.0,0.15508556492933528
bus_trip_count,Bus trips,Bus,weekend_overnight,Citywide,CP launch transition,2024-11-01,2025-04-30,52,244,0.9940100882723834,12.34543754012048,32.684316751751155,21.07851602765505,12.9577873761388,0.3820964161116397,0.3114754098360656,13.090121940593473,0.09168875982537218,0.028362156576508937,0.13212448601019572,0.3767844650157403,0.3114754098360656,0.16285059714492733,0.15580345876170115,0.9940100882723834,0.1548702097968612
bus_trip_count,Bus trips,Bus,All temporal buckets,Citywide,CP launch transition,2024-11-01,2025-04-30,181,252,1.0,14.03824507353243,43.505140823701176,19.168757289215847,10.716512149850043,0.48382004735595896,0.30952380952380953,2.4203896867806303,0.10862888789175626,0.024212647845979433,0.10475637582659159,0.4874393363669178,0.30952380952380953,0.01677306378643367,0.15447580249122642,1.0,0.15447580249122642
bus_trip_count,Bus trips,Bus,All temporal buckets,Manhattan,First six months post-CP,2025-01-05,2025-06-30,177,64,1.0,14.928263594245564,45.83594274330282,22.524674155296015,9.400618085429723,0.4991172316384181,0.296875,,0.11753541000059022,0.03150435755487793,0.08868805305989619,0.5040795991859399,0.296875,0.0,0.15442022187870774,1.0,0.15442022187870774
subway_ridership,Subway ridership,Subway,weekday_pm_peak,Citywide,CP launch transition,2024-11-01,2025-04-30,129,156,0.9712283840190817,13.10513839383948,63.23439425693871,34.77789501040753,7.877528223175627,0.4402148887183423,0.3974358974358974,4.3650161152142,0.09929117740689257,0.05812805922566892,0.07008967179874083,0.44000568540233315,0.3974358974358974,0.043396621455165395,0.15849228934700016,0.9712283840190817,0.1539322100619717
fhvhv_trip_count,FHVHV trips,FHVHV,weekday_pm_peak,Bronx,Second half of 2025,2025-07-01,2025-12-31,132,43,0.9779774489076815,14.072942524346002,57.20580057321298,23.2676767162729,15.345110948401059,0.47450909745991715,0.23255813953488372,,0.1089761094445658,0.03311874766160895,0.16127598592561546,0.47731089373956803,0.23255813953488372,0.0,0.15718255400386205,0.9779774489076815,0.15372099317749088
fhvhv_trip_count,FHVHV trips,FHVHV,weekend_overnight,Queens,First six months post-CP,2025-01-05,2025-06-30,51,69,0.982665529980108,11.916399537576492,54.8003984396601,41.44581626766631,16.22337490343229,0.40456911509543086,0.2608695652173913,,0.08739532506389532,0.07261606596420146,0.17200042726581785,0.40123024604564256,0.2608695652173913,0.0,0.1563046603855785,0.982665529980108,0.15359520193615528
subway_ridership,Subway ridership,Subway,weekday_pm_peak,Bronx,Second half of 2025,2025-07-01,2025-12-31,132,27,0.9985970819304153,13.69689705686509,44.193238572969115,27.26941114092177,7.058854933739532,0.45911772969935377,0.4074074074074074,,0.1052129773387733,0.04181368467020303,0.060092889374673615,0.46056817822075974,0.4074074074074074,0.0,0.15334056198409485,0.9985970819304153,0.1531254377388871
fhvhv_trip_count,FHVHV trips,FHVHV,weekday_pm_peak,Citywide,CP launch transition,2024-11-01,2025-04-30,129,262,0.9840523107876206,13.280805012340997,51.008466754106664,33.151600140772786,14.531645569620252,0.45166721789590786,0.2099236641221374,3.0307543148986973,0.1010490943322777,0.054594458554476304,0.1513427970624677,0.4524635184182541,0.2099236641221374,0.025129464603605055,0.15550183355288053,0.9840523107876206,0.15302193863942404
fhvhv_trip_count,FHVHV trips,FHVHV,weekday_pm_peak,Queens,CP launch transition,2024-11-01,2025-04-30,129,69,0.9883159195596001,13.069964925235372,57.7960140679953,32.36267734529173,15.398751860112887,0.4464021825622371,0.17391304347826086,4.55412907702984,0.09893919228694714,0.05288029332424526,0.1619309926668041,0.4467362178846402,0.17391304347826086,0.04598573562701126,0.15439442091503483,0.9883159195596001,0.1525904640815146
fhvhv_trip_count,FHVHV trips,FHVHV,All temporal buckets,Staten Island,CP launch transition,2024-11-01,2025-04-30,181,20,1.0,13.460373433589645,57.64866291118929,24.15736327134427,12.892673379452964,0.4530386740331492,0.25,4.03226168785907,0.10284605706583747,0.0350518515942662,0.13132938194850333,0.45395538712736194,0.25,0.03884093581977513,0.15257545235251652,1.0,0.15257545235251652
bus_trip_count,Bus trips,Bus,weekend_midday,Staten Island,CP launch transition,2024-11-01,2025-04-30,52,19,1.0,10.736333823540974,32.36899002854815,15.422629893321467,20.168561348490787,0.37955465587044535,0.3157894736842105,2.4501429250039584,0.07558626589565146,0.016073091774282282,0.2201749200977445,0.37401954059204007,0.3157894736842105,0.017180410432600754,0.15257042964273687,1.0,0.15257042964273687
fhvhv_trip_count,FHVHV trips,FHVHV,weekday_pm_peak,Manhattan,Early 2026,2026-01-01,2026-03-31,64,67,0.9855410447761194,13.420069773043757,42.23054227839701,35.06518559225581,11.711893432790363,0.4505442498816848,0.2835820895522388,,0.1024427334996815,0.05875228193693799,0.1169109315485662,0.45124195485799456,0.2835820895522388,0.0,0.1546033056778071,0.9855410447761194,0.15236790340354778
subway_ridership,Subway ridership,Subway,weekday_midday,Queens,Second half of 2025,2025-07-01,2025-12-31,132,27,1.0,12.719980743498066,63.42335376752325,36.089679009883326,5.296064329310333,0.43799102132435463,0.4444444444444444,,0.09543685859406192,0.06097829315775311,0.03856753321726571,0.43758656452182954,0.4444444444444444,0.0,0.15212788077442269,1.0,0.15212788077442269
bus_trip_count,Bus trips,Bus,All temporal buckets,Bronx,Early 2026,2026-01-01,2026-03-31,90,42,1.0,14.358094839098213,39.110268988445355,10.57275987940311,10.482929130047133,0.4902116402116402,0.3333333333333333,,0.11182966286690443,0.005535332443941531,0.10190410416088878,0.4943921051240202,0.3333333333333333,0.0,0.1516227356184804,1.0,0.1516227356184804
bus_trip_count,Bus trips,Bus,weekend_evening,Citywide,Second half of 2025,2025-07-01,2025-12-31,52,247,1.0,12.871577097671699,45.5226753586736,32.51567972213551,12.112722478576138,0.425023357209592,0.3076923076923077,,0.096953901496702,0.05321273568239564,0.12180543685571613,0.42348035157217656,0.3076923076923077,0.0,0.1513463350961398,1.0,0.1513463350961398
fhvhv_trip_count,FHVHV trips,FHVHV,weekend_midday,Citywide,Second half of 2025,2025-07-01,2025-12-31,52,262,0.9874486200822079,11.924070710430044,47.43364229476645,39.603292340317154,13.279623968053219,0.41269605292499817,0.29770992366412213,,0.08747209141092155,0.06861264450113573,0.13605441804411839,0.4100707214495326,0.29770992366412213,0.0,0.15314006360013405,0.9874486200822079,0.15121794448125392
bus_trip_count,Bus trips,Bus,weekend_evening,Brooklyn,First six months post-CP,2025-01-05,2025-06-30,51,58,1.0,12.664473684210522,28.50375049348598,15.83066910413205,15.988945913936043,0.40872210953346855,0.3275862068965517,,0.09488139279280562,0.01695967615459027,0.1691378255025404,0.40574786952842473,0.3275862068965517,0.0,0.15066456381663565,1.0,0.15066456381663565
bus_trip_count,Bus trips,Bus,All temporal buckets,Queens,First six months post-CP,2025-01-05,2025-06-30,177,66,1.0,13.825624418546854,44.40476080234572,14.375403748183954,11.459666848820902,0.4908406094846773,0.2878787878787879,,0.10650116749004322,0.013797687062356043,0.11383100416600163,0.4950762973135872,0.2878787878787879,0.0,0.15056517948171486,1.0,0.15056517948171486
fhvhv_trip_count,FHVHV trips,FHVHV,weekend_overnight,Bronx,CP launch transition,2024-11-01,2025-04-30,52,42,1.0,11.957093436153965,37.959351262574415,27.589097639942842,18.918571087128385,0.38278388278388276,0.19047619047619047,5.302147206608755,0.0878025537888487,0.04250829697489891,0.20491134568254643,0.37753229062169585,0.19047619047619047,0.05622672768538973,0.15046998954741617,1.0,0.15046998954741617
subway_ridership,Subway ridership,Subway,weekday_pm_peak,Queens,Second half of 2025,2025-07-01,2025-12-31,132,27,1.0,12.742461636641512,69.011048105263,42.01813593441986,7.66524813584215,0.43742985409652074,0.3333333333333333,,0.09566182758869363,0.07385959762401129,0.0674975292756881,0.436976127333903,0.3333333333333333,0.0,0.14997652321229796,1.0,0.14997652321229796
taxi_avg_trip_duration,Taxi average trip duration,Taxi,weekday_overnight,Manhattan,CP launch transition,2024-11-01,2025-04-30,129,66,0.920836269673479,13.062945340344111,47.52583595222986,37.39831627527657,11.92413979375661,0.4276785714285714,0.3484848484848485,4.30671441241078,0.09886894645882802,0.06382168989083128,0.11950266224047758,0.4263686911272727,0.3484848484848485,0.04259842251881625,0.16269337498202632,0.920836269673479,0.14981396051903764
fhvhv_trip_count,FHVHV trips,FHVHV,weekday_am_peak,Brooklyn,Second half of 2025,2025-07-01,2025-12-31,132,61,0.9985096870342772,13.048644165489982,50.18534968743028,27.158542583894324,8.182011949862833,0.44788557213930347,0.3770491803278688,,0.09872583288640646,0.04157279034357066,0.07380770878203823,0.44834984768536673,0.3770491803278688,0.0,0.1498573011051735,0.9985096870342772,0.14963396682632824
fhvhv_trip_count,FHVHV trips,FHVHV,weekday_am_peak,Bronx,Second half of 2025,2025-07-01,2025-12-31,132,43,0.9774489076814659,14.188843398157628,46.66666666666668,19.312508040807515,7.53333200470335,0.47710886806056235,0.3953488372093023,,0.11013594339297543,0.024524988345720936,0.06588670737855787,0.48013892177826467,0.3953488372093023,0.0,0.15289149922840684,0.9774489076814659,0.14944362891458793
fhvhv_trip_count,FHVHV trips,FHVHV,weekday_overnight,Queens,First six months post-CP,2025-01-05,2025-06-30,126,69,0.9719346675868415,12.310005010856854,56.61914868057502,40.19610719313518,13.157894736842106,0.421301775147929,0.2753623188405797,,0.09133418225432845,0.0699007079396444,0.13456798792019842,0.4194320180707202,0.2753623188405797,0.0,0.1531066456144825,0.9719346675868415,0.1488096567106484
fhvhv_trip_count,FHVHV trips,FHVHV,weekday_pm_peak,Manhattan,Second half of 2025,2025-07-01,2025-12-31,132,67,0.9851876978742651,13.261939260045622,42.2561352856259,31.87123472434296,12.065432331582073,0.445082061287731,0.26865671641791045,,0.10086030248580702,0.051812490671933345,0.12122797901459435,0.44530019119141706,0.26865671641791045,0.0,0.1510314792885672,0.9851876978742651,0.14879435538684826
subway_ridership,Subway ridership,Subway,weekday_midday,Brooklyn,Second half of 2025,2025-07-01,2025-12-31,132,48,1.0,13.619869280544979,84.75074166124737,25.620161788044122,6.325991299573244,0.4547032828282828,0.3958333333333333,,0.10444215114041544,0.03823020867879114,0.051143924761063296,0.4557661470247662,0.3958333333333333,0.0,0.1486230227370418,1.0,0.1486230227370418
taxi_avg_trip_duration,Taxi average trip duration,Taxi,All temporal buckets,Staten Island,Second half of 2025,2025-07-01,2025-12-31,184,19,0.3609839816933638,39.23467673913411,86.34921894956084,70.570304357275,33.75031073647262,0.8193343898573693,1.0,,0.3607726022872646,0.13589752407068642,0.386021046167625,0.8524115257375341,1.0,0.0,0.4111948395692796,0.3609839816933638,0.1484347504394825
fhvhv_trip_count,FHVHV trips,FHVHV,weekday_pm_peak,Queens,First six months post-CP,2025-01-05,2025-06-30,126,69,0.9903381642512077,13.093309534599724,54.840388619014554,31.356033856359648,14.67739680891427,0.4423925667828107,0.2028985507246377,,0.09917280459341814,0.05069306628777248,0.15312255883808892,0.44237456157319327,0.2028985507246377,0.0,0.1497783785666873,0.9903381642512077,0.14833124447425552
fhvhv_trip_count,FHVHV trips,FHVHV,All temporal buckets,Citywide,First six months post-CP,2025-01-05,2025-06-30,177,262,1.0,12.744348485264581,48.66930786076072,38.59495273799266,10.243795433341191,0.4312761461163583,0.2824427480916031,,0.09568070950922256,0.06642173216285592,0.09898405343115409,0.43028212952289174,0.2824427480916031,0.0,0.14832497986638338,1.0,0.14832497986638338
bus_trip_count,Bus trips,Bus,weekend_evening,Citywide,First six months post-CP,2025-01-05,2025-06-30,51,248,0.9986559139784946,12.871577097671699,30.94147177178373,19.301446940483686,13.850720017588216,0.4166732641912754,0.3185483870967742,,0.096953901496702,0.024500954874141955,0.1430280460152693,0.4143971281617482,0.3185483870967742,0.0,0.1481360361548694,0.9986559139784946,0.14793692857939242
bus_trip_count,Bus trips,Bus,weekend_midday,Brooklyn,Second half of 2025,2025-07-01,2025-12-31,52,58,1.0,11.328718554786425,30.52141054823592,15.119891680806688,17.435949572997153,0.38826259946949604,0.3275862068965517,,0.0815143309673151,0.015415304572888642,0.18680712158575188,0.383492033530991,0.3275862068965517,0.0,0.1478005423731394,1.0,0.1478005423731394
fhvhv_trip_count,FHVHV trips,FHVHV,weekday_pm_peak,Citywide,First six months post-CP,2025-01-05,2025-06-30,126,262,0.9849448685326548,12.845990063875085,47.4295335983264,34.11986153160125,13.903192584963953,0.43484545594341073,0.22519083969465647,,0.09669784897992244,0.05669828927079025,0.14366878615673498,0.43416482142932167,0.22519083969465647,0.0,0.14989170652889292,0.9849448685326548,0.1476350671812357
bus_trip_count,Bus trips,Bus,weekend_midday,Brooklyn,First six months post-CP,2025-01-05,2025-06-30,51,58,1.0,11.159348756984194,29.675932735679268,13.717271562019743,17.724954264044875,0.37998647734956054,0.3275862068965517,,0.07981942708207278,0.01236770263690826,0.19033614476657273,0.37448927559494616,0.3275862068965517,0.0,0.14605505205785327,1.0,0.14605505205785327
bus_trip_count,Bus trips,Bus,weekend_midday,Bronx,Second half of 2025,2025-07-01,2025-12-31,52,42,1.0,12.625777359752718,33.81451393712439,16.029290717644493,14.272438520326784,0.429029304029304,0.2857142857142857,,0.09449415403170894,0.01739123963051672,0.14817763153427985,0.4278380167926623,0.2857142857142857,0.0,0.14562929811115485,1.0,0.14562929811115485
taxi_avg_trip_speed,Taxi average speed,Taxi,All temporal buckets,Staten Island,Early 2026,2026-01-01,2026-03-31,90,19,0.39239766081871347,27.645319025153004,95.35942550199104,68.97256741695122,32.496601199364775,0.7391952309985097,1.0,,0.24479650931332117,0.13242597384315274,0.3707120558449067,0.765236223349635,1.0,0.0,0.370993639994879,0.39239766081871347,0.14557703651261042
bus_trip_count,Bus trips,Bus,All temporal buckets,Citywide,First six months post-CP,2025-01-05,2025-06-30,177,252,1.0,13.90499998791164,44.41483039400249,20.39743204948116,10.566384458882982,0.48466505246166264,0.23412698412698413,,0.10729548833505474,0.026882302678332214,0.10292317339799023,0.48835853213410535,0.23412698412698413,0.0,0.14543078624900627,1.0,0.14543078624900627
bus_trip_count,Bus trips,Bus,weekend_evening,Manhattan,Second half of 2025,2025-07-01,2025-12-31,52,63,1.0,12.569067186701957,42.31063504208109,29.16171496921892,11.9121817990826,0.42002442002442003,0.2857142857142857,,0.09392664852669126,0.045925267509588696,0.11935664370960972,0.4180425123567316,0.2857142857142857,0.0,0.14541578074959569,1.0,0.14541578074959569
subway_ridership,Subway ridership,Subway,weekday_am_peak,Bronx,First six months post-CP,2025-01-05,2025-06-30,126,27,1.0,13.676921657187151,37.217938403846034,19.608403067303165,5.826963621799716,0.4541446208112875,0.4074074074074074,,0.1050130811178252,0.02516790672648322,0.04505032041038796,0.4551584350028572,0.4074074074074074,0.0,0.14531916297843278,1.0,0.14531916297843278
fhvhv_trip_count,FHVHV trips,FHVHV,All temporal buckets,Queens,CP launch transition,2024-11-01,2025-04-30,181,69,1.0,12.41234664890435,50.938851321937484,36.97141319155215,10.32272456960934,0.4192489390663784,0.2463768115942029,4.0116272927986145,0.09235832730379771,0.06289411823617705,0.09994785353599901,0.4171989448926358,0.2463768115942029,0.038558433741834146,0.1452581319945027,1.0,0.1452581319945027
fhvhv_trip_count,FHVHV trips,FHVHV,All temporal buckets,Queens,First six months post-CP,2025-01-05,2025-06-30,177,69,1.0,12.768276660585595,51.69487478841885,36.36644034429669,10.176089119323656,0.4336362892000328,0.2608695652173913,,0.09592016163023001,0.06157963800320717,0.09815729470004282,0.43284949097174835,0.2608695652173913,0.0,0.14522478093435776,1.0,0.14522478093435776
subway_ridership,Subway ridership,Subway,weekday_evening,Bronx,CP launch transition,2024-11-01,2025-04-30,129,27,1.0,11.825429272281278,46.58951791930896,28.909211067859964,8.897864040774973,0.3967843812805053,0.25925925925925924,12.251143440054406,0.08648497470573747,0.04537662902343203,0.08254894621216309,0.3927620198502485,0.25925925925925924,0.15136428174504848,0.1451275985174062,1.0,0.1451275985174062
fhvhv_trip_count,FHVHV trips,FHVHV,weekday_pm_peak,Manhattan,CP launch transition,2024-11-01,2025-04-30,129,67,0.9851903274326044,12.776962554355348,40.92267074807127,30.48429129184962,12.578426358131495,0.4328831473869642,0.208955223880597,3.7579112068807348,0.09600708241119679,0.04879895091633825,0.12749212581703018,0.43203022400875396,0.208955223880597,0.035084848920527004,0.14610812025615544,0.9851903274326044,0.14394430683572412
fhvhv_trip_count,FHVHV trips,FHVHV,All temporal buckets,Manhattan,First six months post-CP,2025-01-05,2025-06-30,177,67,1.0,12.338707458662338,41.1870582910921,34.184733610489644,10.21128210808325,0.4123450543890716,0.29850746268656714,,0.09162141109283888,0.05683924281235382,0.09858703469036867,0.40968890556897164,0.29850746268656714,0.0,0.14355558196373241,1.0,0.14355558196373241
bus_trip_count,Bus trips,Bus,All temporal buckets,Bronx,CP launch transition,2024-11-01,2025-04-30,181,42,1.0,12.585425885679877,37.92395387063535,11.728729399147053,10.584954570448534,0.4664561957379637,0.30952380952380953,1.7686592178871843,0.09409035198985274,0.008047013902890487,0.10314993218847104,0.46855095474460423,0.30952380952380953,0.007850330108978166,0.1434798674863568,1.0,0.1434798674863568
bus_trip_count,Bus trips,Bus,weekday_midday,Brooklyn,Early 2026,2026-01-01,2026-03-31,64,59,1.0,14.450455329444246,28.93989755992215,9.031808815558195,5.264245930727956,0.4541843220338983,0.4406779661016949,,0.11275392537392571,0.0021871661211268403,0.038179000194612234,0.45520162195584685,0.4406779661016949,0.0,0.1430814165475358,1.0,0.1430814165475358
taxi_avg_trip_duration,Taxi average trip duration,Taxi,weekend_evening,Manhattan,Second half of 2025,2025-07-01,2025-12-31,52,66,0.9784382284382285,11.309819541767617,46.124766174045206,31.692904627971632,19.60822291518692,0.3680762358546754,0.19696969696969696,,0.08132520627679485,0.05142501644447477,0.2133326528907127,0.3615333259866139,0.19696969696969696,0.0,0.14571479453958203,0.9784382284382285,0.1425729254265491
fhvhv_trip_count,FHVHV trips,FHVHV,weekend_midday,Manhattan,Second half of 2025,2025-07-01,2025-12-31,52,67,0.985361653272101,12.1741134265891,39.84251438177695,27.695642357118494,10.768126346015794,0.41538013399359164,0.3283582089552239,,0.08997429886817662,0.04273979649639004,0.10538663443612499,0.41299046233676057,0.3283582089552239,0.0,0.1445415260309943,0.985361653272101,0.14242567705637296
bus_trip_count,Bus trips,Bus,weekend_overnight,Brooklyn,Early 2026,2026-01-01,2026-03-31,26,58,1.0,10.574358119373121,44.86581096849475,14.747934069968263,14.240880632086926,0.3706896551724138,0.39655172413793105,,0.073965355592449,0.014607118008536353,0.1477922795916091,0.364376201087056,0.39655172413793105,0.0,0.1423149091157972,1.0,0.1423149091157972
bus_trip_count,Bus trips,Bus,weekend_overnight,Citywide,First six months post-CP,2025-01-05,2025-06-30,51,244,0.9929283188685311,12.675992677800624,34.226102397158925,23.09480298251671,13.564800457631101,0.39802525089025576,0.29098360655737704,,0.09499666474355059,0.03274312897582312,0.1395366952303364,0.3941118366563428,0.29098360655737704,0.0,0.1433075903929223,0.9929283188685311,0.1422941648099444
fhvhv_trip_count,FHVHV trips,FHVHV,weekday_midday,Citywide,Second half of 2025,2025-07-01,2025-12-31,132,262,0.9857448531112654,12.53173311111206,44.074525321364774,32.28900651431922,10.16977880731094,0.4245108679710187,0.2900763358778626,,0.09355304195343943,0.05272022192352181,0.0980802397661234,0.4229228662556429,0.2900763358778626,0.0,0.1439527753509257,0.9857448531112654,0.14190070739325725
bus_trip_count,Bus trips,Bus,weekend_midday,Queens,First six months post-CP,2025-01-05,2025-06-30,51,66,0.9949494949494949,11.745891998596852,31.339225016995243,16.864446992507247,15.172086076980515,0.37593311436249627,0.3333333333333333,,0.08568903566620029,0.01920586060024809,0.15916318706450347,0.37008003111176446,0.3333333333333333,0.0,0.14261724769630077,0.9949494949494949,0.14189695856652146
taxi_avg_trip_duration,Taxi average trip duration,Taxi,All temporal buckets,Staten Island,First six months post-CP,2025-01-05,2025-06-30,177,19,0.344038061254832,38.36405497879969,85.02377481489381,72.31131074493753,34.34090943075333,0.8176318063958513,1.0,,0.3520601858864943,0.1396803690238754,0.3932328200496447,0.8505594570333956,1.0,0.0,0.411562611998206,0.344038061254832,0.14159320311683746
bus_trip_count,Bus trips,Bus,weekday_midday,Citywide,Early 2026,2026-01-01,2026-03-31,64,250,1.0,13.737484117401797,43.073737737251186,27.646802999778526,6.176921140130222,0.4465,0.328,,0.10561913692263579,0.04263367872580647,0.049323635801960496,0.4468426236023594,0.328,0.0,0.14147336776672478,1.0,0.14147336776672478
bus_trip_count,Bus trips,Bus,weekend_midday,Queens,CP launch transition,2024-11-01,2025-04-30,52,66,0.9924242424242424,10.664119840065839,31.036011947462466,16.25565656084216,14.656505828649037,0.3534938344098649,0.30303030303030304,8.671901426813566,0.07486361189978526,0.017883085549970434,0.15286746002512916,0.345670603272841,0.30303030303030304,0.10236147341305207,0.14240675390773716,0.9924242424242424,0.14132791486298157
bus_trip_count,Bus trips,Bus,weekend_midday,Staten Island,Early 2026,2026-01-01,2026-03-31,26,19,1.0,12.18333791020183,36.71205654649006,16.249262720426458,18.739451783739742,0.354251012145749,0.2631578947368421,,0.0900666093823146,0.01786919306392361,0.20272412798895326,0.3464942605089162,0.2631578947368421,0.0,0.14131537429025612,1.0,0.14131537429025612
subway_ridership,Subway ridership,Subway,weekday_midday,Manhattan,Early 2026,2026-01-01,2026-03-31,62,49,1.0,12.559360172301055,214.43700276622232,38.144094493827595,6.27823599072748,0.423633969716919,0.32653061224489793,,0.0938295092690687,0.06544211092445638,0.0505607868496578,0.42196897715132636,0.32653061224489793,0.0,0.14118699475204816,1.0,0.14118699475204816
fhvhv_trip_count,FHVHV trips,FHVHV,weekday_midday,Bronx,First six months post-CP,2025-01-05,2025-06-30,126,43,0.9782207456626061,13.60841121638408,38.01652892561983,19.576320081583958,9.795798690783732,0.4530188679245283,0.3023255813953488,,0.10432748891777797,0.025098197068051654,0.0935135855169968,0.45393384206084586,0.3023255813953488,0.0,0.14416539860262964,0.9782207456626061,0.1410255837198112
subway_ridership,Subway ridership,Subway,weekday_overnight,Citywide,First six months post-CP,2025-01-05,2025-06-30,126,153,0.98308953210914,12.650673905163009,90.28311988878177,42.02118162582883,6.812790202558848,0.4188476150274377,0.3202614379084967,,0.09474329674837137,0.07386621527829276,0.05708820409717513,0.41676238497675494,0.3202614379084967,0.0,0.1433733555260454,0.98308953210914,0.14094884500101737
fhvhv_trip_count,FHVHV trips,FHVHV,weekday_am_peak,Manhattan,Early 2026,2026-01-01,2026-03-31,64,67,0.9850746268656716,12.388466948783257,59.46718678811622,31.81664435615719,10.473826942344076,0.4211647727272727,0.2835820895522388,,0.09211936027993126,0.05169387715032443,0.10179295775947979,0.4192829869650953,0.2835820895522388,0.0,0.14295658989545149,0.9850746268656716,0.14082290944925072
subway_ridership,Subway ridership,Subway,weekday_midday,Manhattan,CP launch transition,2024-11-01,2025-04-30,129,52,0.9588550983899821,12.9876567418837,119.46613517953573,33.59792019304801,6.108041188147919,0.42786069651741293,0.3076923076923077,7.0997627488287565,0.09811552442195459,0.05556421924531625,0.04848254583086643,0.42656680662933516,0.3076923076923077,0.08083758371137405,0.1460486789966617,0.9588550983899821,0.14003952046907098
fhvhv_trip_count,FHVHV trips,FHVHV,weekend_midday,Queens,First six months post-CP,2025-01-05,2025-06-30,51,69,0.9957374254049446,11.286927704548503,44.75806451612903,30.59673668985004,14.499835349855001,0.3855593607305936,0.2463768115942029,,0.08109612491549857,0.04904327139060504,0.15095436391097936,0.38055145294783893,0.2463768115942029,0.0,0.14039131471454297,0.9957374254049446,0.13979288626307432
subway_ridership,Subway ridership,Subway,weekday_pm_peak,Brooklyn,First six months post-CP,2025-01-05,2025-06-30,126,48,1.0,13.085790083060592,60.9317451949066,30.475357201720357,6.657073057271701,0.4323743386243386,0.3125,,0.0990975565397867,0.04877953899574088,0.05518674909526013,0.4314767423105293,0.3125,0.0,0.13902325722252398,1.0,0.13902325722252398
fhvhv_trip_count,FHVHV trips,FHVHV,weekday_am_peak,Manhattan,Second half of 2025,2025-07-01,2025-12-31,132,67,0.9853007688828584,12.300877237584224,55.793945843617166,28.331288085435293,10.054727898460307,0.41771861372504016,0.29850746268656714,,0.09124283953216582,0.044120922523508,0.09667535833379624,0.41553425841123687,0.29850746268656714,0.0,0.14079475523441165,0.9853007688828584,0.13872518058713965
fhvhv_trip_count,FHVHV trips,FHVHV,weekday_midday,Bronx,Second half of 2025,2025-07-01,2025-12-31,132,43,0.97815362931642,12.7496127600787,42.47702652453662,20.199355278389206,10.598951814136779,0.43389769452449567,0.3023255813953488,,0.095733389738822,0.026451923031721513,0.10332085189660566,0.4331338474403007,0.3023255813953488,0.0,0.1416264643405959,0.97815362931642,0.1385324401020064
taxi_avg_trip_duration,Taxi average trip duration,Taxi,weekday_midday,Manhattan,Early 2026,2026-01-01,2026-03-31,64,67,0.9717817164179104,11.939982115140085,49.81373024539457,34.814588371643474,9.856168336327453,0.42428605711543077,0.26865671641791045,,0.08763131874668421,0.0582077862716755,0.09425075652197039,0.4226783172162591,0.26865671641791045,0.0,0.1411957808458797,0.9717817164179104,0.13721147826137609
fhvhv_trip_count,FHVHV trips,FHVHV,weekend_midday,Citywide,First six months post-CP,2025-01-05,2025-06-30,51,262,0.9867534800179614,11.223318463840979,44.719007985816624,36.11370778664938,14.884356283807946,0.3818733409177095,0.1984732824427481,,0.08045957961278537,0.061030502694469864,0.15564973160384066,0.37654180402749177,0.1984732824427481,0.0,0.13880808676534126,0.9867534800179614,0.1369693626703356
subway_ridership,Subway ridership,Subway,weekday_midday,Queens,Early 2026,2026-01-01,2026-03-31,62,27,1.0,12.01431613406303,51.470715776479665,29.036319707622006,5.60307059095574,0.3948626045400239,0.4074074074074074,,0.08837518819160904,0.045652809673794904,0.04231637276058265,0.3906715129013479,0.4074074074074074,0.0,0.13689298228483,1.0,0.13689298228483
fhvhv_trip_count,FHVHV trips,FHVHV,weekday_am_peak,Manhattan,CP launch transition,2024-11-01,2025-04-30,129,66,1.0,12.158647594278294,50.584346691129944,26.22604678385162,9.552405247742982,0.4090909090909091,0.22727272727272727,6.267477934884662,0.08981953042886669,0.0395466708209436,0.0905415192178765,0.40614904934361384,0.22727272727272727,0.06944291046366999,0.13655279880976634,1.0,0.13655279880976634
bus_trip_count,Bus trips,Bus,weekend_evening,Queens,CP launch transition,2024-11-01,2025-04-30,52,66,0.9924242424242424,11.81923338984931,28.46129020690644,14.220350376137738,14.411489019817889,0.36817381092190254,0.16666666666666666,12.718859824860212,0.08642297176694487,0.01346078831799965,0.14987557087993497,0.36163946805389,0.16666666666666666,0.15776770913933658,0.1373142633975597,0.9924242424242424,0.13627400382636606
bus_trip_count,Bus trips,Bus,weekend_midday,Manhattan,Second half of 2025,2025-07-01,2025-12-31,52,63,1.0,12.183409422417544,45.41151722324479,26.406715459732276,10.297869885483072,0.3998778998778999,0.2857142857142857,,0.09006732501363629,0.03993922629552291,0.09964435411488029,0.39612714650007297,0.2857142857142857,0.0,0.13591764294602357,1.0,0.13591764294602357
fhvhv_trip_count,FHVHV trips,FHVHV,weekend_midday,Brooklyn,Second half of 2025,2025-07-01,2025-12-31,52,61,1.0,10.892617890663693,49.87476940521848,38.19163008993955,11.302943733697678,0.3855611601513241,0.2459016393442623,,0.07715021930413972,0.06554539589292245,0.11191726531202231,0.38055341035603407,0.2459016393442623,0.0,0.13587302138429436,1.0,0.13587302138429436
fhvhv_trip_count,FHVHV trips,FHVHV,weekday_pm_peak,Bronx,CP launch transition,2024-11-01,2025-04-30,129,43,0.9776455741842437,12.640824899751768,47.9527887450192,22.89011570632225,15.076412126055036,0.44200626959247646,0.11627906976744186,2.535364552283444,0.09464473656967425,0.03229838607584227,0.15799491678697714,0.44195434784923476,0.11627906976744186,0.018347165586867675,0.13835830290310702,0.9776455741842437,0.13526538248486558
bus_trip_count,Bus trips,Bus,weekend_overnight,Brooklyn,CP launch transition,2024-11-01,2025-04-30,52,58,1.0,12.085432804391967,25.636713118692928,13.986262620461368,11.46321142298963,0.34416445623342173,0.22413793103448276,14.53560668730963,0.08908686124318084,0.012952164287991015,0.1138742868004884,0.3355221143792295,0.22413793103448276,0.1826404888952257,0.13483642983058688,1.0,0.13483642983058688
fhvhv_trip_count,FHVHV trips,FHVHV,weekend_midday,Brooklyn,CP launch transition,2024-11-01,2025-04-30,52,61,1.0,10.306680948927731,50.17057175901001,33.818465918264735,13.230320313018105,0.3609709962168979,0.21311475409836064,4.882251579551982,0.07128667803561374,0.056043419258306214,0.13545237334758653,0.35380425292443435,0.21311475409836064,0.05047800634830534,0.13478857907454836,1.0,0.13478857907454836
subway_ridership,Subway ridership,Subway,weekday_midday,Citywide,First six months post-CP,2025-01-05,2025-06-30,126,153,0.9844900923332296,12.486465923389805,75.61922777445076,30.679193270504555,5.646849048546936,0.4093471731914221,0.35947712418300654,,0.0931000477753745,0.04922243239897155,0.042850949521602774,0.40642781319354054,0.35947712418300654,0.0,0.13640769195647007,0.9844900923332296,0.13429202124918796
fhvhv_trip_count,FHVHV trips,FHVHV,weekday_overnight,Bronx,Second half of 2025,2025-07-01,2025-12-31,132,43,0.9770965468639887,12.228585640168294,56.1583544035334,29.944252020110007,14.189956213849396,0.4125495852866931,0.16279069767441862,,0.09051940884428304,0.04762555784431924,0.1471704438290872,0.40991139408896254,0.16279069767441862,0.0,0.1372101388765401,0.9770965468639887,0.13406755289099567
subway_ridership,Subway ridership,Subway,weekday_pm_peak,Queens,Early 2026,2026-01-01,2026-03-31,62,27,1.0,11.588050865978994,52.155259159779014,30.841119258826986,7.132463613710065,0.3984468339307049,0.3333333333333333,,0.08410950051650708,0.04957426390978986,0.06099172162886267,0.3945704342952011,0.3333333333333333,0.0,0.13393270888413492,1.0,0.13393270888413492
subway_ridership,Subway ridership,Subway,weekday_evening,Queens,CP launch transition,2024-11-01,2025-04-30,129,27,0.918748205569911,12.615092317435575,68.22194930506221,39.173156367317155,9.674501197795387,0.4209375,0.2222222222222222,5.533196367693721,0.09438722753139836,0.0676780484501513,0.09203242732894287,0.4190357599039851,0.2222222222222222,0.05938998340099404,0.14522002763252545,0.918748205569911,0.13342063980019564
fhvhv_trip_count,FHVHV trips,FHVHV,weekend_midday,Bronx,First six months post-CP,2025-01-05,2025-06-30,51,43,0.9785681714546284,11.795111211750246,37.25087356095693,23.05132796559505,16.638104013985654,0.39748369058713884,0.16279069767441862,,0.08618157823686372,0.03264866680180852,0.17706466563370774,0.3935227278628671,0.16279069767441862,0.0,0.13611889442143835,0.9785681714546284,0.13320161761441254
taxi_avg_trip_duration,Taxi average trip duration,Taxi,weekday_pm_peak,Manhattan,CP launch transition,2024-11-01,2025-04-30,129,66,0.9581865163260512,12.120433110034742,37.285067745273324,26.025788485256303,9.636360509939644,0.388698210345673,0.18181818181818182,13.668434371821373,0.08943711350059853,0.039111551168572546,0.09156669311858315,0.3839658906364925,0.18181818181818182,0.17076817665439786,0.1388321685587113,0.9581865163260512,0.13302711194526273
bus_trip_count,Bus trips,Bus,weekend_midday,Staten Island,Second half of 2025,2025-07-01,2025-12-31,52,19,1.0,10.860066076947678,39.090031337201644,15.913773131625542,18.688504042282062,0.3532388663967611,0.21052631578947367,,0.07682446939916918,0.0171402439303441,0.20210200742764745,0.3453932493055912,0.21052631578947367,0.0,0.1329319753227354,1.0,0.1329319753227354
subway_ridership,Subway ridership,Subway,weekday_overnight,Bronx,Early 2026,2026-01-01,2026-03-31,63,27,1.0,12.551278188518328,50.76827272595617,27.252396659580157,6.1665640593610265,0.40152851263962375,0.3333333333333333,,0.09374863188779081,0.04177671573928449,0.04919716595820945,0.397922681525366,0.3333333333333333,0.0,0.1320550740661594,1.0,0.1320550740661594
fhvhv_trip_count,FHVHV trips,FHVHV,weekday_midday,Queens,First six months post-CP,2025-01-05,2025-06-30,126,69,0.9911433172302737,12.291307664058305,41.19907763259031,28.278890169792145,9.748731931861494,0.41348497156783104,0.2318840579710145,,0.09114707566186746,0.04400707274549861,0.09293885545749317,0.41092890641463226,0.2318840579710145,0.0,0.13264669616954305,0.9911433172302737,0.13147188646111715
taxi_avg_trip_speed,Taxi average speed,Taxi,All temporal buckets,Staten Island,Second half of 2025,2025-07-01,2025-12-31,184,19,0.3609839816933638,26.471772219241668,99.62986014098942,70.3782333284272,31.89959353814344,0.713946117274168,1.0,,0.23305268564072404,0.13548019365347513,0.3634220223581151,0.7377702609501231,1.0,0.0,0.36383052915565506,0.3609839816933638,0.13133699307621186
subway_ridership,Subway ridership,Subway,weekday_overnight,Queens,Early 2026,2026-01-01,2026-03-31,63,27,1.0,13.197711569577777,54.06903388608506,30.894529243773523,5.5972220327681,0.42739564961787185,0.25925925925925924,,0.10021756828214927,0.0496903127040026,0.04224495628168835,0.42606092904502646,0.25925925925925924,0.0,0.13075014837144808,1.0,0.13075014837144808
fhvhv_trip_count,FHVHV trips,FHVHV,weekday_pm_peak,Bronx,First six months post-CP,2025-01-05,2025-06-30,126,43,0.9782207456626061,12.2148387610339,45.496533881869325,23.34627976639889,13.870626835592365,0.4171698113207547,0.16279069767441862,,0.09038184217562557,0.03328953574922394,0.14327112726747437,0.4149372716668533,0.16279069767441862,0.0,0.13357263834339583,0.9782207456626061,0.13066352588039828
fhvhv_trip_count,FHVHV trips,FHVHV,weekend_midday,Brooklyn,First six months post-CP,2025-01-05,2025-06-30,51,61,1.0,10.559271739677113,51.218670735381295,34.03902786756867,13.585875641098836,0.36644165863066536,0.19672131147540983,,0.07381438438097679,0.05652265452286496,0.1397940433402514,0.35975523440431506,0.19672131147540983,0.0,0.1304877654831501,1.0,0.1304877654831501
bus_trip_count,Bus trips,Bus,weekday_pm_peak,Manhattan,Early 2026,2026-01-01,2026-03-31,64,64,1.0,12.96973201228373,45.609065155807365,25.325583653603605,7.325526156125273,0.414794921875,0.265625,,0.09793614950248763,0.037590151630704,0.06334919958211489,0.41235386913905636,0.265625,0.0,0.13007018809545495,1.0,0.13007018809545495
subway_ridership,Subway ridership,Subway,weekday_pm_peak,Brooklyn,CP launch transition,2024-11-01,2025-04-30,129,48,1.0,12.306040147464778,49.866029959520056,29.443890267237855,7.174859581770565,0.4006782945736434,0.25,3.5498113386107706,0.09129450539071471,0.04653837577248177,0.0615094168728964,0.3969978151048433,0.25,0.03223578816380176,0.12996862947794932,1.0,0.12996862947794932
fhvhv_trip_count,FHVHV trips,FHVHV,weekday_midday,Manhattan,Early 2026,2026-01-01,2026-03-31,64,67,0.9855410447761194,12.387592774547157,41.54921617168205,33.126793246369914,9.219156450460957,0.4129200189304307,0.208955223880597,,0.09211061231347932,0.05454055832989287,0.08647223326156397,0.410314351461704,0.208955223880597,0.0,0.13179438380479716,0.9855410447761194,0.12988877471060467
taxi_avg_trip_duration,Taxi average trip duration,Taxi,weekday_am_peak,Staten Island,Early 2026,2026-01-01,2026-03-31,63,16,0.29365079365079366,40.59288516123364,101.46357433351756,82.30608972204978,41.08127142288539,0.8445945945945946,1.0,,0.3743643569061923,0.16139694598748455,0.4755390747720986,0.8798895529305336,1.0,0.0,0.4423133557721094,0.29365079365079366,0.12988566796482579
subway_ridership,Subway ridership,Subway,weekday_midday,Citywide,CP launch transition,2024-11-01,2025-04-30,129,156,0.9733154442456768,12.191332546954126,58.2967802881298,30.08480667083829,5.908002170457535,0.39470056670240466,0.3141025641025641,4.290270297781317,0.09014661267138027,0.04793095388130253,0.046039878454296315,0.3904952482924615,0.3141025641025641,0.04237328887476649,0.13344190923706326,0.9733154442456768,0.1298810711700635
taxi_avg_trip_duration,Taxi average trip duration,Taxi,weekend_evening,Manhattan,Early 2026,2026-01-01,2026-03-31,26,66,0.9726107226107226,10.55744553705745,38.85942624904479,31.66960654910222,16.417104044458167,0.35769922109047336,0.18181818181818182,,0.07379610935227941,0.05137439456238709,0.1743660450244858,0.35024521898830846,0.18181818181818182,0.0,0.13319463054601427,0.9726107226107226,0.12954652586322715
bus_trip_count,Bus trips,Bus,weekend_overnight,Queens,CP launch transition,2024-11-01,2025-04-30,52,66,0.9848484848484849,11.775540275049106,32.177033492822964,17.067970054523627,11.744461174446117,0.3455621301775148,0.22727272727272727,10.424800912463958,0.08598572952544632,0.019648073904841357,0.11730861476551843,0.3370425027942188,0.22727272727272727,0.1263601293303717,0.13149054841384603,0.9848484848484849,0.1294982673772726
fhvhv_trip_count,FHVHV trips,FHVHV,weekend_midday,Manhattan,Early 2026,2026-01-01,2026-03-31,26,67,0.9862227324913893,11.799504636171232,60.28627380661209,30.529781006165795,14.071822849959961,0.3958090803259604,0.13432835820895522,,0.08622554376210655,0.04889779060896798,0.14572792267801937,0.39170108838001183,0.13432835820895522,0.0,0.13080314001816448,0.9862227324913893,0.12900103016716796
fhvhv_trip_count,FHVHV trips,FHVHV,weekday_pm_peak,Manhattan,First six months post-CP,2025-01-05,2025-06-30,126,67,0.9851930822080076,11.816833862335798,35.62357741291679,30.597719534309114,12.075676606111061,0.3971383912468438,0.1791044776119403,,0.08639895940725517,0.049045406907297064,0.12135307138646015,0.39314711156200755,0.1791044776119403,0.0,0.1306942723810625,0.9851930822080076,0.12875909303403182
fhvhv_trip_count,FHVHV trips,FHVHV,weekend_overnight,Bronx,First six months post-CP,2025-01-05,2025-06-30,51,42,1.0,11.164739577029128,37.28550427889928,27.70488508655155,17.74044046040667,0.3543417366946779,0.11904761904761904,,0.07987337366497813,0.042759879026033405,0.1905252460083048,0.34659295058876605,0.11904761904761904,0.0,0.12866339818424177,1.0,0.12866339818424177
taxi_avg_trip_duration,Taxi average trip duration,Taxi,weekday_midday,Manhattan,CP launch transition,2024-11-01,2025-04-30,129,66,0.9664082687338501,11.767419742557566,39.34635949664858,27.450179884928176,8.794416188310855,0.38539134662129315,0.15151515151515152,13.522534350698697,0.0859044663826148,0.04220645757201705,0.08128574917536577,0.38036868735618234,0.15151515151515152,0.16877068368123196,0.1330735441276661,0.9664082687338501,0.12860337339469538
subway_ridership,Subway ridership,Subway,weekday_overnight,Citywide,CP launch transition,2024-11-01,2025-04-30,129,156,0.9732657523355198,11.191850026474981,69.3417746106398,37.564567336525094,7.31324760657351,0.36929439395486574,0.2948717948717949,3.3508110606743395,0.08014467118491787,0.06418291888600497,0.06319926677016663,0.36285843723375577,0.2948717948717949,0.029511308388011644,0.13158159322356217,0.9732657523355198,0.12806385832223657
fhvhv_trip_count,FHVHV trips,FHVHV,weekend_midday,Citywide,CP launch transition,2024-11-01,2025-04-30,52,262,0.9864210217263653,10.294481972682371,42.36143848781184,31.970425992200266,14.480587618048267,0.34764491405610537,0.16412213740458015,4.918880987015774,0.07116460141686273,0.05202801267671944,0.15071933073045232,0.3393081531580385,0.16412213740458015,0.05097949348625877,0.12979017566143253,0.9864210217263653,0.1280277576859947
taxi_avg_trip_duration,Taxi average trip duration,Taxi,weekend_overnight,Manhattan,CP launch transition,2024-11-01,2025-04-30,52,66,0.9414335664335665,12.866921295903571,40.19662226010334,25.434492534279137,8.117824784727365,0.3961621788919839,0.2878787878787879,4.782651219858053,0.09690731032986993,0.03782678798800883,0.07302392221839092,0.3920851886713569,0.2878787878787879,0.049114394355088874,0.1359550400307456,0.9414335664335665,0.12799263821076312
taxi_avg_trip_speed,Taxi average speed,Taxi,weekend_midday,Manhattan,CP launch transition,2024-11-01,2025-04-30,52,66,0.9682400932400932,10.171047446706856,31.057389766747114,26.07467877936996,14.37847657557926,0.3244056575383689,0.16666666666666666,11.911970744144323,0.06992937730746612,0.0392177796141764,0.14947245741990314,0.3140285115564638,0.16666666666666666,0.1467207246601563,0.13212782771516982,0.9682400932400932,0.127931460226547
subway_ridership,Subway ridership,Subway,weekday_midday,Manhattan,First six months post-CP,2025-01-05,2025-06-30,126,49,1.0,12.27046919091346,216.86238101694357,35.30911280275098,5.823221319315746,0.4076773566569485,0.24489795918367346,,0.09093854256119648,0.05928228505680362,0.04500462332440747,0.4046113883221312,0.24489795918367346,0.0,0.12719070860800874,1.0,0.12719070860800874
bus_trip_count,Bus trips,Bus,All temporal buckets,Brooklyn,Early 2026,2026-01-01,2026-03-31,90,60,1.0,13.698111042393949,38.079845501221335,12.51216450623529,8.153987405001597,0.45796296296296296,0.2,,0.1052251258375977,0.009749255527046016,0.07346550233518535,0.4593120240401344,0.2,0.0,0.12707224312233828,1.0,0.12707224312233828
bus_trip_count,Bus trips,Bus,weekday_pm_peak,Bronx,Early 2026,2026-01-01,2026-03-31,64,42,1.0,13.937755687804735,33.73481088481944,11.04427928629182,7.6059165971200535,0.42931547619047616,0.2619047619047619,,0.10762327855345875,0.006559846093816413,0.06677303454605246,0.4281493146031262,0.2619047619047619,0.0,0.12693209752430146,1.0,0.12693209752430146
bus_trip_count,Bus trips,Bus,weekend_overnight,Queens,First six months post-CP,2025-01-05,2025-06-30,51,66,0.9872251931075461,12.13933740353922,33.8704196049331,18.792021187171493,12.389380530973451,0.36533253084562145,0.25757575757575757,,0.08962629103357234,0.023394078613608055,0.12518369579169183,0.35854872623246975,0.25757575757575757,0.0,0.12835040171090106,0.9872251931075461,0.1267107501144754
bus_trip_count,Bus trips,Bus,weekend_evening,Queens,First six months post-CP,2025-01-05,2025-06-30,51,66,0.9949494949494949,12.200137080191919,29.39430182392893,14.289037589820875,13.27674597660138,0.3848910122424604,0.21212121212121213,,0.09023472069173645,0.013610031354367095,0.1360192750209691,0.3798244240847569,0.21212121212121213,0.0,0.12683909180596764,0.9949494949494949,0.12619849033220013
fhvhv_trip_count,FHVHV trips,FHVHV,weekday_overnight,Bronx,CP launch transition,2024-11-01,2025-04-30,129,43,0.9765639084189652,11.391156278717759,50.3735016398443,28.420270380589038,12.71333830232247,0.370869484954772,0.16279069767441862,4.713080672049957,0.08213915276110666,0.04431426255289034,0.12913952945153015,0.36457181975686304,0.16279069767441862,0.048161915532148006,0.12911533636493608,0.9765639084189652,0.12608937751737131
fhvhv_trip_count,FHVHV trips,FHVHV,weekday_midday,Citywide,First six months post-CP,2025-01-05,2025-06-30,126,262,0.9853992487580274,11.640557334276373,38.70893986738816,29.372599435748533,9.77714321186914,0.3887795880725484,0.22900763358778625,,0.08463493904375557,0.04638347561587172,0.09328578430968684,0.38405441325201556,0.22900763358778625,0.0,0.12768893892123737,0.9853992487580274,0.12582458448769696
bus_trip_count,Bus trips,Bus,weekday_am_peak,Citywide,Early 2026,2026-01-01,2026-03-31,64,251,1.0,12.718714228981248,42.96520423600605,24.257154315196633,8.927294172899355,0.4124128486055777,0.19123505976095617,,0.09542418443135331,0.035268676787605785,0.08290831622136621,0.4097626520545628,0.19123505976095617,0.0,0.1250715731117254,1.0,0.1250715731117254
taxi_avg_trip_duration,Taxi average trip duration,Taxi,weekend_evening,Manhattan,First six months post-CP,2025-01-05,2025-06-30,51,66,0.9729649435531789,11.12305808776282,32.98520168217906,25.445867003412843,15.625214942707816,0.3648854961832061,0.15151515151515152,,0.07945626200152416,0.037851502344867345,0.16469632310203114,0.358062442342935,0.15151515151515152,0.0,0.12715427410988328,0.9729649435531789,0.12371665113186801
bus_trip_count,Bus trips,Bus,weekend_overnight,Staten Island,CP launch transition,2024-11-01,2025-04-30,52,19,0.9838056680161943,10.952633354213855,24.96193893744572,13.846868686714291,13.094459568384714,0.32098765432098764,0.15789473684210525,14.166626511829614,0.07775080124770775,0.012649290247713513,0.13379338395389656,0.3103104108391503,0.15789473684210525,0.17758884255489288,0.12556607916782161,0.9838056680161943,0.12353262039587308
bus_trip_count,Bus trips,Bus,All temporal buckets,Bronx,First six months post-CP,2025-01-05,2025-06-30,177,42,1.0,12.405095701565122,38.38701802068458,12.108481638386534,10.681142121926648,0.4651600753295669,0.11904761904761904,,0.09228576620390612,0.008872136574380502,0.10432447401906234,0.46714103617118724,0.11904761904761904,0.0,0.12351599951862881,1.0,0.12351599951862881
bus_trip_count,Bus trips,Bus,weekend_evening,Brooklyn,Second half of 2025,2025-07-01,2025-12-31,52,58,1.0,11.196575247111229,29.090127570260496,16.038894463477703,14.243003956896892,0.34980106100795755,0.20689655172413793,,0.08019195703469113,0.01741210657374813,0.14781820741460605,0.3416536078046426,0.20689655172413793,0.0,0.12189275587640665,1.0,0.12189275587640665
fhvhv_trip_count,FHVHV trips,FHVHV,weekend_midday,Bronx,CP launch transition,2024-11-01,2025-04-30,52,43,0.9789803220035778,10.315614041179133,34.007232797781604,21.657585164291405,15.70376114773168,0.3362265874828689,0.11627906976744186,7.706645291510136,0.07137607256144184,0.02962035343126795,0.16565544725081166,0.3268873081434463,0.11627906976744186,0.0891463118747773,0.12438702670600654,0.9789803220035778,0.12177245145771391
subway_ridership,Subway ridership,Subway,weekday_midday,Brooklyn,First six months post-CP,2025-01-05,2025-06-30,126,48,1.0,11.801225082372962,50.575549955018886,24.433478951332454,5.869308750579053,0.3741732804232804,0.3125,,0.0862427604736425,0.0356517935668755,0.04556739485826414,0.36816568539129313,0.3125,0.0,0.12174983226679417,1.0,0.12174983226679417
fhvhv_trip_count,FHVHV trips,FHVHV,weekend_midday,Bronx,Second half of 2025,2025-07-01,2025-12-31,52,43,0.9789803220035778,10.38242473555736,41.072968372806706,23.139094277453097,14.995913066012474,0.3490178163544998,0.18604651162790697,,0.0720446551951037,0.032839364752272664,0.15701194641409283,0.3408015949999021,0.18604651162790697,0.0,0.12374605192268348,0.9789803220035778,0.12114494975794013
subway_ridership,Subway ridership,Subway,weekday_midday,Queens,CP launch transition,2024-11-01,2025-04-30,129,27,0.9250645994832042,11.534486089640374,67.41551858812767,35.1889898747691,4.833223094557072,0.3659217877094972,0.3333333333333333,5.343690807091903,0.0835734713737288,0.05902128290592201,0.03291579988185665,0.3591897193003279,0.3333333333333333,0.056795494224328925,0.130944515628413,0.9250645994832042,0.12113213590432004
fhvhv_trip_count,FHVHV trips,FHVHV,weekday_overnight,Bronx,First six months post-CP,2025-01-05,2025-06-30,126,43,0.9767441860465116,11.08448382684732,42.410848987579755,28.857939508196086,12.331521025761479,0.3618669690098262,0.18604651162790697,,0.07907024474493882,0.045265226582814316,0.12447717599651606,0.3547788912943281,0.18604651162790697,0.0,0.12384727565093447,0.9767441860465116,0.12096710644974994
taxi_avg_trip_duration,Taxi average trip duration,Taxi,weekend_midday,Manhattan,CP launch transition,2024-11-01,2025-04-30,52,66,0.9682400932400932,11.189238255725497,31.9808694555621,24.979518606583067,8.853736905926997,0.34577189286789045,0.15151515151515152,14.005996522772293,0.08011853488170383,0.036838224224880776,0.08201011176896715,0.3372706824534963,0.15151515151515152,0.1753896840355673,0.12491637130945071,0.9682400932400932,0.12094903900387666
bus_trip_count,Bus trips,Bus,weekday_evening,Citywide,Early 2026,2026-01-01,2026-03-31,64,249,1.0,12.74423516986445,39.963537742337486,25.12416675956777,5.355503417321229,0.40876004016064255,0.23694779116465864,,0.09567957554841944,0.037152514591294046,0.0392933412263913,0.40578913042934683,0.23694779116465864,0.0,0.12084586068365355,1.0,0.12084586068365355
taxi_avg_trip_duration,Taxi average trip duration,Taxi,weekday_pm_peak,Manhattan,Second half of 2025,2025-07-01,2025-12-31,132,66,0.9777318640955005,10.822860264366867,45.150742417392856,30.370084026889153,11.035947382319389,0.3694529232214135,0.19696969696969696,,0.07645214636923647,0.048550802271431055,0.10865698496919222,0.36303088522229743,0.19696969696969696,0.0,0.12331112931585782,0.9777318640955005,0.12056522032971498
fhvhv_trip_count,FHVHV trips,FHVHV,weekend_midday,Queens,CP launch transition,2024-11-01,2025-04-30,52,69,0.9949832775919732,9.626751615312667,44.11071401414341,30.306309979961675,13.973597852512816,0.3288515406162465,0.14492753623188406,4.580951965446534,0.0644825436256522,0.048412234525055386,0.14452850168706458,0.3188647390289508,0.14492753623188406,0.04635296334034592,0.12086302850537281,0.9949832775919732,0.12025669224196793
bus_trip_count,Bus trips,Bus,weekday_am_peak,Citywide,Second half of 2025,2025-07-01,2025-12-31,132,251,1.0,12.73789805931436,43.724791977035714,25.294940667700693,5.552877165191639,0.42611372691053967,0.1952191235059761,,0.0956161593229062,0.03752357079252046,0.04170346311401544,0.4246664547176079,0.1952191235059761,0.0,0.12006669774375323,1.0,0.12006669774375323
fhvhv_trip_count,FHVHV trips,FHVHV,weekday_midday,Brooklyn,Second half of 2025,2025-07-01,2025-12-31,132,61,0.9998758072528564,11.368962128656742,41.94192975949181,24.702071057225034,10.20775416997617,0.3841758787728233,0.18032786885245902,,0.08191705323890026,0.036235388377005,0.09854395519807652,0.37904650256235706,0.18032786885245902,0.0,0.12004081105124606,0.9998758072528564,0.12002590285315226
bus_trip_count,Bus trips,Bus,All temporal buckets,Brooklyn,CP launch transition,2024-11-01,2025-04-30,181,60,1.0,11.288154675060607,37.04693907214178,12.147231543273023,9.617053229811264,0.4334254143646409,0.16666666666666666,2.100832061017657,0.08110840335660807,0.008956332062217404,0.0913309327962,0.43262010152215774,0.16666666666666666,0.012398053371278172,0.11952643747823412,1.0,0.11952643747823412
subway_ridership,Subway ridership,Subway,weekday_midday,Queens,First six months post-CP,2025-01-05,2025-06-30,126,27,0.9121105232216343,11.487683856104901,79.93594182234928,39.1970161493249,4.65598575575347,0.368030937802127,0.37037037037037035,,0.08310511580805753,0.06772989079638954,0.030751562772495585,0.36148405080722945,0.37037037037037035,0.0,0.13096345307332946,0.9121105232216343,0.11945314370562649
taxi_avg_trip_speed,Taxi average speed,Taxi,All temporal buckets,Staten Island,First six months post-CP,2025-01-05,2025-06-30,177,19,0.344038061254832,24.770664856316362,99.89753526115534,68.59348081229307,29.649207000644182,0.6715643906655142,1.0,,0.21602950018470157,0.13160229745723323,0.3359426543663662,0.6916674582074885,1.0,0.0,0.34704512400564513,0.344038061254832,0.11939673163084491
subway_ridership,Subway ridership,Subway,weekday_overnight,Bronx,Second half of 2025,2025-07-01,2025-12-31,132,27,0.9988776655443322,11.73439261366686,37.61666557049301,24.06131428679729,5.418755529342377,0.37865168539325844,0.2962962962962963,,0.0855739599416694,0.034843157117883335,0.040065709898848764,0.37303729014772546,0.2962962962962963,0.0,0.11942394639936292,0.9988776655443322,0.1192899127894871
bus_trip_count,Bus trips,Bus,weekday_overnight,Citywide,Second half of 2025,2025-07-01,2025-12-31,132,248,0.9960899315738025,12.582349960182437,44.23385286383171,28.710580056504803,6.12722584716732,0.3880336113837095,0.21774193548387097,,0.09405957083439306,0.04494504512794701,0.04871680883244669,0.38324294050448665,0.21774193548387097,0.0,0.11905217183941479,0.9960899315738025,0.11858666970123526
taxi_avg_trip_speed,Taxi average speed,Taxi,weekday_am_peak,Manhattan,Early 2026,2026-01-01,2026-03-31,64,66,0.9786931818181818,10.820958835063193,44.46340470081337,25.81343549380592,9.41585451352266,0.3659893565553943,0.24242424242424243,,0.07643311853808754,0.038650152262919374,0.08887410439262008,0.3592632206279804,0.24242424242424243,0.0,0.12085588998849267,0.9786931818181818,0.11828083551430603
bus_trip_count,Bus trips,Bus,weekday_overnight,Citywide,Early 2026,2026-01-01,2026-03-31,64,248,0.9962197580645161,11.99311870238388,47.98459081086159,30.85996687006366,6.6624365482233525,0.3837591702504427,0.2056451612903226,,0.08816306294982242,0.04961521585089218,0.05525224244012551,0.378593207419715,0.2056451612903226,0.0,0.11844036228270213,0.9962197580645161,0.11799262905834716
taxi_avg_trip_speed,Taxi average speed,Taxi,weekday_am_peak,Manhattan,Second half of 2025,2025-07-01,2025-12-31,132,66,0.9740587695133149,10.962023817917423,48.42934044633607,31.115237015754182,10.577252662887709,0.3746170162620787,0.16666666666666666,,0.07784477274452672,0.05016986481092368,0.10305588454439939,0.3686483808235689,0.16666666666666666,0.0,0.12068652145071815,0.9740587695133149,0.1175557645811288
subway_ridership,Subway ridership,Subway,weekday_pm_peak,Queens,First six months post-CP,2025-01-05,2025-06-30,126,27,0.9088771310993533,11.002956727583483,80.5350209670563,45.5011982077916,6.293937475982729,0.36190168175937903,0.2962962962962963,,0.07825439328211684,0.08142756787147096,0.05075251697430807,0.3548166517909701,0.2962962962962963,0.0,0.12901040141742787,0.9088771310993533,0.11725460352224779
taxi_avg_trip_duration,Taxi average trip duration,Taxi,weekday_overnight,Manhattan,First six months post-CP,2025-01-05,2025-06-30,126,66,0.9270081770081771,11.424007470943106,41.34735380158731,33.40614691147579,10.308550899355389,0.36853028927227915,0.21212121212121213,,0.08246789858273537,0.055147535771037925,0.09977477949106854,0.36202724487150734,0.21212121212121213,0.0,0.12575162750036759,0.9270081770081771,0.1165727869649271
subway_ridership,Subway ridership,Subway,weekday_overnight,Queens,First six months post-CP,2025-01-05,2025-06-30,126,27,0.9044679600235156,12.889346354432549,55.8399423215573,36.41003018632536,4.698693722463825,0.409164770880728,0.25925925925925924,,0.09713172058081639,0.061674349668309,0.03127306781789875,0.406229396129805,0.25925925925925924,0.0,0.12795988044221696,0.9044679600235156,0.11573561202842492
bus_trip_count,Bus trips,Bus,weekday_overnight,Manhattan,Second half of 2025,2025-07-01,2025-12-31,132,62,1.0,12.22385031559964,35.31738895882036,25.257057542499624,7.5787064127714086,0.37609970674486803,0.1935483870967742,,0.09047202188324606,0.03744125863675043,0.0664407722185011,0.37026125015019185,0.1935483870967742,0.0,0.11563689971174324,1.0,0.11563689971174324
fhvhv_trip_count,FHVHV trips,FHVHV,weekday_midday,Bronx,CP launch transition,2024-11-01,2025-04-30,129,43,0.9774652965566973,11.975671072615658,36.212015082133355,19.446749802124106,9.762122962903932,0.39745481372187386,0.09302325581395349,6.498385998246216,0.0879884624256076,0.024816667786360703,0.09310237273049153,0.39349131563571954,0.09302325581395349,0.07260423443376204,0.11800878034793948,0.9774652965566973,0.11534948747909282
fhvhv_trip_count,FHVHV trips,FHVHV,weekday_midday,Brooklyn,First six months post-CP,2025-01-05,2025-06-30,126,61,1.0,11.038793152089246,37.8698224852071,24.410984359354213,9.544600627360898,0.3687223523289097,0.18032786885245902,,0.07861301268130237,0.03560291749477035,0.09044621735220079,0.3622361708856773,0.18032786885245902,0.0,0.11508078789849072,1.0,0.11508078789849072
subway_ridership,Subway ridership,Subway,weekday_overnight,Brooklyn,First six months post-CP,2025-01-05,2025-06-30,126,48,1.0,11.711260259488524,78.67869768603086,32.87862618693651,6.264642966282978,0.37466931216931215,0.1875,,0.0853424716983083,0.0540013428996808,0.050394803044383894,0.3687052682627639,0.1875,0.0,0.11470358091287323,1.0,0.11470358091287323
taxi_avg_trip_duration,Taxi average trip duration,Taxi,weekday_am_peak,Manhattan,Early 2026,2026-01-01,2026-03-31,64,66,0.9786931818181818,10.18336956221527,46.53059111891127,34.2840167458975,9.109291322901665,0.3536526366715046,0.19696969696969696,,0.07005268619559507,0.05705496442622948,0.08513067516949632,0.3458433482251895,0.19696969696969696,0.0,0.11687388531032376,0.9786931818181818,0.11438367468581402
taxi_avg_trip_duration,Taxi average trip duration,Taxi,weekday_pm_peak,Manhattan,Early 2026,2026-01-01,2026-03-31,64,66,0.9770359848484849,10.449463896955539,42.49841568496884,32.34809870075219,9.971851526616497,0.335837169857039,0.21212121212121213,,0.07271552412564253,0.05284861696032635,0.09566335871427852,0.3264637000126611,0.21212121212121213,0.0,0.11706960702208617,0.9770359848484849,0.11438121879264906
bus_trip_count,Bus trips,Bus,weekend_evening,Staten Island,CP launch transition,2024-11-01,2025-04-30,52,19,1.0,11.619029441236819,24.32558546472629,13.046135959598207,13.103005669055515,0.3208502024291498,0.10526315789473684,8.797732377794416,0.08441950683549122,0.010909464491134224,0.133897740001764,0.31016089079919257,0.10526315789473684,0.1040842040779071,0.11384968530737789,1.0,0.11384968530737789
bus_trip_count,Bus trips,Bus,weekend_overnight,Staten Island,First six months post-CP,2025-01-05,2025-06-30,51,19,0.9845201238390093,10.574875798438605,25.358895847117292,12.781825761774686,12.932301361810524,0.3448637316561845,0.21052631578947367,,0.07397053606896123,0.010335173377099037,0.1318132774446006,0.33628278553300506,0.21052631578947367,0.0,0.11523560545588525,0.9845201238390093,0.11345177255409136
fhvhv_trip_count,FHVHV trips,FHVHV,weekday_midday,Citywide,CP launch transition,2024-11-01,2025-04-30,129,262,0.9848511746257175,10.878706160216241,37.20094435414517,27.402435168548703,9.58992232123607,0.35961064711890883,0.1450381679389313,3.334349516042984,0.07701100294861592,0.042102718228682404,0.09099963850152441,0.3523244664422832,0.1450381679389313,0.029285936112698936,0.11440888821870418,0.9848511746257175,0.11267572794981322
taxi_avg_trip_duration,Taxi average trip duration,Taxi,All temporal buckets,Staten Island,CP launch transition,2024-11-01,2025-04-30,181,20,0.2549723756906077,43.20890283106256,88.8703985793697,65.27719621400121,33.880662861554576,0.8418201516793066,1.0,16.794896884026038,0.40054315956162756,0.12439670042732826,0.3876127700576968,0.8768715165106086,1.0,0.21357205598861942,0.4416182941061502,0.2549723756906077,0.11260046559667862
fhvhv_trip_count,FHVHV trips,FHVHV,weekday_midday,Queens,CP launch transition,2024-11-01,2025-04-30,129,69,0.9900011234692732,10.793827714968643,39.58875325195117,27.44718764732534,9.543580533277101,0.35973672265093054,0.14492753623188406,2.9685230537620715,0.0761616141644865,0.042199956061744114,0.09043376102958786,0.35246161128862563,0.14492753623188406,0.02427746673633167,0.11365880604436633,0.9900011234692732,0.11252234567609888
subway_ridership,Subway ridership,Subway,weekday_pm_peak,Queens,CP launch transition,2024-11-01,2025-04-30,129,27,0.9221935113407982,10.318990532885486,66.36111198980048,39.954626214534215,6.71775818812465,0.34028642590286423,0.25925925925925924,3.6690194982179047,0.07140986151901188,0.06937601997315265,0.055927772477042684,0.331303596596541,0.25925925925925924,0.03386784729118923,0.12181978193702508,0.9221935113407982,0.1123414124552755
bus_trip_count,Bus trips,Bus,weekend_evening,Bronx,Second half of 2025,2025-07-01,2025-12-31,52,42,1.0,11.348181421174125,26.847062829174888,15.21207517880775,12.297068088199662,0.34386446886446886,0.16666666666666666,,0.08170909820614113,0.015615600150579662,0.12405647273781724,0.3351957883986053,0.16666666666666666,0.0,0.11200304915289405,1.0,0.11200304915289405
taxi_avg_trip_duration,Taxi average trip duration,Taxi,weekday_midday,Manhattan,Second half of 2025,2025-07-01,2025-12-31,132,67,0.9689054726368159,10.582910986513262,40.411743004819066,27.73289372586052,9.445066468043809,0.34799859960322094,0.208955223880597,,0.07405094515997457,0.04282073597670656,0.08923081024500085,0.33969289196686886,0.208955223880597,0.0,0.11521099125826176,0.9689054726368159,0.11162855993804217
bus_trip_count,Bus trips,Bus,weekday_am_peak,Manhattan,Second half of 2025,2025-07-01,2025-12-31,132,64,1.0,12.732294748520706,34.51619969333093,18.48020136361911,5.959878261715688,0.4244791666666667,0.140625,,0.09556008631958673,0.022716558959350444,0.046673335052930455,0.42288838160628633,0.140625,0.0,0.11162158125528401,1.0,0.11162158125528401
taxi_avg_trip_speed,Taxi average speed,Taxi,weekend_overnight,Manhattan,Second half of 2025,2025-07-01,2025-12-31,52,66,0.9624125874125874,10.825231017697933,36.18565474245632,27.757697309256333,9.049876478223766,0.35361792310021195,0.21212121212121213,,0.0764758707822305,0.04287462900715996,0.08440516319461093,0.3458055868346596,0.21212121212121213,0.0,0.11597782328447843,0.9624125874125874,0.11161851698969472
bus_trip_count,Bus trips,Bus,weekday_pm_peak,Citywide,Second half of 2025,2025-07-01,2025-12-31,132,252,1.0,11.862950591407001,41.71815747815365,26.161367539442175,5.737087001004091,0.382996632996633,0.1865079365079365,,0.08686045504751519,0.039406136268615596,0.04395284106826464,0.3777637201050307,0.1865079365079365,0.0,0.11132954495685811,1.0,0.11132954495685811
taxi_avg_trip_speed,Taxi average speed,Taxi,weekend_midday,Manhattan,Early 2026,2026-01-01,2026-03-31,26,67,0.9724454649827784,9.729083791776368,29.991839095498896,24.05762537497136,13.577934791693387,0.30342384887839435,0.208955223880597,,0.06550659399191736,0.03483514187935097,0.13969707798814707,0.291204519632619,0.208955223880597,0.0,0.11432572019880319,0.9724454649827784,0.11117552813821618
fhvhv_trip_count,FHVHV trips,FHVHV,All temporal buckets,Bronx,CP launch transition,2024-11-01,2025-04-30,181,43,1.0,10.766842697075747,39.78315699632922,19.22119444090469,9.236358378373573,0.3790312218938713,0.13953488372093023,3.0960190002261925,0.07589157185314473,0.024326582875759572,0.08668228522348319,0.3734501495997,0.13953488372093023,0.026022992577997468,0.11116972720411325,1.0,0.11116972720411325
bus_trip_count,Bus trips,Bus,weekday_overnight,Manhattan,First six months post-CP,2025-01-05,2025-06-30,126,63,0.9918115394305871,12.623223658942514,33.17177058089154,19.675860384433996,7.236531190926276,0.3840975485837673,0.1746031746031746,,0.09446859884134369,0.025314477453318197,0.062262486096513574,0.3789612950556364,0.1746031746031746,0.0,0.11197934806956392,0.9918115394305871,0.11106240959330772
taxi_avg_trip_speed,Taxi average speed,Taxi,weekday_midday,Manhattan,CP launch transition,2024-11-01,2025-04-30,129,66,0.9664082687338501,9.866813587877026,39.2830505788275,25.669738568274624,10.296648702427595,0.3282693242586291,0.10606060606060606,10.828805978975717,0.06688487258440418,0.03833792871601749,0.09962944230395022,0.318231404617245,0.10606060606060606,0.13189129564049934,0.11441724601937255,0.9664082687338501,0.11057377263887683
taxi_avg_trip_duration,Taxi average trip duration,Taxi,weekday_overnight,Manhattan,Early 2026,2026-01-01,2026-03-31,64,66,0.9398674242424242,9.375256986610186,42.002509657507076,38.17908265766537,10.986829698562993,0.3030226700251889,0.22727272727272727,,0.06196580670539478,0.06551813293099984,0.10805721115951407,0.2907681176496457,0.22727272727272727,0.0,0.11672662718045132,0.9398674242424242,0.10970755442859652
fhvhv_trip_count,FHVHV trips,FHVHV,All temporal buckets,Bronx,Second half of 2025,2025-07-01,2025-12-31,184,43,1.0,11.251751579726614,52.74181697284487,17.7768236900366,9.535382978326982,0.39408493427704755,0.11627906976744186,,0.08074411321446315,0.02118826549555118,0.09033366105771494,0.3898255639133826,0.11627906976744186,0.0,0.10961436279207498,1.0,0.10961436279207498
bus_trip_count,Bus trips,Bus,weekend_overnight,Brooklyn,First six months post-CP,2025-01-05,2025-06-30,51,58,1.0,12.34515164459633,25.20035618878005,13.783987816155747,12.435028620303967,0.345841784989858,0.1206896551724138,,0.09168589883456423,0.012512663187910545,0.12574110254112406,0.337346711038695,0.1206896551724138,0.0,0.10928453824516092,1.0,0.10928453824516092
taxi_avg_trip_speed,Taxi average speed,Taxi,weekend_midday,Manhattan,Second half of 2025,2025-07-01,2025-12-31,52,66,0.9895104895104895,10.183407984160514,31.338777591329098,27.300570309106757,12.014411413103637,0.3212603062426384,0.15151515151515152,,0.07005307068861044,0.041881387065179534,0.12060496489200546,0.3106070013456517,0.15151515151515152,0.0,0.11034451923578097,0.9895104895104895,0.10918705924379725
taxi_avg_trip_speed,Taxi average speed,Taxi,weekday_overnight,Manhattan,CP launch transition,2024-11-01,2025-04-30,129,66,0.920836269673479,9.43804878246931,42.34390401589457,34.69765961608374,12.61972775644884,0.30892857142857144,0.19696969696969696,2.388414203932755,0.06259417173944437,0.05795372439345019,0.12799645531955084,0.29719255169717224,0.19696969696969696,0.01633529275795306,0.11851593823750244,0.920836269673479,0.10913377446347418
bus_trip_count,Bus trips,Bus,weekday_midday,Manhattan,Early 2026,2026-01-01,2026-03-31,64,64,1.0,12.288208112271093,36.18683799270707,21.751974054145393,6.0822720389265434,0.37255859375,0.1875,,0.09111605807529166,0.029825440866989916,0.04816787991792716,0.3664092307315576,0.1875,0.0,0.10902453242512489,1.0,0.10902453242512489
taxi_avg_trip_speed,Taxi average speed,Taxi,weekday_am_peak,Manhattan,CP launch transition,2024-11-01,2025-04-30,129,66,0.955132722574583,9.802686052110356,48.16661707077594,28.74835106255682,11.744681961293239,0.3263649778652238,0.13636363636363635,4.256392689495709,0.06624314064085626,0.045027113672113914,0.1173113107836996,0.31615985838366406,0.13636363636363635,0.04190947616262665,0.11321895871311556,0.955132722574583,0.10813913228271738
taxi_avg_trip_duration,Taxi average trip duration,Taxi,weekday_evening,Manhattan,Second half of 2025,2025-07-01,2025-12-31,132,67,0.9545454545454546,9.22972877145024,45.09141010263515,28.69389007763474,9.117070321615955,0.3175787728026534,0.26865671641791045,,0.060509488397835695,0.0449087812734403,0.08522566417014812,0.3066022326975668,0.26865671641791045,0.0,0.1132302323783829,0.9545454545454546,0.10808340363391095
taxi_avg_trip_speed,Taxi average speed,Taxi,weekend_midday,Manhattan,First six months post-CP,2025-01-05,2025-06-30,51,66,0.9783125371360666,10.207788308195331,29.941199559148682,24.779933846870637,14.156088844744918,0.3164287883389007,0.12121212121212122,,0.07029704751603945,0.03640456803248434,0.14675689092027513,0.30535128066866435,0.12121212121212122,0.0,0.11043583391689576,0.9783125371360666,0.10804076086997556
bus_trip_count,Bus trips,Bus,weekday_pm_peak,Staten Island,Second half of 2025,2025-07-01,2025-12-31,132,20,1.0,11.396071847006834,31.83235548569993,8.911866325057005,6.519032500047664,0.4359848484848485,0.15,,0.08218834344267702,0.0019265560233807243,0.053501142108844074,0.43540425157499224,0.15,0.0,0.10793017385239824,1.0,0.10793017385239824
fhvhv_trip_count,FHVHV trips,FHVHV,All temporal buckets,Bronx,First six months post-CP,2025-01-05,2025-06-30,177,43,1.0,10.944904911166573,41.65981323254658,19.198987393525684,8.867446363754505,0.3782682958875312,0.13953488372093023,,0.07767346179098236,0.024278331578292657,0.08217751733700263,0.37262023940037503,0.13953488372093023,0.0,0.10788630300231944,1.0,0.10788630300231944
taxi_avg_trip_speed,Taxi average speed,Taxi,weekday_evening,Manhattan,Second half of 2025,2025-07-01,2025-12-31,132,67,0.9545454545454546,10.701330260082347,36.597503604606075,28.323076649695565,9.58716601315561,0.32883203032456765,0.208955223880597,,0.07523598103687971,0.04410308078067087,0.0909659813485067,0.3188435157518289,0.208955223880597,0.0,0.11298821242307902,0.9545454545454546,0.10785238458566634
taxi_avg_trip_duration,Taxi average trip duration,Taxi,weekend_midday,Manhattan,First six months post-CP,2025-01-05,2025-06-30,51,66,0.9783125371360666,11.358425820179013,32.78773882077635,24.4127302494968,8.783927900197707,0.3498329790464622,0.16666666666666666,,0.08181161513596372,0.035606710951107734,0.08115767716468579,0.3416883282172086,0.16666666666666666,0.0,0.1094154520971548,0.9783125371360666,0.10704250854305726
bus_trip_count,Bus trips,Bus,weekday_overnight,Manhattan,CP launch transition,2024-11-01,2025-04-30,129,63,0.9972929740371601,12.425338141114054,31.998971685909112,16.450770427050983,8.532496193523002,0.37248611967921036,0.12698412698412698,1.7673990618757998,0.09248833472487897,0.01830702742021032,0.07808745599273303,0.3663303935048343,0.12698412698412698,0.007833077522183015,0.10712319447493111,0.9972929740371601,0.10683320920626513
subway_ridership,Subway ridership,Subway,weekday_midday,Brooklyn,CP launch transition,2024-11-01,2025-04-30,129,48,1.0,11.149699504432734,42.6171138513109,23.993882722948783,6.193413008273112,0.34205426356589147,0.20833333333333334,2.126437666768285,0.07972286585420704,0.03469664234757715,0.049525017256221,0.333226648760322,0.20833333333333334,0.012748615469672455,0.1066159294033288,1.0,0.1066159294033288
fhvhv_trip_count,FHVHV trips,FHVHV,weekend_midday,Manhattan,First six months post-CP,2025-01-05,2025-06-30,51,67,0.9856599356160375,10.510165335235069,32.596876373191485,25.51666297244621,13.304283330242907,0.33669833729216153,0.07462686567164178,,0.07332297070062106,0.038005327268234544,0.13635553239792414,0.3274004771467416,0.07462686567164178,0.0,0.1080097905759431,0.9856599356160375,0.10646092322498577
fhvhv_trip_count,FHVHV trips,FHVHV,weekend_midday,Manhattan,CP launch transition,2024-11-01,2025-04-30,52,67,0.9859357060849598,9.980253825078828,34.397708299016735,24.38032386996267,13.231583842821081,0.32168850072780203,0.07462686567164178,4.22995641262713,0.06802008264706631,0.0355362986251447,0.13546780225273058,0.3110727909079144,0.07462686567164178,0.041547541483828665,0.10786001098797976,0.9859357060849598,0.10634303609176535
bus_trip_count,Bus trips,Bus,weekday_am_peak,Manhattan,Early 2026,2026-01-01,2026-03-31,64,64,1.0,11.183254038628593,39.2841547798566,19.061584152111763,9.126438221243749,0.3603515625,0.140625,,0.08005865010331187,0.023979782898622213,0.08534005516782445,0.3531304335039568,0.140625,0.0,0.10610675180447635,1.0,0.10610675180447635
bus_trip_count,Bus trips,Bus,All temporal buckets,Brooklyn,First six months post-CP,2025-01-05,2025-06-30,177,60,1.0,10.858231442196082,36.82879427082486,12.219859885311894,9.693280550897988,0.4332391713747646,0.05,,0.07680610998911595,0.009114138351204715,0.09226174115834698,0.43241750657118394,0.05,0.0,0.10595473080297135,1.0,0.10595473080297135
fhvhv_trip_count,FHVHV trips,FHVHV,weekday_am_peak,Manhattan,First six months post-CP,2025-01-05,2025-06-30,126,66,1.0,10.882487425697297,38.32421533849125,25.848891116767646,9.590055861041671,0.35233285233285233,0.10606060606060606,,0.07704884252590855,0.03872718996096195,0.0910012691500368,0.34440768805047445,0.10606060606060606,0.0,0.10555903363906133,1.0,0.10555903363906133
taxi_avg_trip_duration,Taxi average trip duration,Taxi,weekend_midday,Manhattan,Second half of 2025,2025-07-01,2025-12-31,52,66,0.9895104895104895,9.2277494682778,38.06110206871979,32.16865576925363,9.82991733087422,0.28857479387514723,0.21212121212121213,,0.060489681273539785,0.052458724773476816,0.09393020668442807,0.27505173142626377,0.21212121212121213,0.0,0.10646853971102355,0.9895104895104895,0.1053517368469219
taxi_avg_trip_duration,Taxi average trip duration,Taxi,All temporal buckets,Manhattan,Early 2026,2026-01-01,2026-03-31,90,67,0.9844112769485904,9.657497819781277,37.75913148899005,28.672580995891728,7.429601357441167,0.3178908355795148,0.23880597014925373,,0.06479022458227206,0.0448624810686278,0.06462005714730142,0.3069416942956703,0.23880597014925373,0.0,0.10701952777234755,0.9844112769485904,0.1053512299928118
taxi_avg_trip_duration,Taxi average trip duration,Taxi,weekday_am_peak,Manhattan,Second half of 2025,2025-07-01,2025-12-31,132,66,0.9740587695133149,9.369953612322021,42.51798439164342,31.065989896490542,8.781970733268997,0.31145415979259955,0.21212121212121213,,0.061912735202667955,0.050062861058447115,0.08113377828804433,0.29993988436794894,0.21212121212121213,0.0,0.10732812183006779,0.9740587695133149,0.10454389828397098
taxi_avg_trip_speed,Taxi average speed,Taxi,weekday_midday,Manhattan,Early 2026,2026-01-01,2026-03-31,64,67,0.9717817164179104,10.7549573492945,40.066633577770574,23.928808638165,9.509656363718536,0.36453083753299736,0.11940298507462686,,0.07577263375205888,0.034555249889196664,0.0900195145330059,0.3576766449934659,0.11940298507462686,0.0,0.10738903738579471,0.9717817164179104,0.10435870307523473
taxi_avg_trip_duration,Taxi average trip duration,Taxi,weekday_pm_peak,Manhattan,First six months post-CP,2025-01-05,2025-06-30,126,66,0.9666907166907167,11.320839888549385,34.143187066811834,23.87646780085235,9.334739251153703,0.35315337728573204,0.13636363636363635,,0.0814354882091081,0.034441524130533786,0.08788360960106271,0.34530025433021394,0.13636363636363635,0.0,0.10790560238056335,0.9666907166907167,0.10431134410021028
subway_ridership,Subway ridership,Subway,weekday_overnight,Queens,CP launch transition,2024-11-01,2025-04-30,129,27,0.9196095320126327,10.909454896031443,53.45263956273598,32.80208806270499,5.148531883371761,0.33843271932563224,0.25925925925925924,2.5232165346453077,0.07731870923672479,0.05383504146676965,0.03676602120805598,0.32928713630784195,0.25925925925925924,0.01818084909367355,0.11341278773711815,0.9196095320126327,0.10429548065517927
bus_trip_count,Bus trips,Bus,weekend_evening,Staten Island,First six months post-CP,2025-01-05,2025-06-30,51,19,1.0,11.776953018919166,22.263808301711908,11.493945828639692,12.432054248963997,0.33746130030959753,0.10526315789473684,,0.08599986702283538,0.00753687801190281,0.12570478262753002,0.3282304276067022,0.10526315789473684,0.0,0.1039860293635278,1.0,0.1039860293635278
bus_trip_count,Bus trips,Bus,weekday_midday,Bronx,Early 2026,2026-01-01,2026-03-31,64,42,1.0,12.749598956350225,31.270336675742076,9.121437616839625,7.587554080262569,0.36607142857142855,0.16666666666666666,,0.09573325160325517,0.0023819108739264244,0.06654881068514089,0.359352498490604,0.16666666666666666,0.0,0.10362143161641808,1.0,0.10362143161641808
bus_trip_count,Bus trips,Bus,weekday_midday,Citywide,Second half of 2025,2025-07-01,2025-12-31,132,250,1.0,11.865158999691264,43.141778523489926,26.513246388715515,3.9693119461367363,0.366,0.176,,0.08688255485414995,0.04017069585813827,0.02236662001251847,0.35927479855711225,0.176,0.0,0.10338372872143509,1.0,0.10338372872143509
taxi_avg_trip_duration,Taxi average trip duration,Taxi,weekend_midday,Manhattan,Early 2026,2026-01-01,2026-03-31,26,67,0.9724454649827784,9.880423097744437,34.23239799589349,31.81518973075098,8.582121316593497,0.2910271546635183,0.22388059701492538,,0.06702106458232727,0.051690716551709946,0.0786934261208717,0.2777194072084241,0.22388059701492538,0.0,0.10611154806132345,0.9724454649827784,0.10318769369453612
fhvhv_trip_count,FHVHV trips,FHVHV,weekday_midday,Brooklyn,CP launch transition,2024-11-01,2025-04-30,129,61,1.0,10.125263777126543,35.404279355784496,23.362980581062494,9.270243512136119,0.33257084762994027,0.13114754098360656,2.4750141429379586,0.06947121463348731,0.03332582314765743,0.0870960550557296,0.3229105977353446,0.13114754098360656,0.01752091814928896,0.10294834529834898,1.0,0.10294834529834898
taxi_avg_trip_speed,Taxi average speed,Taxi,weekday_evening,Manhattan,Early 2026,2026-01-01,2026-03-31,64,66,0.967092803030303,10.318291741378289,37.29351060074849,23.42655789130151,9.217123671415415,0.3201958384332925,0.19696969696969696,,0.07140286862856805,0.03346396342610747,0.08644741108879163,0.30944907425378715,0.19696969696969696,0.0,0.10605037763503657,0.967092803030303,0.10256055696948967
bus_trip_count,Bus trips,Bus,weekday_evening,Manhattan,Early 2026,2026-01-01,2026-03-31,64,63,1.0,11.217587373167985,41.56813939016802,25.735932992560507,5.419298897559768,0.35987103174603174,0.15873015873015872,,0.08040222790088407,0.03848175543923549,0.040072344943518606,0.3526077125972195,0.15873015873015872,0.0,0.1024795261912882,1.0,0.1024795261912882
bus_trip_count,Bus trips,Bus,weekday_pm_peak,Manhattan,Second half of 2025,2025-07-01,2025-12-31,132,64,1.0,11.518556284510462,41.01753333570568,24.62213668804701,6.670358437374144,0.3612689393939394,0.125,,0.08341405990275703,0.03606170760984974,0.05534897626941973,0.35412835523500075,0.125,0.0,0.10238728742214791,1.0,0.10238728742214791
subway_ridership,Subway ridership,Subway,weekday_overnight,Brooklyn,CP launch transition,2024-11-01,2025-04-30,129,48,1.0,10.043336944745388,56.59763535286078,29.594489310725443,6.592840083986756,0.31233850129198965,0.1875,2.7541776810459453,0.06865136299340589,0.04686559618686347,0.054402403170376215,0.3009018702275619,0.1875,0.02134289981484312,0.10234672279509088,1.0,0.10234672279509088
taxi_avg_trip_duration,Taxi average trip duration,Taxi,weekend_overnight,Manhattan,First six months post-CP,2025-01-05,2025-06-30,51,66,0.9539512774806892,11.514769487818437,34.572738517576795,25.48777768106804,7.03038555274245,0.33634381812519465,0.19696969696969696,,0.0833761649739727,0.037942565534856865,0.059745251053931844,0.3270148315270131,0.19696969696969696,0.0,0.10685911901531679,0.9539512774806892,0.10193839309512245
bus_trip_count,Bus trips,Bus,weekday_evening,Citywide,Second half of 2025,2025-07-01,2025-12-31,132,249,1.0,11.903567192774387,41.25131746783877,25.174566625539235,4.800951045540451,0.3552695631008884,0.1646586345381526,,0.08726691025001419,0.037262023022729227,0.03252172735431614,0.3476022392895288,0.1646586345381526,0.0,0.10187943262379295,1.0,0.10187943262379295
bus_trip_count,Bus trips,Bus,weekday_overnight,Staten Island,Second half of 2025,2025-07-01,2025-12-31,132,20,1.0,11.470603103988674,25.318076601053956,7.58603280966501,6.894287590282337,0.3946969696969697,0.15,,0.0829341866725191,0.0,0.05808336500411366,0.3904913354732986,0.15,0.0,0.10177721065632135,1.0,0.10177721065632135
taxi_avg_trip_duration,Taxi average trip duration,Taxi,weekday_am_peak,Staten Island,First six months post-CP,2025-01-05,2025-06-30,122,15,0.2448087431693989,40.141307285433,90.40278148764797,58.52482829600713,37.03764382233782,0.8236607142857143,1.0,,0.36984536292901526,0.10972520865011927,0.42616252145316635,0.8571176974223824,1.0,0.0,0.41520053365232346,0.2448087431693989,0.10164472080668902
bus_trip_count,Bus trips,Bus,weekday_evening,Brooklyn,Early 2026,2026-01-01,2026-03-31,64,58,1.0,12.77734105529976,23.237381235992476,12.579879764201436,4.326234075845335,0.38685344827586204,0.1724137931034483,,0.0960108701155548,0.009896386705694383,0.026724979957899433,0.38195916017463766,0.1724137931034483,0.0,0.10155652002765492,1.0,0.10155652002765492
taxi_avg_trip_speed,Taxi average speed,Taxi,weekday_evening,Manhattan,CP launch transition,2024-11-01,2025-04-30,129,66,0.952783650458069,9.828846954876925,34.14083749749072,23.022495486682292,10.063831824633226,0.28328402366863903,0.13636363636363635,9.660127475982861,0.06650493593326298,0.03258601981893933,0.09678652596358191,0.26929643652193935,0.13636363636363635,0.11589111222959067,0.10642473767171742,0.952783650458069,0.1013997500579013
taxi_avg_trip_speed,Taxi average speed,Taxi,weekday_midday,Manhattan,Second half of 2025,2025-07-01,2025-12-31,132,67,0.9689054726368159,10.467649228797791,36.32203834892243,24.57476593340985,9.994981510331632,0.34146341463414637,0.11940298507462686,,0.07289750692301142,0.03595878080764051,0.09594579789686342,0.33258392384251795,0.11940298507462686,0.0,0.10458624324972547,0.9689054726368159,0.10133418344718426
bus_trip_count,Bus trips,Bus,weekday_am_peak,Bronx,Early 2026,2026-01-01,2026-03-31,64,42,1.0,12.65771876723019,37.3899013204047,11.025198816767318,8.556610418109745,0.359375,0.11904761904761904,,0.09481379552822233,0.006518388200062133,0.07838191369598216,0.35206812972574875,0.11904761904761904,0.0,0.10098372025848064,1.0,0.10098372025848064
bus_trip_count,Bus trips,Bus,weekday_evening,Manhattan,First six months post-CP,2025-01-05,2025-06-30,126,63,1.0,12.19333775395571,37.70998284895332,16.24101580493857,7.319762725613465,0.3750314940791131,0.09523809523809523,,0.090166679018402,0.017851274230969404,0.06327882259341107,0.3690992494070124,0.09523809523809523,0.0,0.10004061581496634,1.0,0.10004061581496634
taxi_avg_trip_duration,Taxi average trip duration,Taxi,weekday_am_peak,Staten Island,Second half of 2025,2025-07-01,2025-12-31,128,17,0.23713235294117646,39.46044607790418,87.91767761325777,58.48919675017278,39.0306680565744,0.8255813953488372,1.0,,0.3630319031450055,0.10964778870824601,0.4504992500268808,0.8592070124944727,1.0,0.0,0.41899922968560965,0.23713235294117646,0.09935827321588905
taxi_avg_trip_duration,Taxi average trip duration,Taxi,All temporal buckets,Manhattan,CP launch transition,2024-11-01,2025-04-30,181,67,0.9741898243588687,9.993932761525429,30.29198809288837,21.048442197415476,7.18717935210668,0.2949889961063145,0.13432835820895522,10.68440173286032,0.0681569694050962,0.02829681239526353,0.06165985302997373,0.282029094640968,0.13432835820895522,0.12991428107469408,0.10176619571034,0.9741898243588687,0.09913959232472638
taxi_avg_trip_duration,Taxi average trip duration,Taxi,weekday_evening,Manhattan,CP launch transition,2024-11-01,2025-04-30,129,66,0.952783650458069,10.227343205870781,37.5107036296296,24.236820500673744,8.967838263470492,0.29770710059171596,0.13636363636363635,6.72658387850478,0.07049273572300263,0.035224495635720256,0.08340339827332922,0.28498584616932,0.13636363636363635,0.07572845373681865,0.10354243664363993,0.952783650458069,0.0986535407626506
bus_trip_count,Bus trips,Bus,weekday_am_peak,Staten Island,Second half of 2025,2025-07-01,2025-12-31,132,20,1.0,10.90932676092878,30.874503351125732,9.652228754711444,7.008004110354972,0.4053030303030303,0.1,,0.07731742697338057,0.003535209673588874,0.05947195227556505,0.4020285983251098,0.1,0.0,0.09854596801695281,1.0,0.09854596801695281
bus_trip_count,Bus trips,Bus,weekday_evening,Manhattan,Second half of 2025,2025-07-01,2025-12-31,132,63,1.0,11.980409808310144,40.015263563668476,24.3272929769632,5.006580076672199,0.3564213564213564,0.12698412698412698,,0.08803588352219,0.03542107351892583,0.03503265413160449,0.34885515899108194,0.12698412698412698,0.0,0.09849566245756534,1.0,0.09849566245756534
taxi_avg_trip_speed,Taxi average speed,Taxi,weekday_overnight,Manhattan,Second half of 2025,2025-07-01,2025-12-31,132,66,0.9439853076216712,9.231268526863511,35.67586425624505,31.886392923682827,9.8431178995234,0.29389591439688717,0.18181818181818182,,0.06052489691497476,0.05184542628795325,0.09409139822977665,0.28084004137523766,0.18181818181818182,0.0,0.10419243998904243,0.9439853076216712,0.09835613251490874
bus_trip_count,Bus trips,Bus,weekday_overnight,Manhattan,Early 2026,2026-01-01,2026-03-31,64,62,1.0,10.05139920045688,36.384666226040984,26.49033449194537,6.729733887094292,0.3251008064516129,0.16129032258064516,,0.06873204295350822,0.04012091306947124,0.05607400719426193,0.314784693897027,0.16129032258064516,0.0,0.09833817463954041,1.0,0.09833817463954041
taxi_avg_trip_speed,Taxi average speed,Taxi,weekday_am_peak,Staten Island,Early 2026,2026-01-01,2026-03-31,63,16,0.29365079365079366,28.507171994398803,74.03552468710029,53.41957414408284,21.469540305096768,0.7195945945945946,1.0,,0.25342117536970993,0.09863255267814278,0.23606111515907144,0.7439146693199015,1.0,0.0,0.33414179667327715,0.29365079365079366,0.09812100378500996
fhvhv_trip_count,FHVHV trips,FHVHV,weekday_midday,Manhattan,Second half of 2025,2025-07-01,2025-12-31,132,67,0.985753052917232,10.497525589194241,34.78298881158532,26.186173002165155,8.977428180574556,0.3380362468456068,0.08955223880597014,,0.07319648324564937,0.039460033382456246,0.08352050031634349,0.32885585391323174,0.08955223880597014,0.0,0.09949200702559441,0.985753052917232,0.09807454966634238
fhvhv_avg_trip_duration,FHVHV average trip duration,FHVHV,weekday_overnight,Staten Island,CP launch transition,2024-11-01,2025-04-30,129,20,0.9445736434108527,9.19874908124835,34.57861306918226,32.62407693246458,12.412267752521418,0.2872384078785392,0.1,2.33177075672954,0.06019947092147252,0.05344826028640564,0.1254631706164587,0.27359801198348255,0.1,0.01555979672379429,0.10309027484908946,0.9445736434108527,0.09737635651443062
bus_trip_count,Bus trips,Bus,weekday_evening,Manhattan,CP launch transition,2024-11-01,2025-04-30,129,63,1.0,12.162847292638407,34.81839495840238,15.72762995650717,8.295804693055226,0.3686477174849268,0.047619047619047616,1.6175745624845945,0.08986155731417779,0.016735793506981497,0.07519722681054954,0.3621549831718863,0.047619047619047616,0.005781855168415196,0.09685904295622007,1.0,0.09685904295622007
taxi_avg_trip_duration,Taxi average trip duration,Taxi,weekday_midday,Manhattan,First six months post-CP,2025-01-05,2025-06-30,126,66,0.9728234728234728,10.327091202976085,35.03755895052609,24.87304011639003,8.524958338677173,0.32892459826946846,0.12121212121212122,,0.07149092589641436,0.03660686860085535,0.07799541158892714,0.3189442110761006,0.12121212121212122,0.0,0.09901182842990935,0.9728234728234728,0.09632103078378627
fhvhv_avg_trip_duration,FHVHV average trip duration,FHVHV,weekday_overnight,Staten Island,Second half of 2025,2025-07-01,2025-12-31,132,20,0.9492424242424242,8.874140008976074,32.542163152164264,31.213643041634715,11.691058383015191,0.27294493216280924,0.15,,0.05695106899315697,0.05038368064813341,0.11665651570028505,0.2580495824087803,0.15,0.0,0.1010248744620388,0.9492424242424242,0.09589709674313228
fhvhv_avg_trip_duration,FHVHV average trip duration,FHVHV,weekday_overnight,Staten Island,First six months post-CP,2025-01-05,2025-06-30,126,20,0.9436507936507936,9.121970235587868,33.52232079575862,32.733271194432376,12.244846717783531,0.28847771236333053,0.1,,0.05943113580208883,0.053685516717932376,0.1234187999510377,0.2749461262481036,0.1,0.0,0.10123328526732395,0.9436507936507936,0.09552886998638743
fhvhv_trip_count,FHVHV trips,FHVHV,weekday_midday,Manhattan,CP launch transition,2024-11-01,2025-04-30,129,67,0.9854217285664699,10.045546558704453,33.18459778810474,24.11205018614517,9.118355720441869,0.31783491839849715,0.08955223880597014,2.860169947140619,0.06867347486537305,0.03495339567998953,0.08524136011693988,0.30688086763822464,0.08955223880597014,0.022794022337683753,0.09678807217655905,0.9854217285664699,0.09537706938884107
bus_trip_count,Bus trips,Bus,weekday_midday,Staten Island,Early 2026,2026-01-01,2026-03-31,64,20,1.0,8.684768487112034,29.728153924641067,9.29761553373336,8.287558120537469,0.36328125,0.15,,0.05505600545569916,0.002764708862783659,0.07509652828738031,0.356317344838581,0.15,0.0,0.09516928569009896,1.0,0.09516928569009896
taxi_avg_trip_duration,Taxi average trip duration,Taxi,weekday_am_peak,Manhattan,CP launch transition,2024-11-01,2025-04-30,129,66,0.955132722574583,8.879670226773374,40.958266502222564,28.58735089275746,9.063979790288304,0.28443187407771764,0.15151515151515152,4.03056845704316,0.057006410546093254,0.04467729377248346,0.08457737809888004,0.2705450671281544,0.15151515151515152,0.03881775407771161,0.09910113180062499,0.955132722574583,0.09465473382695354
bus_trip_count,Bus trips,Bus,weekday_midday,Staten Island,Second half of 2025,2025-07-01,2025-12-31,132,20,1.0,11.361103823745616,29.375643848344684,10.708091469611917,6.059755286914227,0.38257575757575757,0.1,,0.08183841423892438,0.0058293798562062,0.0478929288798655,0.3773058922140858,0.1,0.0,0.09399949741992239,1.0,0.09399949741992239
bus_trip_count,Bus trips,Bus,weekend_overnight,Brooklyn,Second half of 2025,2025-07-01,2025-12-31,52,58,1.0,9.691066737952992,27.87486417964506,14.106063029215376,10.075691321137747,0.30702917771883287,0.13793103448275862,,0.06512615277354886,0.013212465671637013,0.0969313417377674,0.2951263929882725,0.13793103448275862,0.0,0.09377667771668924,1.0,0.09377667771668924
taxi_avg_trip_speed,Taxi average speed,Taxi,weekday_am_peak,Manhattan,First six months post-CP,2025-01-05,2025-06-30,126,66,0.961038961038961,8.967178861944957,41.61386164739987,28.78025100050435,10.896238808657012,0.2857857857857858,0.12121212121212122,,0.057882119956325626,0.045096425605790316,0.10695100990966447,0.27201785102354353,0.12121212121212122,0.0,0.09716462214938926,0.961038961038961,0.09337898752019227
bus_trip_count,Bus trips,Bus,weekday_midday,Manhattan,Second half of 2025,2025-07-01,2025-12-31,132,64,1.0,11.426640989124806,35.11462751030786,21.058604942267316,4.249420763479263,0.3445785984848485,0.140625,,0.08249425251511257,0.028318893927155524,0.025787016082805307,0.3359726179347175,0.140625,0.0,0.09319436989158009,1.0,0.09319436989158009
fhvhv_avg_trip_duration,FHVHV average trip duration,FHVHV,weekend_evening,Staten Island,Early 2026,2026-01-01,2026-03-31,26,19,0.9939271255060729,9.442595497909254,37.24149251196448,22.074641631917444,10.412522908126002,0.2973523421588595,0.10526315789473684,,0.06263967126630365,0.03052653043609339,0.10104437697676272,0.2845999402763796,0.10526315789473684,0.0,0.09358474908856726,0.9939271255060729,0.09301642065280673
fhvhv_avg_trip_speed,FHVHV average speed,FHVHV,weekend_evening,Manhattan,CP launch transition,2024-11-01,2025-04-30,52,67,0.9847876004592423,8.004019079514348,25.332581105935915,14.970895253068427,16.030084203706437,0.2518216263480035,0.08955223880597014,2.7428764870033087,0.048243664467012434,0.015091566309372218,0.16964016329398848,0.2350716700116603,0.08955223880597014,0.02118817704294187,0.09368444921618349,0.9847876004592423,0.09225928394395108
taxi_avg_trip_speed,Taxi average speed,Taxi,weekday_overnight,Manhattan,First six months post-CP,2025-01-05,2025-06-30,126,66,0.9270081770081771,8.737245815114724,38.47154214048567,32.318112641192016,11.091453061687515,0.27617070956025425,0.13636363636363635,,0.05558115237252285,0.052783463486521166,0.10933476230369572,0.26155858005815147,0.13636363636363635,0.0,0.09904919945196036,0.9270081770081771,0.0918194178180811
taxi_avg_trip_speed,Taxi average speed,Taxi,All temporal buckets,Manhattan,Second half of 2025,2025-07-01,2025-12-31,184,67,0.9841823491239455,10.130808580902304,33.382664138955214,18.273665499704872,9.064182292918218,0.3106404022088519,0.11940298507462686,,0.06952670215005988,0.02226779946254615,0.08457985084931378,0.2990546796260501,0.11940298507462686,0.0,0.09318676091688148,0.9841823491239455,0.0917127652664279
taxi_avg_trip_speed,Taxi average speed,Taxi,weekday_overnight,Manhattan,Early 2026,2026-01-01,2026-03-31,64,66,0.9398674242424242,8.767382637674315,33.90141874579133,30.532839527147452,10.405064427694267,0.27329974811083124,0.15151515151515152,,0.05588273517127397,0.04890443613924384,0.100953301810329,0.2584355508666642,0.15151515151515152,0.0,0.09751016421264634,0.9398674242424242,0.09164662687599573
bus_trip_count,Bus trips,Bus,weekday_am_peak,Manhattan,First six months post-CP,2025-01-05,2025-06-30,126,64,1.0,11.2888729103002,30.045684450970793,14.088430139417603,4.616331122658205,0.4020337301587302,0.0625,,0.08111559082281455,0.013174153067700393,0.030267341845448326,0.39847225667223435,0.0625,0.0,0.09159096330141284,1.0,0.09159096330141284
fhvhv_avg_trip_duration,FHVHV average trip duration,FHVHV,weekday_evening,Staten Island,CP launch transition,2024-11-01,2025-04-30,129,20,0.9527131782945737,7.752781930886812,35.328253027852796,25.645379996385415,10.736218768826525,0.22823433685923514,0.2,4.282394975588058,0.04572950418075387,0.038285002603057214,0.10499701245754552,0.20941343846825577,0.2,0.042265469145739684,0.09535511666323652,0.9527131782945737,0.09084607626288194
fhvhv_avg_trip_duration,FHVHV average trip duration,FHVHV,weekday_overnight,Staten Island,Early 2026,2026-01-01,2026-03-31,64,20,0.9453125,8.701276243506763,34.00713834220816,31.030487598518533,12.18672928863834,0.26694214876033057,0.1,,0.05522120055431249,0.04998572194531018,0.12270913065840595,0.25151976021284533,0.1,0.0,0.09581046076079805,0.9453125,0.0905708261879419
bus_trip_count,Bus trips,Bus,weekday_evening,Bronx,Early 2026,2026-01-01,2026-03-31,64,42,1.0,12.315174141572918,25.286845148092148,10.213502537524452,5.977286312014346,0.32514880952380953,0.14285714285714285,,0.0913859103655246,0.004754740923857344,0.04688590396596141,0.31483691159426613,0.14285714285714285,0.0,0.09035429912211575,1.0,0.09035429912211575
taxi_avg_trip_speed,Taxi average speed,Taxi,All temporal buckets,Staten Island,CP launch transition,2024-11-01,2025-04-30,181,20,0.2549723756906077,24.012223065473375,98.12673881894271,61.951669951899476,31.059839069160923,0.6619718309859155,0.95,12.169677334721065,0.2084396821964263,0.11717102318315756,0.35316781860628793,0.6812326807197967,0.95,0.15024894281841655,0.3538240523461434,0.2549723756906077,0.09021535920317413
fhvhv_avg_trip_duration,FHVHV average trip duration,FHVHV,weekday_evening,Staten Island,First six months post-CP,2025-01-05,2025-06-30,126,20,0.9575396825396826,8.008295440911338,32.23850180089462,26.79464486102788,10.984298445654437,0.2345627849150435,0.2,,0.048286458528530536,0.04078211624026053,0.108026302144998,0.2162975183708516,0.2,0.0,0.09390270895039858,0.9575396825396826,0.08991557011798086
bus_trip_count,Bus trips,Bus,weekday_am_peak,Brooklyn,Early 2026,2026-01-01,2026-03-31,64,59,1.0,12.155600369085352,32.67692283851372,8.486231113718492,8.912093816431891,0.3421610169491525,0.05084745762711865,,0.08978903648079717,0.0010017391918507989,0.08272270535762573,0.3333427749912337,0.05084745762711865,0.0,0.08983894517704422,1.0,0.08983894517704422
bus_trip_count,Bus trips,Bus,weekday_pm_peak,Manhattan,CP launch transition,2024-11-01,2025-04-30,129,64,1.0,11.254619780995423,28.242479467067266,13.75138956051138,5.861017596697487,0.35646802325581395,0.0625,3.2833524343790366,0.08077281564864706,0.012441833955047922,0.04546615195408246,0.3489059231301526,0.0625,0.028587743531972368,0.08980291483202801,1.0,0.08980291483202801
bus_trip_count,Bus trips,Bus,weekday_pm_peak,Manhattan,First six months post-CP,2025-01-05,2025-06-30,126,64,1.0,10.606382362593871,29.446931076344278,16.311520845900912,5.193160623054514,0.36706349206349204,0.078125,,0.07428582603618285,0.01800446702811753,0.03731098072514994,0.36043166423354556,0.078125,0.0,0.08869772774432777,1.0,0.08869772774432777
taxi_avg_trip_speed,Taxi average speed,Taxi,All temporal buckets,Manhattan,Early 2026,2026-01-01,2026-03-31,90,67,0.9844112769485904,9.855031623086639,32.31232954288188,17.0922062026473,8.807859755159116,0.3190700808625337,0.08955223880597014,,0.06676696904931032,0.019700734016409052,0.0814499079607074,0.3082244762165254,0.08955223880597014,0.0,0.08975745421918162,0.9844112769485904,0.08835825012355922
taxi_avg_trip_speed,Taxi average speed,Taxi,weekend_overnight,Manhattan,Early 2026,2026-01-01,2026-03-31,26,66,0.9527972027972028,9.43334083534673,32.43116171844832,24.488532946460182,7.91026620009163,0.2819571865443425,0.16666666666666666,,0.06254705874779463,0.03577141445344872,0.0704894337507386,0.26785310433356746,0.16666666666666666,0.0,0.09239478442977062,0.9527972027972028,0.088033492157736
bus_trip_count,Bus trips,Bus,weekday_overnight,Bronx,Early 2026,2026-01-01,2026-03-31,64,42,1.0,11.369608296741193,26.16354588779832,14.690302663440354,7.780812906939127,0.30952380952380953,0.09523809523809523,,0.08192351952043964,0.014481896942792886,0.06890868545661025,0.2978400511429371,0.09523809523809523,0.0,0.0879867324263583,1.0,0.0879867324263583
taxi_avg_trip_speed,Taxi average speed,Taxi,All temporal buckets,Manhattan,CP launch transition,2024-11-01,2025-04-30,181,67,0.9741898243588687,8.87813212825112,31.42842510336803,19.220308305865167,8.6156087315929,0.2744201794481124,0.1044776119402985,6.458917994710432,0.056991018609661374,0.0243246574885319,0.0791023394273313,0.2596543550321083,0.1044776119402985,0.07206388454812818,0.08990213888319042,0.9741898243588687,0.08758174888810188
bus_trip_count,Bus trips,Bus,weekday_am_peak,Manhattan,CP launch transition,2024-11-01,2025-04-30,129,64,1.0,10.966658229595701,27.92583957113343,12.922969023064786,6.311794360042167,0.36179748062015504,0.046875,1.834555703388981,0.07789114985816359,0.010641848342470494,0.050970566576044735,0.3547033018887455,0.046875,0.008752507954692743,0.08720105145124038,1.0,0.08720105145124038
taxi_avg_trip_duration,Taxi average trip duration,Taxi,All temporal buckets,Manhattan,Second half of 2025,2025-07-01,2025-12-31,184,67,0.9841823491239455,9.110848992364458,34.20007038604954,23.74670577705201,7.435500785449102,0.28072199785708396,0.14925373134328357,,0.0593198441869799,0.03415957822825152,0.06469209479526523,0.2665094672296703,0.14925373134328357,0.0,0.08824407557229082,0.9841823491239455,0.08684826159300815
fhvhv_avg_trip_duration,FHVHV average trip duration,FHVHV,weekday_evening,Staten Island,Second half of 2025,2025-07-01,2025-12-31,132,20,0.9537878787878787,8.50904502490701,36.96385790317367,26.70749879998131,11.900383399156418,0.25734710087370927,0.1,,0.0532975196885537,0.04059276596586956,0.1192125739829726,0.24108227605587115,0.1,0.0,0.09081255163415333,0.9537878787878787,0.08661591099045382
bus_trip_count,Bus trips,Bus,weekend_overnight,Staten Island,Early 2026,2026-01-01,2026-03-31,26,19,1.0,7.717349436512973,38.619193426782175,12.884834394448283,13.437133411538873,0.2591093117408907,0.10526315789473684,,0.045374926958856435,0.010558989722062241,0.13797775871808443,0.24299920739637024,0.10526315789473684,0.0,0.08628648146483295,1.0,0.08628648146483295
taxi_avg_trip_duration,Taxi average trip duration,Taxi,weekday_am_peak,Staten Island,CP launch transition,2024-11-01,2025-04-30,111,15,0.1975975975975976,41.851368970013034,90.77684670172691,42.753785473434306,37.241751227886944,0.817629179331307,1.0,20.664000451582787,0.3869581553560517,0.07545801114259283,0.4286548677294457,0.8505565993150305,1.0,0.26654331075044974,0.4362249283750472,0.1975975975975976,0.08619699785909342
fhvhv_trip_count,FHVHV trips,FHVHV,weekday_midday,Manhattan,First six months post-CP,2025-01-05,2025-06-30,126,67,0.9851930822080076,9.397159418041667,30.483248461749984,24.65720037624652,9.363609064148093,0.28423710472526154,0.07462686567164178,,0.062184986964279064,0.036137893715130945,0.08823613757877066,0.27033319720790533,0.07462686567164178,0.0,0.08713136448574266,0.9851930822080076,0.08584121753469814
taxi_avg_trip_duration,Taxi average trip duration,Taxi,weekday_overnight,Manhattan,Second half of 2025,2025-07-01,2025-12-31,132,66,0.9439853076216712,7.9470552681012645,35.81616563484945,33.84209588714836,9.452970678142378,0.2456225680933852,0.15151515151515152,,0.04767362077247497,0.05609476226840019,0.08932732819618983,0.2283283402143223,0.15151515151515152,0.0,0.0908246465444965,0.9439853076216712,0.08573713190793608
taxi_avg_trip_speed,Taxi average speed,Taxi,weekday_midday,Manhattan,First six months post-CP,2025-01-05,2025-06-30,126,66,0.9728234728234728,8.487499108453768,34.55736030718336,25.642370250215755,10.127363695926887,0.26749072929542644,0.10606060606060606,,0.05308190711782638,0.038278463050308326,0.09756231076383359,0.2521165056081311,0.10606060606060606,0.0,0.08812199578618933,0.9728234728234728,0.08572714597285615
taxi_avg_trip_duration,Taxi average trip duration,Taxi,weekend_overnight,Manhattan,Second half of 2025,2025-07-01,2025-12-31,52,66,0.9624125874125874,8.43994325443494,41.38486707622377,31.09035548806456,7.706588051679445,0.2506811989100817,0.16666666666666666,,0.052606009981569266,0.050115802423723196,0.0680023291138987,0.23383111410655802,0.16666666666666666,0.0,0.08839195220767476,0.9624125874125874,0.08506952743063803
bus_trip_count,Bus trips,Bus,weekend_evening,Staten Island,Second half of 2025,2025-07-01,2025-12-31,52,19,1.0,10.613172482637042,27.71110273935742,11.657334766296822,12.157648630594522,0.3026315789473684,0.0,,0.07435377558203914,0.00789188820750181,0.12235402806135777,0.29034268913934336,0.0,0.0,0.08486593615145632,1.0,0.08486593615145632
taxi_avg_trip_speed,Taxi average speed,Taxi,weekday_evening,Manhattan,First six months post-CP,2025-01-05,2025-06-30,126,66,0.9651274651274652,9.430690657615736,32.504639873840446,21.66952676120598,8.678778449340141,0.27024669823075004,0.13636363636363635,,0.06252053810130907,0.029646300038897556,0.07987370198704531,0.25511444604985223,0.13636363636363635,0.0,0.08779395357123673,0.9651274651274652,0.08473235586372607
bus_trip_count,Bus trips,Bus,weekday_am_peak,Staten Island,Early 2026,2026-01-01,2026-03-31,64,20,1.0,7.046562097328931,29.95330220146764,9.20984238159588,9.986577396979513,0.35546875,0.05,,0.03866227758389562,0.002573996049814293,0.09584317564970765,0.3478189146129165,0.05,0.0,0.08471742685111171,1.0,0.08471742685111171
fhvhv_avg_trip_duration,FHVHV average trip duration,FHVHV,weekday_pm_peak,Staten Island,CP launch transition,2024-11-01,2025-04-30,129,20,0.9585271317829457,7.949491628481391,34.339836534569315,22.890726161578137,9.540451886283225,0.2325111200970481,0.1,8.789445134898278,0.04769800172307957,0.03229971246820949,0.09039555726297784,0.21406571929217197,0.1,0.10397074481090647,0.0882005722891803,0.9585271317829457,0.08454264157796235
taxi_avg_trip_speed,Taxi average speed,Taxi,weekend_overnight,Manhattan,CP launch transition,2024-11-01,2025-04-30,52,66,0.9414335664335665,8.746087202418579,36.32492923359028,25.863163407895733,9.158684213791764,0.26245744351593936,0.10606060606060606,4.275169534938611,0.055669629195939346,0.03875820068260371,0.08573380952100805,0.24664130202377263,0.10606060606060606,0.04216654683706391,0.0897891485073733,0.9414335664335665,0.08453051830632959
fhvhv_avg_trip_duration,FHVHV average trip duration,FHVHV,weekday_am_peak,Staten Island,Early 2026,2026-01-01,2026-03-31,64,20,0.9546875,8.729973374632223,48.07525880579572,23.730146175709898,9.916058372153039,0.2765957446808511,0.1,,0.05550837618816808,0.034123597657009654,0.09498207103441815,0.2620209328665801,0.1,0.0,0.0879321287887567,0.9546875,0.08394770420301616
fhvhv_avg_trip_speed,FHVHV average speed,FHVHV,weekday_am_peak,Queens,Early 2026,2026-01-01,2026-03-31,64,69,0.9848278985507246,11.085836067905861,29.599918997558458,12.225855140623324,5.141439160802642,0.33019084847091285,0.11594202898550725,,0.07908377678343473,0.009127164794679383,0.03667941229430164,0.3203216368662073,0.11594202898550725,0.0,0.08507687744269896,0.9848278985507246,0.08378608242715076
taxi_avg_trip_duration,Taxi average trip duration,Taxi,weekday_evening,Manhattan,Early 2026,2026-01-01,2026-03-31,64,66,0.967092803030303,7.793019244211105,38.26441766577938,28.59583825791816,8.375839637625013,0.22545899632802938,0.19696969696969696,,0.046132163802303935,0.04469573505259108,0.07617452989043572,0.2063944256225712,0.19696969696969696,0.0,0.08629140604205109,0.967092803030303,0.08345179774663321
taxi_avg_trip_duration,Taxi average trip duration,Taxi,weekday_am_peak,Manhattan,First six months post-CP,2025-01-05,2025-06-30,126,66,0.961038961038961,8.41595625966773,39.015526039506014,27.882964557280566,8.593782117628574,0.254004004004004,0.13636363636363635,,0.0523659692473074,0.04314680869607227,0.07883581563368737,0.23744565839381324,0.13636363636363635,0.0,0.08628027154565265,0.961038961038961,0.08291870252439346
fhvhv_avg_trip_duration,FHVHV average trip duration,FHVHV,weekend_evening,Staten Island,First six months post-CP,2025-01-05,2025-06-30,51,20,0.9509803921568627,7.808194960656179,36.30835543556631,26.20373373535826,11.289153464609079,0.2536082474226804,0.1,,0.04628402901734142,0.03949818920509112,0.1117488729613411,0.23701515475314427,0.1,0.0,0.08703340090998093,0.9509803921568627,0.08276705772811913
bus_trip_count,Bus trips,Bus,weekday_evening,Citywide,First six months post-CP,2025-01-05,2025-06-30,126,249,1.0,11.609086834016399,30.613343776004704,11.551063316878821,7.3525346895903585,0.3166316057882323,0.05220883534136546,,0.08432000997226059,0.007660982440040097,0.06367899955986864,0.3055719053012009,0.05220883534136546,0.0,0.08257171684575254,1.0,0.08257171684575254
bus_trip_count,Bus trips,Bus,weekday_evening,Staten Island,Early 2026,2026-01-01,2026-03-31,64,20,1.0,8.083172679702562,30.18646880796641,11.427867970964785,7.6000788403783,0.3546875,0.05,,0.049035764039845206,0.007393304563698142,0.06670174996312422,0.34696907159035,0.05,0.0,0.08204118968007093,1.0,0.08204118968007093
bus_trip_count,Bus trips,Bus,weekend_overnight,Staten Island,Second half of 2025,2025-07-01,2025-12-31,52,19,0.9736842105263158,8.358279502126987,29.332409086061638,13.895733484428437,9.957129027796984,0.28586278586278585,0.10526315789473684,,0.05178879101534108,0.01275546329494152,0.09548358294861425,0.27210161163560825,0.10526315789473684,0.0,0.08398489815134137,0.9736842105263158,0.08177476925262187
taxi_avg_trip_duration,Taxi average trip duration,Taxi,weekend_midday,Staten Island,First six months post-CP,2025-01-05,2025-06-30,45,13,0.19658119658119658,45.94690638474587,89.48728076334099,43.890222682537626,33.225943711628474,0.8521739130434782,1.0,,0.42794268959096543,0.07792725295097266,0.37961802419858887,0.8881343284820127,1.0,0.0,0.4142141052679559,0.19658119658119658,0.08142670445438449
bus_trip_count,Bus trips,Bus,weekday_evening,Staten Island,Second half of 2025,2025-07-01,2025-12-31,132,20,1.0,10.817143415015137,25.35458103735529,11.879455073715391,5.955441950511222,0.3390151515151515,0.05,,0.07639493717194555,0.00837450946028609,0.04661916345792576,0.3299207055012897,0.05,0.0,0.08118455331623925,1.0,0.08118455331623925
taxi_avg_trip_speed,Taxi average speed,Taxi,weekday_am_peak,Staten Island,Second half of 2025,2025-07-01,2025-12-31,128,17,0.23713235294117646,27.387916633011656,112.30541871951337,51.52663591232887,25.148365751777362,0.7228682170542635,1.0,,0.24222065269559964,0.09451959141192774,0.280983085914853,0.7474757127834106,1.0,0.0,0.34039200249258406,0.23713235294117646,0.08071795647342526
taxi_avg_trip_speed,Taxi average speed,Taxi,weekday_am_peak,Staten Island,First six months post-CP,2025-01-05,2025-06-30,122,15,0.2448087431693989,24.6796607264206,101.93246777649837,48.170526080670726,28.75879226253659,0.6830357142857143,0.9333333333333333,,0.21511881093942342,0.08722746242894273,0.32506984036485453,0.7041459533604212,0.9333333333333333,0.0,0.32879982220548776,0.2448087431693989,0.08049307122844727
bus_trip_count,Bus trips,Bus,weekday_evening,Citywide,CP launch transition,2024-11-01,2025-04-30,129,249,1.0,11.447639979629578,29.564391941778297,11.668931952263211,7.709940235991212,0.30705768811680834,0.0321285140562249,1.6728078819976266,0.08270439193226098,0.0079170864817385,0.0680432624845638,0.2951574065726437,0.0321285140562249,0.006538045378416206,0.08026906943316027,1.0,0.08026906943316027
bus_trip_count,Bus trips,Bus,weekday_midday,Manhattan,First six months post-CP,2025-01-05,2025-06-30,126,64,1.0,10.991647494129195,27.60110303478629,15.745862205762645,3.354286442906178,0.34933035714285715,0.0625,,0.07814122042621506,0.01677540839442252,0.014856571473762199,0.34114157657846583,0.0625,0.0,0.08021464696537096,1.0,0.08021464696537096
bus_trip_count,Bus trips,Bus,weekday_am_peak,Bronx,Second half of 2025,2025-07-01,2025-12-31,132,42,1.0,11.376723300820748,24.17043320520179,11.340965547659115,5.729028637348591,0.33170995670995673,0.047619047619047616,,0.0819947202198231,0.007204483663469792,0.043854440754980295,0.32197412139417486,0.047619047619047616,0.0,0.08002897608185912,1.0,0.08002897608185912
bus_trip_count,Bus trips,Bus,weekday_evening,Staten Island,First six months post-CP,2025-01-05,2025-06-30,126,20,1.0,10.39211040691821,28.050954507298187,9.927289847365975,8.58544562551104,0.33174603174603173,0.0,,0.07214158087036401,0.004132860247153873,0.07873401910636163,0.32201336378482726,0.0,0.0,0.07951033962485768,1.0,0.07951033962485768
bus_trip_count,Bus trips,Bus,weekday_midday,Manhattan,CP launch transition,2024-11-01,2025-04-30,129,64,1.0,11.184633174868301,25.08924076701296,13.449430341837724,3.9810258829873284,0.329578488372093,0.0625,2.5128833647437157,0.08007245128511223,0.011785739345330764,0.02250965836436856,0.3196555121208888,0.0625,0.018039379379617755,0.07946512152232395,1.0,0.07946512152232395
bus_trip_count,Bus trips,Bus,weekday_pm_peak,Staten Island,Early 2026,2026-01-01,2026-03-31,64,20,1.0,6.3789492600861255,31.43039671279842,7.637923965415687,9.310914440844837,0.3421875,0.05,,0.03198139583069339,0.0,0.0875926859224406,0.3333715832292868,0.05,0.0,0.07892055383501981,1.0,0.07892055383501981
bus_trip_count,Bus trips,Bus,weekday_overnight,Bronx,Second half of 2025,2025-07-01,2025-12-31,132,42,1.0,11.807278169064187,23.443983402489618,12.569954637438943,6.382776283030536,0.30537518037518036,0.047619047619047616,,0.08630333443832683,0.009874821468513569,0.051837323619804386,0.2933271762179089,0.047619047619047616,0.0,0.07885781817334572,1.0,0.07885781817334572
bus_trip_count,Bus trips,Bus,weekday_overnight,Citywide,First six months post-CP,2025-01-05,2025-06-30,126,248,0.9979198668714798,11.530566839393101,27.141548205262843,13.528624555481247,6.192772150218964,0.28586088573902446,0.0846774193548387,,0.08353425096632713,0.011957811908375974,0.049517191767574076,0.2720995446827498,0.0846774193548387,0.0,0.07888241516177058,0.9979198668714798,0.0787183292367349
bus_trip_count,Bus trips,Bus,weekday_pm_peak,Queens,CP launch transition,2024-11-01,2025-04-30,129,66,1.0,9.183721699673859,23.556535561644505,8.663530786947522,5.891102673503737,0.32558139534883723,0.07575757575757576,2.7483534450961553,0.060049090111280116,0.0013869745240295437,0.04583351946310501,0.31530747805194415,0.07575757575757576,0.02126316116714283,0.07852146094614788,1.0,0.07852146094614788
bus_trip_count,Bus trips,Bus,weekday_overnight,Citywide,CP launch transition,2024-11-01,2025-04-30,129,248,0.9993123280820205,11.415899339536232,26.88022284122563,12.846829952309553,7.0771042074190005,0.28007507037847984,0.06854838709677419,1.6217194484462176,0.08238675953904581,0.010476413969806515,0.06031573042827213,0.26580574012080854,0.06854838709677419,0.005838602114160697,0.07846916142512998,0.9993123280820205,0.07841520038639052
bus_trip_count,Bus trips,Bus,weekday_evening,Staten Island,CP launch transition,2024-11-01,2025-04-30,129,20,1.0,10.14871936105756,27.545750514620547,9.821323532072554,9.277361744391827,0.30387596899224806,0.0,2.770951573285579,0.06970593747576011,0.0039026174727124,0.08718297546711044,0.29169633547149326,0.0,0.021572548389418293,0.07826514211641802,1.0,0.07826514211641802
taxi_avg_trip_speed,Taxi average speed,Taxi,weekend_overnight,Manhattan,First six months post-CP,2025-01-05,2025-06-30,51,66,0.9539512774806892,9.041184308962796,31.249410261870853,24.9868574355553,8.221519589428848,0.252569293055123,0.10606060606060606,,0.05862270134277856,0.036854169974613035,0.07429013477776353,0.23588498115950124,0.10606060606060606,0.0,0.08178491749774747,0.9539512774806892,0.07801882652562897
bus_trip_count,Bus trips,Bus,weekday_pm_peak,Citywide,CP launch transition,2024-11-01,2025-04-30,129,252,1.0,10.416500827359293,24.602782048023908,11.306006317640085,5.697715937874233,0.3148763381321521,0.051587301587301584,2.894595569448251,0.07238565873374174,0.007128524524099595,0.043472082801209774,0.3036625267792728,0.051587301587301584,0.023265337818841495,0.07798832239552042,1.0,0.07798832239552042
bus_trip_count,Bus trips,Bus,weekday_overnight,Bronx,First six months post-CP,2025-01-05,2025-06-30,126,42,1.0,11.833170405399363,25.6845263246852,13.139933559904485,6.723319398834624,0.2743764172335601,0.07142857142857142,,0.08656244115352375,0.011113267177588594,0.05599568016891363,0.25960675053586596,0.07142857142857142,0.0,0.07737381078212166,1.0,0.07737381078212166
subway_ridership,Subway ridership,Subway,weekday_overnight,Bronx,First six months post-CP,2025-01-05,2025-06-30,126,27,0.9997060552616108,10.07930518192109,27.347005772334747,19.449842976489137,4.821685064841808,0.27874154660394,0.1111111111111111,,0.06901130145779255,0.02482338861123476,0.03277490952406159,0.26435513420052803,0.1111111111111111,0.0,0.07732747059036983,0.9997060552616108,0.07730474058725685
taxi_avg_trip_duration,Taxi average trip duration,Taxi,weekday_evening,Manhattan,First six months post-CP,2025-01-05,2025-06-30,126,66,0.9651274651274652,8.959435014786646,33.16950504103657,22.434767749892785,7.838471551193686,0.2474458011462746,0.12121212121212122,,0.057804626348813205,0.0313090096260311,0.06961275254774076,0.23031165143161583,0.12121212121212122,0.0,0.07997868802177305,0.9651274651274652,0.07718962843467418
fhvhv_avg_trip_duration,FHVHV average trip duration,FHVHV,weekday_pm_peak,Manhattan,CP launch transition,2024-11-01,2025-04-30,129,67,0.9851903274326044,9.314544646817994,24.900472143443366,13.365199709420038,7.022877857506996,0.25108631826189076,0.014925373134328358,11.746091889974332,0.06135825103767124,0.011602723691279687,0.059653574927761015,0.23427180256024321,0.014925373134328358,0.1444497047997632,0.078181324293352,0.9851903274326044,0.07702348447968209
bus_trip_count,Bus trips,Bus,weekday_evening,Bronx,First six months post-CP,2025-01-05,2025-06-30,126,42,1.0,12.199445206645498,26.740561136127468,9.22660160821738,7.574664550569903,0.29554043839758126,0.023809523809523808,,0.09022779703015604,0.0026104103652893817,0.06639141722238984,0.2826289530519518,0.023809523809523808,0.0,0.07675174078057669,1.0,0.07675174078057669
bus_trip_count,Bus trips,Bus,weekday_evening,Brooklyn,CP launch transition,2024-11-01,2025-04-30,129,58,1.0,11.574356907958881,28.994407281500166,11.000894279017938,7.42237308583562,0.285084202085004,0.034482758620689655,2.0367442508865885,0.08397246343578897,0.0064655794920548786,0.06453179305040814,0.27125466892708816,0.034482758620689655,0.011520637799866009,0.07660578615137194,1.0,0.07660578615137194
bus_trip_count,Bus trips,Bus,weekday_overnight,Bronx,CP launch transition,2024-11-01,2025-04-30,129,42,1.0,11.558624216852074,24.33978873239437,12.771750156571791,7.485593761552135,0.2703949796973053,0.047619047619047616,2.032912845847365,0.08381502450849343,0.010313281181549274,0.06530377785557485,0.25527574649110396,0.047619047619047616,0.011468182669398507,0.07660216577071118,1.0,0.07660216577071118
fhvhv_avg_trip_duration,FHVHV average trip duration,FHVHV,weekend_midday,Staten Island,Early 2026,2026-01-01,2026-03-31,26,20,0.9653846153846154,9.063992289561295,26.437195742706447,16.304055709858446,8.46841737350071,0.26294820717131473,0.1,,0.0588509435408124,0.01798824683937886,0.07730499242635108,0.2471751542711326,0.1,0.0,0.0788045220439473,0.9653846153846154,0.07607667320396451
taxi_avg_trip_speed,Taxi average speed,Taxi,All temporal buckets,Manhattan,First six months post-CP,2025-01-05,2025-06-30,177,67,0.97908761278354,8.25323091636704,32.70047865642003,18.01960024830539,8.750358490337765,0.2533804151235897,0.1044776119402985,,0.05073755721537135,0.02171576848733096,0.08074776262270125,0.2367673189903315,0.1044776119402985,0.0,0.07768886513202683,0.97908761278354,0.07606420550197854
bus_trip_count,Bus trips,Bus,weekday_evening,Queens,CP launch transition,2024-11-01,2025-04-30,129,66,1.0,10.914091460393925,27.858485728935218,8.953943195274249,7.457235039873378,0.2963354474982382,0.045454545454545456,1.0988677497730674,0.07736510789253072,0.0020179803152588203,0.0649574907907526,0.2834937632114016,0.045454545454545456,0.0,0.07603853384263615,1.0,0.07603853384263615
fhvhv_avg_trip_speed,FHVHV average speed,FHVHV,weekday_am_peak,Citywide,Early 2026,2026-01-01,2026-03-31,64,261,0.9846144636015326,10.480081287850748,30.197680308480717,14.195944022370476,5.506895154636943,0.3051620356295981,0.06896551724137931,,0.07302191602938009,0.013407758384951451,0.04114197886765256,0.29309531756212676,0.06896551724137931,0.0,0.07704556793410133,0.9846144636015326,0.07586018054431062
bus_trip_count,Bus trips,Bus,weekday_evening,Brooklyn,First six months post-CP,2025-01-05,2025-06-30,126,58,1.0,11.617539801819621,27.97808077975428,11.172037755454468,7.203179334326873,0.28790366721401206,0.034482758620689655,,0.08440459983513708,0.0068374386883777345,0.06185522808753105,0.274321680469177,0.034482758620689655,0.0,0.07555785318907357,1.0,0.07555785318907357
fhvhv_avg_trip_speed,FHVHV average speed,FHVHV,weekday_am_peak,Bronx,Early 2026,2026-01-01,2026-03-31,64,43,0.9771075581395349,10.980154490303336,32.366022189588385,9.466282482808275,5.181854738171532,0.32019338043882484,0.06976744186046512,,0.07802620855815876,0.003131187079979896,0.037172925077377954,0.30944640044969385,0.06976744186046512,0.0,0.07721632775060291,0.9771075581395349,0.07544865745689362
bus_trip_count,Bus trips,Bus,weekday_pm_peak,Citywide,First six months post-CP,2025-01-05,2025-06-30,126,252,1.0,10.124090204032937,24.97705852505209,11.78551298862912,5.171865793567743,0.3233497102544722,0.051587301587301584,,0.0694594705467506,0.008170392838440855,0.037050950527653816,0.3128798530842492,0.051587301587301584,0.0,0.07543539054585864,1.0,0.07543539054585864
fhvhv_avg_trip_duration,FHVHV average trip duration,FHVHV,weekend_evening,Staten Island,Second half of 2025,2025-07-01,2025-12-31,52,20,0.9557692307692308,7.651268372002457,28.09583286130205,26.242816583720995,10.474741632183235,0.21629778672032193,0.1,,0.044713645818811605,0.03958310810988831,0.10180412699563979,0.1964288703414462,0.1,0.0,0.0786636621415793,0.9557692307692308,0.07518430785454791
bus_trip_count,Bus trips,Bus,weekday_pm_peak,Staten Island,CP launch transition,2024-11-01,2025-04-30,129,20,1.0,9.430150280911835,25.280579591850504,8.341861192284007,7.801036423410542,0.2957364341085271,0.0,5.679427276043263,0.06251513048680625,0.0006880533647562958,0.0691556338994421,0.2828421570038242,0.0,0.06139200649626334,0.0750716904186387,1.0,0.0750716904186387
bus_trip_count,Bus trips,Bus,weekday_evening,Queens,First six months post-CP,2025-01-05,2025-06-30,126,66,1.0,10.572934410132058,29.05769525463555,9.236339018671305,6.742500688010274,0.294973544973545,0.06060606060606061,,0.07395110836327683,0.002631567733954881,0.056229902021484604,0.28201228691312813,0.06060606060606061,0.0,0.07505654310801628,1.0,0.07505654310801628
bus_trip_count,Bus trips,Bus,weekday_am_peak,Bronx,First six months post-CP,2025-01-05,2025-06-30,126,42,1.0,9.692358584187895,23.870964932525702,9.209034535652865,4.9042421694766,0.34089191232048377,0.047619047619047616,,0.06513908043379929,0.0025722407685182884,0.03378301058616347,0.33196224415785014,0.047619047619047616,0.0,0.0749837197817044,1.0,0.0749837197817044
taxi_avg_trip_duration,Taxi average trip duration,Taxi,weekend_overnight,Staten Island,Early 2026,2026-01-01,2026-03-31,22,13,0.15734265734265734,51.577426346632414,158.07086614173218,33.029964201471216,64.23826308959514,0.7777777777777778,0.9230769230769231,,0.48428797832112763,0.054330168944527704,0.7583080502293162,0.8072062818113369,0.9230769230769231,0.0,0.47549038252561354,0.15734265734265734,0.07481492032745668
taxi_avg_trip_duration,Taxi average trip duration,Taxi,All temporal buckets,Manhattan,First six months post-CP,2025-01-05,2025-06-30,177,67,0.97908761278354,9.047732181879855,28.1923960276646,19.42410545990341,6.652595097768975,0.26156231160106796,0.1044776119402985,,0.0586882266925824,0.02476746633810935,0.05513206893477344,0.24566757836024625,0.1044776119402985,0.0,0.0762538236580653,0.97908761278354,0.07465917417099217
taxi_avg_trip_duration,Taxi average trip duration,Taxi,weekend_overnight,Manhattan,Early 2026,2026-01-01,2026-03-31,26,66,0.9527972027972028,8.557600305373542,31.7799499100534,28.30038356591756,7.245995920689529,0.22201834862385322,0.13636363636363635,,0.05378341820517029,0.04405377342714808,0.06237805948258435,0.20265169225360688,0.13636363636363635,0.0,0.07827985636874263,0.9527972027972028,0.07458482818350477
bus_trip_count,Bus trips,Bus,weekday_am_peak,Citywide,CP launch transition,2024-11-01,2025-04-30,129,251,1.0,9.595515497911622,24.550480382158774,9.583530743351913,6.391131447651658,0.31350566725346674,0.043824701195219126,1.7240775364190855,0.06416996005154452,0.0033859431761152897,0.05193934815622496,0.302171512273691,0.043824701195219126,0.007239969707525099,0.07450054136691078,1.0,0.07450054136691078
bus_trip_count,Bus trips,Bus,weekday_am_peak,Citywide,First six months post-CP,2025-01-05,2025-06-30,126,251,1.0,9.321258575595714,25.28736069666891,10.31528406365586,4.501379643631033,0.3438310251059255,0.04780876494023904,,0.061425438128393774,0.0049758910214000645,0.028863674546187955,0.3351594083092018,0.04780876494023904,0.0,0.07435658303067054,1.0,0.07435658303067054
bus_trip_count,Bus trips,Bus,weekday_am_peak,Bronx,CP launch transition,2024-11-01,2025-04-30,129,42,1.0,9.88730333604769,23.31042056244205,9.406364853674742,6.84342684347488,0.3128460686600221,0.023809523809523808,1.9829128839644072,0.06708991595242335,0.0030009985277832853,0.05746230673053796,0.3014540015379041,0.023809523809523808,0.010783641490094673,0.07433811092918556,1.0,0.07433811092918556
fhvhv_avg_trip_speed,FHVHV average speed,FHVHV,weekday_am_peak,Staten Island,Early 2026,2026-01-01,2026-03-31,64,20,0.9546875,10.82880004258615,30.748657134247136,10.903797751596182,6.3002692477531195,0.3150572831423895,0.05,,0.07651158644244892,0.006254608922772416,0.05082983395235561,0.30385935859292845,0.05,0.0,0.07761084009859329,0.9546875,0.07409409890662579
bus_trip_count,Bus trips,Bus,weekday_pm_peak,Bronx,First six months post-CP,2025-01-05,2025-06-30,126,42,1.0,10.9468170440598,22.069245108287394,8.55822803380826,5.74501657318145,0.3078231292517007,0.047619047619047616,,0.07769259673423604,0.0011581735322051681,0.04404966871464798,0.29599005272646595,0.047619047619047616,0.0,0.07379840914370274,1.0,0.07379840914370274
bus_trip_count,Bus trips,Bus,weekday_am_peak,Queens,CP launch transition,2024-11-01,2025-04-30,129,66,1.0,8.431448881314154,23.792867511174485,7.520410453352092,6.406597994566708,0.3173596429410383,0.06060606060606061,1.4890575656457692,0.05252100577071268,0.0,0.0521282094594536,0.306363863438137,0.06060606060606061,0.004022350295540038,0.07334726365191387,1.0,0.07334726365191387
fhvhv_avg_trip_speed,FHVHV average speed,FHVHV,weekday_pm_peak,Manhattan,CP launch transition,2024-11-01,2025-04-30,129,67,0.9851903274326044,8.372836761940745,26.22489430834574,13.30462659718998,7.174703143991024,0.2216089254257193,0.014925373134328358,13.242086346171138,0.05193446726067515,0.011471110910578713,0.06150750661826228,0.20220632207989686,0.014925373134328358,0.1649311165991191,0.07387276978876144,0.9851903274326044,0.07277873825654328
bus_trip_count,Bus trips,Bus,weekday_overnight,Brooklyn,Early 2026,2026-01-01,2026-03-31,64,59,1.0,11.160247648146655,24.070770862459625,11.139203818675893,6.190192501023942,0.28125,0.05084745762711865,,0.079828422393772,0.0067660973694047945,0.04948569178819791,0.26708382746910364,0.05084745762711865,0.0,0.0727016670618226,1.0,0.0727016670618226
fhvhv_avg_trip_duration,FHVHV average trip duration,FHVHV,weekend_evening,Staten Island,CP launch transition,2024-11-01,2025-04-30,52,20,0.9423076923076923,7.347217063144956,31.57360489703177,22.418899198572774,11.116932666154876,0.20714285714285716,0.1,1.9765430531014252,0.04167096789522256,0.03127453056282909,0.10964589259876978,0.18647014647137175,0.1,0.010696433192993994,0.07712217002951091,0.9423076923076923,0.0726728140662699
taxi_avg_trip_duration,Taxi average trip duration,Taxi,weekend_overnight,Staten Island,Second half of 2025,2025-07-01,2025-12-31,45,14,0.16507936507936508,41.6376087403896,94.8709538672813,40.7470724897687,51.43586648212849,0.7980769230769231,1.0,,0.3848190310942273,0.07109784099241317,0.6019785656316018,0.8292876731669098,1.0,0.0,0.4395271305683056,0.16507936507936508,0.07255685964937109
bus_trip_count,Bus trips,Bus,weekday_am_peak,Brooklyn,Second half of 2025,2025-07-01,2025-12-31,132,59,1.0,11.361777474181864,21.77072306346941,9.462978284268658,5.283360648667298,0.3177966101694915,0.01694915254237288,,0.08184515553965513,0.0031240077434429954,0.03841240914883454,0.3068391959823817,0.01694915254237288,0.0,0.07255330952515322,1.0,0.07255330952515322
taxi_avg_trip_duration,Taxi average trip duration,Taxi,weekend_midday,Staten Island,Early 2026,2026-01-01,2026-03-31,23,12,0.16666666666666666,52.74683311466231,102.96662255558542,21.36712750583571,38.14250075786485,0.8913043478260869,1.0,,0.495990372137981,0.028989249320915202,0.4396538794059746,0.9307003790036019,1.0,0.0,0.43398121948956014,0.16666666666666666,0.07233020324826002
fhvhv_avg_trip_speed,FHVHV average speed,FHVHV,weekday_am_peak,Brooklyn,Early 2026,2026-01-01,2026-03-31,64,61,0.9994877049180327,10.633628714217368,28.73225093842277,12.612305994785656,4.760969950667102,0.3029215786776012,0.04918032786885246,,0.07455848354551793,0.009966842163862543,0.032033520017296306,0.2906581505758675,0.04918032786885246,0.0,0.07232686662679386,0.9994877049180327,0.07228981392872685
fhvhv_avg_trip_speed,FHVHV average speed,FHVHV,weekend_evening,Manhattan,Second half of 2025,2025-07-01,2025-12-31,52,67,0.9862227324913893,8.209202970138733,20.794758467490183,14.597587620112046,14.884045161124867,0.18277066356228172,0.04477611940298507,,0.05029696427560335,0.014280446427605476,0.1556459324988618,0.15995809698773542,0.04477611940298507,0.0,0.07323001745025322,0.9862227324913893,0.07222110791018084
bus_trip_count,Bus trips,Bus,weekday_pm_peak,Queens,First six months post-CP,2025-01-05,2025-06-30,126,66,1.0,7.969178584141217,23.880793133186994,8.153059015018634,4.623341609058363,0.3351370851370851,0.07575757575757576,,0.04789501145013488,0.0002778254824920013,0.03035294657707152,0.32570214850615464,0.07575757575757576,0.0,0.07215012782774505,1.0,0.07215012782774505
bus_trip_count,Bus trips,Bus,weekday_pm_peak,Staten Island,First six months post-CP,2025-01-05,2025-06-30,126,20,1.0,10.24314760485274,25.05103229248329,9.027677647743577,7.024094773586971,0.3142857142857143,0.0,,0.07065089223960733,0.002178189952268961,0.059668434634846654,0.3030200467090564,0.0,0.0,0.0720614198693165,1.0,0.0720614198693165
bus_trip_count,Bus trips,Bus,weekday_pm_peak,Bronx,CP launch transition,2024-11-01,2025-04-30,129,42,1.0,10.906094287474946,21.389852499098314,7.735679002626725,5.526024946055471,0.3038021410114433,0.023809523809523808,2.664757022169915,0.0772850792237408,0.0,0.041375571883445865,0.2916160254627162,0.023809523809523808,0.020118656415929904,0.07186735206339014,1.0,0.07186735206339014
fhvhv_avg_trip_duration,FHVHV average trip duration,FHVHV,weekday_am_peak,Staten Island,Second half of 2025,2025-07-01,2025-12-31,132,20,0.953030303030303,7.86721059295756,32.983522317237785,23.408623487991584,8.578405040398312,0.23092209856915738,0.1,,0.04687460552965703,0.03342499569598874,0.07864804684072371,0.21233718315369413,0.1,0.0,0.07531135687112744,0.953030303030303,0.07177400526051388
avg_bus_speed,Average bus speed,Bus,weekend_evening,Manhattan,Early 2026,2026-01-01,2026-03-31,26,63,1.0,6.48657457711969,28.89479028434541,22.890507157139805,9.759323245578859,0.17399267399267399,0.15873015873015872,,0.03305841528963863,0.0322992366170925,0.09306818550915574,0.15040940810723338,0.15873015873015872,0.0,0.07173455640313288,1.0,0.07173455640313288
bus_trip_count,Bus trips,Bus,weekday_am_peak,Queens,First six months post-CP,2025-01-05,2025-06-30,126,66,1.0,7.083987014736619,24.557659333844075,7.593073005871716,4.281114821990345,0.3555796055796056,0.06060606060606061,,0.03903679322211601,0.0,0.02617403079448496,0.3479395032091922,0.06060606060606061,0.0,0.07129369634530508,1.0,0.07129369634530508
fhvhv_avg_trip_duration,FHVHV average trip duration,FHVHV,weekday_pm_peak,Staten Island,Second half of 2025,2025-07-01,2025-12-31,132,20,0.9628787878787879,7.4216621110108285,30.130180322005334,23.913220970538518,9.829325730059077,0.20653029110936272,0.1,,0.042415948420098964,0.034521381127869497,0.09392298267369363,0.1858037977105059,0.1,0.0,0.07376870115730177,0.9628787878787879,0.07103031755373528
fhvhv_avg_trip_duration,FHVHV average trip duration,FHVHV,weekday_evening,Staten Island,Early 2026,2026-01-01,2026-03-31,64,20,0.95234375,7.967099207321471,28.42880817967808,22.351510979870255,9.388572045592323,0.21493027071369974,0.1,,0.04787420287684495,0.031128109972514386,0.08854095941352953,0.19494128770275718,0.1,0.0,0.07430625310661707,0.95234375,0.07076509573200485
bus_trip_count,Bus trips,Bus,weekday_overnight,Staten Island,Early 2026,2026-01-01,2026-03-31,64,20,1.0,7.78237623272549,26.254803753311105,8.589377927433953,8.279389014884128,0.3125,0.0,,0.04602565790956672,0.001225855775492355,0.07499677570858063,0.3010775483717617,0.0,0.0,0.06967258292326681,1.0,0.06967258292326681
bus_trip_count,Bus trips,Bus,weekday_pm_peak,Bronx,Second half of 2025,2025-07-01,2025-12-31,132,42,1.0,10.51153754219453,22.113607441215834,10.705783965273769,6.257671083277764,0.27200577200577203,0.047619047619047616,,0.07333670254028271,0.00582436612897241,0.050309669697066316,0.2570279648644213,0.047619047619047616,0.0,0.06950146547128087,1.0,0.06950146547128087
fhvhv_avg_trip_duration,FHVHV average trip duration,FHVHV,weekend_midday,Bronx,Early 2026,2026-01-01,2026-03-31,26,43,0.9794275491949911,9.196420475243263,23.72711444009836,11.044058833918552,9.149359150136315,0.2100456621004566,0.11627906976744186,,0.06017616828182583,0.006559367096637801,0.08561994159144812,0.18962781500140335,0.11627906976744186,0.0,0.07087114297576894,0.9794275491949911,0.06941314987340517
fhvhv_avg_trip_speed,FHVHV average speed,FHVHV,weekend_evening,Manhattan,First six months post-CP,2025-01-05,2025-06-30,51,67,0.9853672812408546,7.1087952629348345,24.554959192397465,14.492555567180306,13.374132924645476,0.2079002079002079,0.029850746268656716,,0.03928505233798454,0.014052233611057828,0.1372084626286549,0.1872939919200373,0.029850746268656716,0.0,0.06989093481096362,0.9853672812408546,0.06886824041806103
fhvhv_avg_trip_duration,FHVHV average trip duration,FHVHV,weekday_pm_peak,Staten Island,First six months post-CP,2025-01-05,2025-06-30,126,20,0.9646825396825397,7.389349760674337,30.8343627294136,22.578989631292576,9.27615538394771,0.2044426162073221,0.1,,0.04209259485389479,0.031622373792905355,0.08716824465441574,0.1835328268959314,0.1,0.0,0.07128768538427815,0.9646825396825397,0.06876998538459532
taxi_avg_trip_speed,Taxi average speed,Taxi,weekend_midday,Staten Island,CP launch transition,2024-11-01,2025-04-30,41,13,0.1669793621013133,32.25194856762265,136.4482958410818,22.040126595807415,33.8231636527577,0.7865168539325843,1.0,34.626079461034244,0.2908956037842303,0.03045153643774669,0.38691064982571227,0.816712640715451,1.0,0.4576958170870764,0.4114506126474505,0.1669793621013133,0.06870376083606583
avg_bus_speed,Average bus speed,Bus,weekend_evening,Manhattan,Second half of 2025,2025-07-01,2025-12-31,52,63,1.0,6.813628391485542,25.76720285788323,20.75307106201125,10.880490191911129,0.1800976800976801,0.09523809523809523,,0.036331282045370804,0.02765503232093439,0.10675870426451868,0.15705042806379663,0.09523809523809523,0.0,0.0686131290755905,1.0,0.0686131290755905
bus_trip_count,Bus trips,Bus,weekday_pm_peak,Brooklyn,CP launch transition,2024-11-01,2025-04-30,129,60,1.0,10.579055610539259,24.181406619157762,9.226162944210307,4.6654979358706115,0.27286821705426356,0.05,3.580706000944712,0.07401236395008827,0.002609457239593199,0.030867715572686614,0.2579661317851349,0.05,0.03265876185801728,0.06858917616802523,1.0,0.06858917616802523
avg_bus_speed,Average bus speed,Bus,weekend_midday,Manhattan,Early 2026,2026-01-01,2026-03-31,26,63,1.0,5.860912034289932,27.63451204357823,21.993270805606798,7.115685698173662,0.17277167277167277,0.20634920634920634,,0.026797335165241312,0.030349728546205258,0.06078684726284747,0.14908120411592074,0.20634920634920634,0.0,0.06810136987447782,1.0,0.06810136987447782
bus_trip_count,Bus trips,Bus,weekday_overnight,Queens,CP launch transition,2024-11-01,2025-04-30,129,64,1.0,11.220620388084175,25.220558265511393,9.636970997131902,6.0290018478499166,0.25084786821705424,0.0625,1.1601086852077356,0.08043257964500938,0.0035020577382107137,0.04751740002960891,0.23401241682349444,0.0625,0.0,0.06781737289300051,1.0,0.06781737289300051
taxi_avg_trip_duration,Taxi average trip duration,Taxi,weekend_evening,Staten Island,Early 2026,2026-01-01,2026-03-31,21,13,0.18315018315018314,36.96743034722129,92.9600002078092,8.229172048585681,38.20767757856258,0.82,0.8461538461538461,,0.3380839956506684,0.0004432032817587659,0.44044975060882824,0.8531355758309281,0.8461538461538461,0.0,0.3684032710623629,0.18315018315018314,0.06747312656819833
fhvhv_avg_trip_duration,FHVHV average trip duration,FHVHV,weekday_am_peak,Staten Island,CP launch transition,2024-11-01,2025-04-30,129,20,0.9511627906976744,7.269662237736432,29.94082778922199,21.97667511856299,8.570370167575138,0.20008149959250204,0.1,3.0991235170515052,0.04089486745340892,0.03031366956823525,0.07854993337292797,0.17878880830303098,0.1,0.026065496002574927,0.07089224840303834,0.9511627906976744,0.0674300688298667
avg_bus_speed,Average bus speed,Bus,weekend_evening,Manhattan,CP launch transition,2024-11-01,2025-04-30,52,63,1.0,6.222661040060512,21.13511981368254,18.391156944396847,10.544201499421568,0.14621489621489622,0.1111111111111111,5.5265922296818415,0.03041740086360766,0.022523083947281808,0.10265229828563568,0.1201927673048707,0.1111111111111111,0.059299567243607375,0.06731469374787158,1.0,0.06731469374787158
taxi_avg_trip_duration,Taxi average trip duration,Taxi,weekend_evening,Staten Island,First six months post-CP,2025-01-05,2025-06-30,48,18,0.17592592592592593,30.449176556911763,84.98779677842711,46.23977725614881,42.85906672951317,0.7302631578947368,0.9444444444444444,,0.2728550480015054,0.08303234660485649,0.49724765266783927,0.7555199225441375,0.9444444444444444,0.0,0.3825510596111481,0.17592592592592593,0.06730064937603532
taxi_avg_trip_duration,Taxi average trip duration,Taxi,weekday_midday,Staten Island,Early 2026,2026-01-01,2026-03-31,60,18,0.15555555555555556,46.52811984640941,167.7646348465474,36.479181537701805,42.834024435708514,0.8630952380952381,0.9444444444444444,,0.43375896242774914,0.061824601179397254,0.4969418623534428,0.9000145357043081,0.9444444444444444,0.0,0.4310429400511784,0.15555555555555556,0.06705112400796108
fhvhv_avg_trip_duration,FHVHV average trip duration,FHVHV,weekend_midday,Staten Island,Second half of 2025,2025-07-01,2025-12-31,52,20,0.9673076923076923,6.714549541917581,28.74781086541627,22.382926277067547,8.637194743518643,0.17992047713717693,0.15,,0.03533978811164029,0.03119636888258953,0.07936592524038942,0.1568576668483576,0.15,0.0,0.06926888491830696,0.9673076923076923,0.06700432521905463
fhvhv_avg_trip_speed,FHVHV average speed,FHVHV,weekday_am_peak,Manhattan,Early 2026,2026-01-01,2026-03-31,64,67,0.9846082089552238,9.240025396094607,29.866257212927042,13.014698902188105,6.608629334022156,0.26646139270487923,0.04477611940298507,,0.060612527955897846,0.010841158300640242,0.05459520498677823,0.2509967942233645,0.04477611940298507,0.0,0.06787896723749846,0.9846082089552238,0.06683418835744367
bus_trip_count,Bus trips,Bus,weekday_overnight,Queens,First six months post-CP,2025-01-05,2025-06-30,126,64,1.0,11.23234142968606,27.086825343613814,10.463918645786901,5.346587043330702,0.25186011904761907,0.0625,,0.08054987351444719,0.005298843069633877,0.03918446378780245,0.235113542334461,0.0625,0.0,0.06678860957802754,1.0,0.06678860957802754
bus_trip_count,Bus trips,Bus,weekday_evening,Bronx,CP launch transition,2024-11-01,2025-04-30,129,42,1.0,11.486285032796658,26.069656629169323,9.018541672697813,7.00403432377049,0.2633813215208564,0.0,1.5711297993793167,0.08309111761540056,0.002158339377716659,0.05942347739154583,0.2476462956572848,0.0,0.005145987625495917,0.06670404695696076,1.0,0.06670404695696076
taxi_avg_trip_duration,Taxi average trip duration,Taxi,weekend_midday,Staten Island,CP launch transition,2024-11-01,2025-04-30,41,13,0.1669793621013133,49.001369797918656,84.89131490269887,17.73992747483895,21.040343957703612,0.8876404494382022,0.9230769230769231,17.635889945104793,0.4585090713986719,0.02110809769005588,0.23082021801797978,0.9267147937487714,0.9230769230769231,0.22508595240247678,0.3969663889161,0.1669793621013133,0.06628519439687222
taxi_avg_trip_speed,Taxi average speed,Taxi,weekday_am_peak,Staten Island,CP launch transition,2024-11-01,2025-04-30,111,15,0.1975975975975976,24.844567368920526,111.57935134098392,32.639396775548555,30.044262202662388,0.6960486322188449,0.9333333333333333,8.064445346609705,0.2167690514941282,0.053481547120678354,0.3407666555290183,0.7183013933715584,0.9333333333333333,0.0940448930426225,0.33536055982812824,0.1975975975975976,0.06626644095102353
fhvhv_avg_trip_speed,FHVHV average speed,FHVHV,weekend_evening,Manhattan,Early 2026,2026-01-01,2026-03-31,26,66,0.997086247086247,7.426899527783924,22.816953090175808,14.769083015844643,13.500409430125915,0.18819403857393338,0.015151515151515152,,0.04246835987805983,0.014653070271400328,0.13875041931253426,0.16585763927562458,0.015151515151515152,0.0,0.06630082081246409,0.997086247086247,0.06610763660263756
bus_trip_count,Bus trips,Bus,weekday_overnight,Brooklyn,CP launch transition,2024-11-01,2025-04-30,129,59,1.0,11.21203888993048,22.862947813876254,10.366067089308343,6.501269295433868,0.23400341610826436,0.05084745762711865,1.5482919636274266,0.08034670356349641,0.0050862319791693715,0.05328423642257133,0.21568903750367388,0.05084745762711865,0.004833318606768631,0.0659191792409457,1.0,0.0659191792409457
fhvhv_avg_trip_speed,FHVHV average speed,FHVHV,weekend_midday,Manhattan,CP launch transition,2024-11-01,2025-04-30,52,67,0.9859357060849598,7.131417353835172,20.393119151687852,12.11790737159772,13.154049371703131,0.16914119359534208,0.014925373134328358,5.991792092503201,0.0395114343155084,0.008892616733190209,0.13452103234080984,0.14513197224830163,0.014925373134328358,0.06566854135309076,0.06685883480054836,0.9859357060849598,0.06591851249709633
taxi_avg_trip_speed,Taxi average speed,Taxi,weekday_pm_peak,Staten Island,Early 2026,2026-01-01,2026-03-31,53,14,0.14555256064690028,54.35687218243624,100.0,0.7729600050823429,53.043438190012836,0.8425925925925926,0.9285714285714286,,0.5121022262393148,0.0,0.6216085508798995,0.8777117770168499,0.9285714285714286,0.0,0.4512560648335132,0.14555256064690028,0.06568147574396149
fhvhv_avg_trip_duration,FHVHV average trip duration,FHVHV,weekday_pm_peak,Staten Island,Early 2026,2026-01-01,2026-03-31,64,20,0.96015625,8.097482439966184,27.646917934058695,20.879406478309672,7.794068443928506,0.2050447518307567,0.1,,0.0491789635274895,0.027929532917451524,0.0690705482178691,0.1841878294664461,0.1,0.0,0.06826045999840152,0.96015625,0.06554070729534021
fhvhv_avg_trip_duration,FHVHV average trip duration,FHVHV,weekday_pm_peak,Queens,Early 2026,2026-01-01,2026-03-31,64,69,0.990036231884058,8.374633367928773,26.384073280828222,18.02873031744398,6.234342068614698,0.20082342177493137,0.13043478260869565,,0.05195244611232918,0.021735606229574714,0.050024800156598985,0.17959587056226278,0.13043478260869565,0.0,0.06581220965638829,0.990036231884058,0.06515647206017428
fhvhv_avg_trip_duration,FHVHV average trip duration,FHVHV,weekday_pm_peak,Queens,CP launch transition,2024-11-01,2025-04-30,129,69,0.9876418379957308,7.35099045961172,25.44587182021698,17.004877433162374,6.902423450632567,0.16596519167330223,0.08695652173913043,9.20015284521979,0.04170872872634515,0.019510986754563683,0.05818271162602417,0.14167712031472954,0.08695652173913043,0.1095936759049498,0.06576262257073223,0.9876418379957308,0.06494991742717751
bus_trip_count,Bus trips,Bus,weekday_am_peak,Brooklyn,CP launch transition,2024-11-01,2025-04-30,129,59,1.0,9.794517327314626,22.426066931493622,7.797214056390349,5.314603329307653,0.27052949678097493,0.05084745762711865,1.4419466397346348,0.06616139523185527,0.0,0.03879391210579724,0.25542207404946893,0.05084745762711865,0.003377362428213374,0.06472685458048405,1.0,0.06472685458048405
bus_trip_count,Bus trips,Bus,weekday_overnight,Brooklyn,First six months post-CP,2025-01-05,2025-06-30,126,59,1.0,11.415899339536232,22.000075284929263,10.237881526501413,5.687701245167007,0.23742265267688997,0.05084745762711865,,0.08238675953904581,0.00480771139890492,0.04334979384256183,0.21940847985932255,0.05084745762711865,0.0,0.064345256267658,1.0,0.064345256267658
fhvhv_avg_trip_speed,FHVHV average speed,FHVHV,weekend_midday,Manhattan,First six months post-CP,2025-01-05,2025-06-30,51,67,0.9856599356160375,7.731243011811261,20.51020179953576,12.53812317159033,13.777009004991704,0.18141330166270783,0.014925373134328358,,0.04551396163362456,0.009805658310473865,0.1421279641820235,0.1584815599772389,0.014925373134328358,0.0,0.06524457105076675,0.9856599356160375,0.06430895970119474
fhvhv_avg_trip_duration,FHVHV average trip duration,FHVHV,weekday_pm_peak,Citywide,CP launch transition,2024-11-01,2025-04-30,129,261,0.9859514687100894,7.604118879569084,24.0327639210575,17.63732525155589,6.657647495088311,0.1818291360404868,0.05363984674329502,9.134162572433521,0.04424181519168975,0.020885164388212345,0.05519376352939754,0.15893390422619727,0.05363984674329502,0.10869021403309002,0.06518149855283864,0.9859514687100894,0.06426579423089583
bus_trip_count,Bus trips,Bus,weekday_midday,Citywide,First six months post-CP,2025-01-05,2025-06-30,126,251,1.0,9.830486349395787,23.01290726563921,10.3955797455628,3.43481484712348,0.293524315436666,0.043824701195219126,,0.06652134155088502,0.00515035684600416,0.015839900167033977,0.2804358163723104,0.043824701195219126,0.0,0.0642076801304533,1.0,0.0642076801304533
taxi_avg_trip_speed,Taxi average speed,Taxi,weekend_midday,Staten Island,Early 2026,2026-01-01,2026-03-31,23,12,0.16666666666666666,26.372724525122596,92.8875714031131,20.757280576752716,40.60886111888723,0.8695652173913043,1.0,,0.23206150348330815,0.02766417872137724,0.4697704939659385,0.9070525731582745,1.0,0.0,0.38334033014393476,0.16666666666666666,0.06389005502398912
bus_trip_count,Bus trips,Bus,weekday_am_peak,Staten Island,CP launch transition,2024-11-01,2025-04-30,129,20,1.0,7.747438059411073,23.954622253677833,6.261637553763791,7.5159079752043025,0.2744186046511628,0.0,3.0073392258795684,0.0456760274178127,0.0,0.06567394334423535,0.2596526419694528,0.0,0.024808892506206676,0.0636987796984482,1.0,0.0636987796984482
taxi_avg_trip_duration,Taxi average trip duration,Taxi,weekend_evening,Staten Island,CP launch transition,2024-11-01,2025-04-30,42,17,0.14985994397759103,32.18141446109084,88.38781544320003,25.468455838583388,46.14561445991093,0.7757009345794392,0.9411764705882353,26.626734208453495,0.29018976051846423,0.03790058318783773,0.5373795380133706,0.804947093713964,0.9411764705882353,0.3481781089400516,0.4246665275132497,0.14985994397759103,0.06364050202229372
fhvhv_avg_trip_duration,FHVHV average trip duration,FHVHV,weekday_am_peak,Staten Island,First six months post-CP,2025-01-05,2025-06-30,126,20,0.9531746031746032,6.935661882383858,28.92271547441991,21.333753501786134,9.030098596195213,0.18942547876769358,0.1,,0.037552485828673154,0.028916734548033667,0.08416365637375875,0.16719719877178457,0.1,0.0,0.06665199189326249,0.9531746031746032,0.06353098592365734
bus_trip_count,Bus trips,Bus,weekday_overnight,Brooklyn,Second half of 2025,2025-07-01,2025-12-31,132,59,1.0,11.497613334497974,21.125765286429417,11.721305513330563,5.0233359203070345,0.23549049820236262,0.05084745762711865,,0.08320448128953788,0.008030883342317607,0.03523725897863024,0.2173066840209896,0.05084745762711865,0.0,0.06337681725507333,1.0,0.06337681725507333
fhvhv_avg_trip_duration,FHVHV average trip duration,FHVHV,weekday_pm_peak,Manhattan,Early 2026,2026-01-01,2026-03-31,64,67,0.9853078358208955,8.73790279718521,25.16158888821025,14.62026221331498,7.948732355004506,0.2246153846153846,0.04477611940298507,,0.055587726870917786,0.014329713604952535,0.07095914222457847,0.2054767455870557,0.04477611940298507,0.0,0.06419092599869425,0.9853078358208955,0.06324782237511269
bus_trip_count,Bus trips,Bus,weekday_midday,Queens,First six months post-CP,2025-01-05,2025-06-30,126,66,1.0,8.250603905073238,22.192896790999885,7.246285633595091,3.0761343429744574,0.30002405002405,0.07575757575757576,,0.050711268398201954,0.0,0.011460068791074071,0.28750622160446676,0.07575757575757576,0.0,0.06313595825428278,1.0,0.06313595825428278
fhvhv_avg_trip_duration,FHVHV average trip duration,FHVHV,weekday_pm_peak,Manhattan,Second half of 2025,2025-07-01,2025-12-31,132,67,0.9851876978742651,7.91926028763351,28.67235202740889,15.908190932115712,9.374259370701541,0.2244921381843223,0.014925373134328358,,0.04739547306847855,0.017128114971258657,0.0883661879892803,0.20534267823410268,0.014925373134328358,0.0,0.06372830000291467,0.9851876978742651,0.06278433716931202
fhvhv_avg_trip_duration,FHVHV average trip duration,FHVHV,weekend_evening,Manhattan,CP launch transition,2024-11-01,2025-04-30,52,67,0.9847876004592423,7.229912676323111,22.592655229988083,13.184201494189491,11.15113542364017,0.1550568347420577,0.029850746268656716,7.273558673298994,0.04049708882374567,0.01120945219619899,0.11006354091989569,0.12981101980185586,0.029850746268656716,0.08321699486719748,0.06369291608164182,0.9847876004592423,0.06272399399429193
fhvhv_avg_trip_duration,FHVHV average trip duration,FHVHV,weekday_pm_peak,Citywide,Early 2026,2026-01-01,2026-03-31,64,261,0.9868295019157088,8.544226506069423,24.779854740650464,17.699004981760098,6.621529951874541,0.20929386071341907,0.08045977011494253,,0.05364958499113132,0.021019181619723087,0.05475273384654493,0.18881000615259744,0.08045977011494253,0.0,0.06330273710684989,0.9868295019157088,0.06246900852905374
fhvhv_avg_trip_duration,FHVHV average trip duration,FHVHV,weekend_evening,Manhattan,Second half of 2025,2025-07-01,2025-12-31,52,67,0.9862227324913893,6.727452103931138,24.885399630125256,14.033522479151102,13.087690319866725,0.1769499417927823,0.029850746268656716,,0.0354689055975801,0.013054850136359965,0.13371072496711642,0.15362632126663497,0.029850746268656716,0.0,0.06312866146389022,0.9862227324913893,0.06225892100744168
bus_trip_count,Bus trips,Bus,weekday_pm_peak,Brooklyn,First six months post-CP,2025-01-05,2025-06-30,126,60,1.0,10.27672287098408,22.73743677474895,9.226162944210307,4.647366892238692,0.27764550264550264,0.016666666666666666,,0.07098688395567763,0.002609457239593199,0.030646318220838947,0.26316285860308275,0.016666666666666666,0.0,0.06212010020233069,1.0,0.06212010020233069
subway_ridership,Subway ridership,Subway,weekday_overnight,Bronx,CP launch transition,2024-11-01,2025-04-30,129,27,1.0,8.98556098917653,27.61717719508558,17.17854707876928,5.250808161711027,0.22882572494975595,0.037037037037037035,3.035568647977504,0.05806607210876424,0.019888334791343866,0.03801491220632616,0.21005674988247403,0.037037037037037035,0.025195376838719204,0.061920034430800776,1.0,0.061920034430800776
fhvhv_avg_trip_duration,FHVHV average trip duration,FHVHV,weekend_midday,Queens,Early 2026,2026-01-01,2026-03-31,26,69,0.9899665551839465,8.545992539336956,25.07644284854732,14.418901432117927,7.703076773002176,0.19538288288288289,0.08695652173913043,,0.05366725789790366,0.013892198487076292,0.06795945304914874,0.1736776574212595,0.08695652173913043,0.0,0.06254569259828152,0.9899665551839465,0.061918143843114816
bus_trip_count,Bus trips,Bus,weekday_midday,Bronx,First six months post-CP,2025-01-05,2025-06-30,126,42,1.0,10.925751041859572,20.678964816907868,7.699274364499241,4.005255295160115,0.26266061980347694,0.047619047619047616,,0.07748178672301206,0.0,0.022805522618009024,0.24686231700017555,0.047619047619047616,0.0,0.06184871418013531,1.0,0.06184871418013531
bus_trip_count,Bus trips,Bus,weekday_pm_peak,Brooklyn,Second half of 2025,2025-07-01,2025-12-31,132,60,1.0,10.388964831614263,21.99688761307202,9.560293857324515,5.201790782452153,0.26502525252525255,0.016666666666666666,,0.072110102720935,0.0033354542533522973,0.0374163632103201,0.2494345622731782,0.016666666666666666,0.0,0.06182100775723249,1.0,0.06182100775723249
fhvhv_avg_trip_duration,FHVHV average trip duration,FHVHV,weekend_midday,Staten Island,First six months post-CP,2025-01-05,2025-06-30,51,20,0.9637254901960784,7.3521956431632045,25.40284529280408,19.08341009055145,7.8208051525749385,0.1943031536113937,0.1,,0.041720789142726034,0.0240272061255904,0.069397028955085,0.17250312892508562,0.1,0.0,0.06410583448972265,0.9637254901960784,0.061780426768036634
fhvhv_avg_trip_duration,FHVHV average trip duration,FHVHV,weekday_midday,Manhattan,CP launch transition,2024-11-01,2025-04-30,129,67,0.9854217285664699,8.114723349170422,23.17755864565897,12.450551299015395,5.248613972252453,0.20112715744980628,0.014925373134328358,11.653715138780967,0.04935149537422109,0.009615382836151128,0.037988119058317574,0.17992627394657887,0.014925373134328358,0.14318499003157623,0.0626717460041228,0.9854217285664699,0.06175810027966144
taxi_avg_trip_speed,Taxi average speed,Taxi,weekend_midday,Staten Island,First six months post-CP,2025-01-05,2025-06-30,45,13,0.19658119658119658,27.16886015279002,103.43439550346092,28.24815008914664,26.70465232123709,0.7130434782608696,0.8461538461538461,,0.24002852821866846,0.04394028094062385,0.29998683066277704,0.7367883710719176,0.8461538461538461,0.0,0.31412178228761733,0.19658119658119658,0.061750435834317934
fhvhv_avg_trip_duration,FHVHV average trip duration,FHVHV,weekend_overnight,Staten Island,CP launch transition,2024-11-01,2025-04-30,52,20,0.9519230769230769,6.619150274094256,23.171047115355528,23.661511596366804,9.138220300398567,0.15858585858585858,0.1,2.671805153088275,0.03438511619385345,0.0339744689841213,0.08548392560226233,0.13364988865321564,0.1,0.02021515120650666,0.0645364240238865,0.9519230769230769,0.061433711330430414
fhvhv_avg_trip_duration,FHVHV average trip duration,FHVHV,weekend_midday,Staten Island,CP launch transition,2024-11-01,2025-04-30,52,20,0.9576923076923077,6.911590476354339,24.308639989157314,20.35239108799052,7.255826096741966,0.16967871485943775,0.1,5.264103584227616,0.03731160038078287,0.026784438032303882,0.06249809531672544,0.14571668737889082,0.1,0.055705878765729834,0.06408613963098425,0.9576923076923077,0.061374802954288765
fhvhv_avg_trip_speed,FHVHV average speed,FHVHV,weekday_am_peak,Queens,CP launch transition,2024-11-01,2025-04-30,129,69,0.9832603078305808,8.672238798476497,30.046776202662624,11.864884109026343,6.247337334608516,0.22634826325411334,0.057971014492753624,2.889134788899778,0.05493061935838536,0.008342849783085788,0.050183484760530014,0.2073617693567556,0.057971014492753624,0.023190575178715454,0.06232895764021477,0.9832603078305808,0.061285590076076805
bus_trip_count,Bus trips,Bus,weekday_am_peak,Brooklyn,First six months post-CP,2025-01-05,2025-06-30,126,59,1.0,9.386621420811672,22.236180904522605,8.017998734329636,3.5896795597848863,0.29217110573042776,0.03389830508474576,,0.06207953196179599,0.0,0.01773094615279972,0.27896379611385824,0.03389830508474576,0.0,0.06119649554847246,1.0,0.06119649554847246
bus_trip_count,Bus trips,Bus,weekday_am_peak,Staten Island,First six months post-CP,2025-01-05,2025-06-30,126,20,1.0,9.096748881935488,23.952923238195076,6.347793831518635,6.199345177392518,0.2773809523809524,0.0,,0.059178742690381834,0.0,0.04959745470441272,0.2628750810716317,0.0,0.0,0.06118650163970367,1.0,0.06118650163970367
bus_trip_count,Bus trips,Bus,weekday_midday,Citywide,CP launch transition,2024-11-01,2025-04-30,129,251,1.0,10.09967665661266,22.138190149126473,9.911865822756104,3.802655827715636,0.2589641434262948,0.043824701195219126,1.977829473426448,0.06921516124891762,0.0040993470480830485,0.02033158970556552,0.24284129343892122,0.043824701195219126,0.0107140453601479,0.060814255624292275,1.0,0.060814255624292275
taxi_avg_trip_duration,Taxi average trip duration,Taxi,weekend_evening,Staten Island,Second half of 2025,2025-07-01,2025-12-31,48,16,0.14192708333333334,33.070316530606036,112.0618133746638,46.53802295939781,50.54474176049597,0.8073394495412844,1.0,,0.29908511016622413,0.08368037251753595,0.5910970820534532,0.8393634408303652,1.0,0.0,0.42486104769787425,0.14192708333333334,0.06029928932170351
bus_trip_count,Bus trips,Bus,weekday_evening,Brooklyn,Second half of 2025,2025-07-01,2025-12-31,132,58,1.0,10.676559568678483,22.06336537460527,12.452533962522537,5.028615215152894,0.2549634273772205,0.0,,0.07498809775635781,0.009619690751788323,0.03530172420866469,0.23848931824586467,0.0,0.0,0.06023628481783128,1.0,0.06023628481783128
taxi_avg_trip_speed,Taxi average speed,Taxi,weekday_pm_peak,Staten Island,First six months post-CP,2025-01-05,2025-06-30,82,16,0.10823170731707317,76.17122384673027,127.62105466996032,0.0,72.26493054051016,0.8873239436619719,1.0,,0.7304010603267642,0.0,0.8563213225963796,0.9263704990600912,1.0,0.0,0.5563000514436425,0.10823170731707317,0.06020930434832106
fhvhv_avg_trip_duration,FHVHV average trip duration,FHVHV,weekend_overnight,Staten Island,First six months post-CP,2025-01-05,2025-06-30,51,20,0.957843137254902,6.475993133170048,23.95278887209862,23.033548123304616,9.011363633221457,0.1647901740020471,0.1,,0.03295252551061993,0.0326100349006544,0.08393488459020562,0.1403989371860147,0.1,0.0,0.06258983132323093,0.957843137254902,0.059951240394898644
fhvhv_avg_trip_duration,FHVHV average trip duration,FHVHV,weekday_pm_peak,Bronx,Early 2026,2026-01-01,2026-03-31,64,43,0.9778343023255814,8.351342340812264,23.38009934279377,15.067051005056607,6.789738678734308,0.21181716833890746,0.06976744186046512,,0.051719370009840414,0.015300492769209587,0.05680672298475743,0.19155485783811427,0.06976744186046512,0.0,0.06124031465298562,0.9778343023255814,0.05988288035290128
bus_trip_count,Bus trips,Bus,weekday_overnight,Staten Island,CP launch transition,2024-11-01,2025-04-30,129,20,1.0,10.01493702382666,21.149460653008035,8.03855481379096,6.833368200824312,0.23953488372093024,0.0,2.114776845797024,0.06836716157774421,2.903165680443802e-05,0.05733948110112426,0.22170616282229968,0.0,0.012588969105181152,0.05966340778383787,1.0,0.05966340778383787
taxi_avg_trip_speed,Taxi average speed,Taxi,weekday_pm_peak,Staten Island,CP launch transition,2024-11-01,2025-04-30,74,15,0.0936936936936937,66.22132763728692,130.27931721970484,0.0,75.34146669508016,0.8557692307692307,0.9333333333333333,82.60926892157039,0.6308312553085452,0.0,0.8938887661100151,0.8920453117564321,0.9333333333333333,1.0,0.6320841343805103,0.0936936936936937,0.059222297275291054
fhvhv_avg_trip_duration,FHVHV average trip duration,FHVHV,weekday_pm_peak,Manhattan,First six months post-CP,2025-01-05,2025-06-30,126,67,0.9851930822080076,8.977474768599523,23.96117114686027,12.864012527605421,7.439180687375678,0.22808705061921367,0.014925373134328358,,0.05798515232937771,0.010513748133943634,0.0647370299108682,0.20925322063350085,0.014925373134328358,0.0,0.060053393889993055,0.9851930822080076,0.05916418822353379
fhvhv_avg_trip_duration,FHVHV average trip duration,FHVHV,weekend_overnight,Staten Island,Second half of 2025,2025-07-01,2025-12-31,52,20,0.9615384615384616,6.789939818165614,26.133153116645936,22.78224390563747,9.92189045491842,0.172,0.05,,0.03609422765033235,0.03206400307776511,0.09505328633267814,0.14824177919341114,0.05,0.0,0.06148177044505505,0.9615384615384616,0.05911708696639909
bus_trip_count,Bus trips,Bus,weekday_midday,Bronx,Second half of 2025,2025-07-01,2025-12-31,132,42,1.0,10.763877923684655,21.43937246006994,8.051025537448055,4.00399086302413,0.24783549783549783,0.047619047619047616,,0.07586190301014775,5.6127946848609114e-05,0.022790082694517513,0.23073556312730045,0.047619047619047616,0.0,0.05911666835864503,1.0,0.05911666835864503
taxi_avg_trip_duration,Taxi average trip duration,Taxi,weekday_midday,Staten Island,First six months post-CP,2025-01-05,2025-06-30,125,17,0.13694117647058823,52.14559261562633,115.99378778355702,24.926754026614702,36.27461258230407,0.8934707903780069,1.0,,0.4899736863356455,0.0367235777615163,0.41684518157190836,0.9330570331943733,1.0,0.0,0.4305032230010458,0.13694117647058823,0.058953617832143215
bus_trip_count,Bus trips,Bus,weekday_midday,Staten Island,First six months post-CP,2025-01-05,2025-06-30,126,20,1.0,8.3044521856532,22.285386491819,6.377527999123711,4.468297616156963,0.2984126984126984,0.0,,0.05125013460193426,0.0,0.028459711408422603,0.285753394821992,0.0,0.0,0.05880497842537018,1.0,0.05880497842537018
fhvhv_avg_trip_speed,FHVHV average speed,FHVHV,weekday_am_peak,Queens,Second half of 2025,2025-07-01,2025-12-31,132,69,0.9855072463768116,9.22664060909296,29.31983517754842,12.200037589440612,6.026887813274517,0.2284982174688057,0.043478260869565216,,0.06047858478665158,0.009071068623012636,0.04749158564924507,0.20970048754964346,0.043478260869565216,0.0,0.05966470046233553,0.9855072463768116,0.05879999465853357
taxi_avg_trip_duration,Taxi average trip duration,Taxi,weekend_midday,Staten Island,Second half of 2025,2025-07-01,2025-12-31,46,16,0.14130434782608695,49.29028845705993,100.56322498471411,45.51178167725986,34.87117289726813,0.8269230769230769,0.9375,,0.4614003150811456,0.08145056355049256,0.39970784320061553,0.8606664924616709,0.9375,0.0,0.415434246413226,0.14130434782608695,0.0587026652540428
fhvhv_avg_trip_duration,FHVHV average trip duration,FHVHV,weekend_midday,Citywide,Early 2026,2026-01-01,2026-03-31,26,261,0.9876215738284704,8.363199267152403,23.627565200320543,13.71823679723023,6.8390240674669425,0.20471501044464338,0.06896551724137931,,0.05183802369415549,0.012369799892363786,0.0574085446322978,0.18382913709365914,0.06896551724137931,0.0,0.05941268592656841,0.9876215738284704,0.05867725038017411
fhvhv_avg_trip_speed,FHVHV average speed,FHVHV,weekend_midday,Manhattan,Early 2026,2026-01-01,2026-03-31,26,67,0.9856486796785304,7.579451600744163,20.607213326267342,12.083341714730997,14.876788683234942,0.13162492719860222,0.014925373134328358,,0.04399496677325134,0.008817512746462452,0.1555573239763087,0.10432181259388425,0.014925373134328358,0.0,0.0592556455390431,0.9856486796785304,0.058405248789056834
bus_trip_count,Bus trips,Bus,weekday_overnight,Staten Island,First six months post-CP,2025-01-05,2025-06-30,126,20,1.0,9.786064094853502,21.159350808669046,8.12707101767875,5.94404305564999,0.25476190476190474,0.0,,0.0660768027205154,0.00022135896675873126,0.04647997206952582,0.23827010213256491,0.0,0.0,0.05830721001958267,1.0,0.05830721001958267
fhvhv_avg_trip_duration,FHVHV average trip duration,FHVHV,weekday_evening,Queens,Second half of 2025,2025-07-01,2025-12-31,132,69,0.9835309617918313,6.284687091536056,29.920125057198995,18.415946771746693,7.792343150191188,0.16030363920517973,0.13043478260869565,,0.03103810300174739,0.02257694708870698,0.06904948073425612,0.13551848881146197,0.13043478260869565,0.0,0.05903300510196631,0.9835309617918313,0.05806078828539901
taxi_avg_trip_speed,Taxi average speed,Taxi,weekday_midday,Staten Island,Early 2026,2026-01-01,2026-03-31,60,18,0.15555555555555556,31.698277837110375,98.39767667187681,45.62301819489848,34.2235203307073,0.75,1.0,,0.28535495436227154,0.08169225737903991,0.3917993870706288,0.7769896410089743,1.0,0.0,0.3724023787826862,0.15555555555555556,0.057929258921751194
taxi_avg_trip_duration,Taxi average trip duration,Taxi,weekday_overnight,Staten Island,CP launch transition,2024-11-01,2025-04-30,75,15,0.12444444444444444,58.24232341221125,94.15535960633468,0.0,27.462030101023984,0.9142857142857143,1.0,37.29157557984003,0.5509844028181335,0.0,0.3092351363972512,0.9556994880400906,1.0,0.49418868203901983,0.46481769925299243,0.12444444444444444,0.0578439803514835
taxi_avg_trip_duration,Taxi average trip duration,Taxi,weekend_overnight,Staten Island,First six months post-CP,2025-01-05,2025-06-30,38,15,0.13508771929824562,48.278588370588665,113.43272745456953,1.4787907411983987,49.729991033347076,0.8181818181818182,0.9333333333333333,,0.45127611094610626,0.0,0.581148197859652,0.8511577593420463,0.9333333333333333,0.0,0.42749185899579195,0.13508771929824562,0.05774890025030874
fhvhv_avg_trip_speed,FHVHV average speed,FHVHV,weekday_am_peak,Staten Island,CP launch transition,2024-11-01,2025-04-30,129,20,0.9511627906976744,7.491199927135589,25.545244882094156,12.053981852318708,7.093646435041835,0.19641401792991034,0.1,2.236338833821246,0.04311182168824058,0.008753719868883316,0.06051772681985928,0.17479932516531071,0.1,0.014253254106745973,0.06055956385431201,0.9511627906976744,0.05760200375910142
taxi_avg_trip_speed,Taxi average speed,Taxi,weekend_overnight,Staten Island,Second half of 2025,2025-07-01,2025-12-31,45,14,0.16507936507936508,27.823258429997516,97.12454906106387,40.099179138220016,34.7958160707744,0.7019230769230769,0.9285714285714286,,0.246577170284298,0.06969010342609604,0.3987876644084811,0.7246916088510388,0.9285714285714286,0.0,0.3480563769798785,0.16507936507936508,0.05745692572366248
bus_trip_count,Bus trips,Bus,weekday_midday,Bronx,CP launch transition,2024-11-01,2025-04-30,129,42,1.0,10.648104054428979,20.239206039528366,7.668549240899477,4.258820677308667,0.2427094868955334,0.023809523809523808,1.666450127447077,0.07470334001156574,0.0,0.02590179800444619,0.22515949319971254,0.023809523809523808,0.006451002416104651,0.05692100420572211,1.0,0.05692100420572211
taxi_avg_trip_duration,Taxi average trip duration,Taxi,weekday_pm_peak,Staten Island,Early 2026,2026-01-01,2026-03-31,53,14,0.14555256064690028,52.358930961756094,107.9687658295973,5.762808649368907,22.736585134073223,0.8981481481481481,1.0,,0.49210858875873703,0.0,0.25153294212626337,0.9381450586215753,1.0,0.0,0.3894500649702364,0.14555256064690028,0.05668545420051958
taxi_avg_trip_duration,Taxi average trip duration,Taxi,weekday_evening,Staten Island,Early 2026,2026-01-01,2026-03-31,43,15,0.12868217054263567,56.64350557729681,96.08433809039984,2.298892165250294,45.333365883901706,0.8192771084337349,1.0,,0.5349848409401923,0.0,0.5274612074737048,0.8523492150582402,1.0,0.0,0.44034159194151545,0.12868217054263567,0.05666411183123378
fhvhv_avg_trip_speed,FHVHV average speed,FHVHV,weekday_am_peak,Staten Island,Second half of 2025,2025-07-01,2025-12-31,132,20,0.953030303030303,8.920980848985275,25.124110786446135,12.46188626527903,7.0547067614330405,0.2102543720190779,0.05,,0.057419810898442294,0.00964001136148499,0.060042236230689765,0.18985484945654668,0.05,0.0,0.05938063968467966,0.953030303030303,0.05659154903282349
fhvhv_avg_trip_speed,FHVHV average speed,FHVHV,weekday_pm_peak,Manhattan,Second half of 2025,2025-07-01,2025-12-31,132,67,0.9851876978742651,7.70257866701482,25.873073157112827,13.005220498379643,8.625764520211437,0.20704694135200274,0.014925373134328358,,0.0452271140964967,0.010820563699572025,0.07922635130175591,0.18636580936338895,0.014925373134328358,0.0,0.057043242722484705,0.9851876978742651,0.05619830097704763
fhvhv_avg_trip_speed,FHVHV average speed,FHVHV,weekday_am_peak,Citywide,Second half of 2025,2025-07-01,2025-12-31,132,261,0.9846743295019157,8.597085487462738,29.361630379445483,14.869974863286707,6.424783261197106,0.20510553000825374,0.0421455938697318,,0.05417855115922048,0.014872287282100983,0.05235026892587758,0.1842539439113359,0.0421455938697318,0.0,0.05687648681121843,0.9846743295019157,0.056004816515261055
fhvhv_avg_trip_speed,FHVHV average speed,FHVHV,weekday_am_peak,Bronx,CP launch transition,2024-11-01,2025-04-30,129,43,0.9772850189291509,8.697887061551125,33.17011748925009,9.183574936281495,6.480964755158613,0.2363032650802435,0.0,2.8689523421961103,0.055187284603895444,0.002516922351725168,0.053036298601743866,0.21819081107396904,0.0,0.022914260650714297,0.057293994955225934,0.9772850189291509,0.055992562944344654
taxi_avg_trip_speed,Taxi average speed,Taxi,weekend_evening,Staten Island,Early 2026,2026-01-01,2026-03-31,21,13,0.18315018315018314,26.262614509214004,88.26049699132476,28.564201345842854,32.18409302931874,0.68,0.6923076923076923,,0.23095961934464085,0.04462699461945617,0.3668960327475298,0.7008437061870202,0.6923076923076923,0.0,0.3050852042321205,0.18315018315018314,0.055876411031523895
bus_trip_count,Bus trips,Bus,weekday_midday,Queens,CP launch transition,2024-11-01,2025-04-30,129,66,1.0,9.268784626225324,21.307350757169992,7.235090274369571,3.4460433157202246,0.24230678881841672,0.06060606060606061,1.507002278423169,0.06090032502194883,0.0,0.01597701048804426,0.22472143860638322,0.06060606060606061,0.0042680283797686715,0.055571091791539025,1.0,0.055571091791539025
fhvhv_avg_trip_speed,FHVHV average speed,FHVHV,weekday_pm_peak,Bronx,Early 2026,2026-01-01,2026-03-31,64,43,0.9778343023255814,7.528090334692289,26.172431310686385,13.085248242018366,6.551397877570992,0.21813452248234858,0.046511627906976744,,0.043480988422259066,0.010994447350019336,0.05389635426654909,0.19842686979316668,0.046511627906976744,0.0,0.05663927363493915,0.9778343023255814,0.05538382461904842
fhvhv_avg_trip_duration,FHVHV average trip duration,FHVHV,weekend_evening,Queens,Second half of 2025,2025-07-01,2025-12-31,52,69,0.9860646599777034,6.429028914486707,25.384473486684488,18.251989283136027,8.88415943702127,0.14047484454494064,0.10144927536231885,,0.03248254894014122,0.022220701550078534,0.08238159991700279,0.1139487444429409,0.10144927536231885,0.0,0.055765244361621454,0.9860646599777034,0.054988136720015804
bus_trip_count,Bus trips,Bus,weekday_midday,Staten Island,CP launch transition,2024-11-01,2025-04-30,129,20,1.0,8.088454308099696,21.8268202993384,6.144895449588478,4.869288072141348,0.2569767441860465,0.0,2.8649696238802957,0.04908861792883172,0.0,0.03335618768819049,0.24067940239587624,0.0,0.022859733915291485,0.054876844874315024,1.0,0.054876844874315024
fhvhv_avg_trip_speed,FHVHV average speed,FHVHV,weekday_am_peak,Bronx,Second half of 2025,2025-07-01,2025-12-31,132,43,0.9774489076814659,9.300214725510598,32.91230266824608,9.670423319486112,6.529672369366763,0.21899783705839942,0.023255813953488372,,0.06121484979604324,0.0035747426804871012,0.053631065070758224,0.19936598258514968,0.023255813953488372,0.0,0.05609334742660336,0.9774489076814659,0.05482838117033042
taxi_avg_trip_speed,Taxi average speed,Taxi,weekend_evening,Staten Island,First six months post-CP,2025-01-05,2025-06-30,48,18,0.17592592592592593,24.54836806385441,81.38467330882071,40.311442477215635,26.880146323909088,0.6578947368421053,0.8888888888888888,,0.2138049495144539,0.07015130753560232,0.3021297799736664,0.6767976215064032,0.8888888888888888,0.0,0.31113330489637403,0.17592592592592593,0.05473641475028802
fhvhv_avg_trip_duration,FHVHV average trip duration,FHVHV,weekday_midday,Staten Island,CP launch transition,2024-11-01,2025-04-30,129,20,0.9589147286821705,6.324793641779237,24.70963784500417,18.929911626451798,7.149236142483768,0.13823767178658045,0.1,5.317634215319947,0.03143945406145763,0.02369368587296156,0.06119653021736274,0.11151514999946167,0.1,0.05643875775116987,0.0568217665990407,0.9589147286821705,0.054487228901560734
fhvhv_avg_trip_duration,FHVHV average trip duration,FHVHV,weekend_evening,Queens,Early 2026,2026-01-01,2026-03-31,26,69,0.9827201783723523,6.868847276855263,25.148302667787135,16.790530060069088,7.95523704945,0.14917753828701077,0.10144927536231885,,0.03688386405566035,0.01904525447220033,0.07103857075357253,0.1234155265923566,0.10144927536231885,0.0,0.05500305710498203,0.9827201783723523,0.05405261408923262
fhvhv_avg_trip_duration,FHVHV average trip duration,FHVHV,weekend_overnight,Staten Island,Early 2026,2026-01-01,2026-03-31,26,20,0.9615384615384616,6.406721404403893,23.26085987833932,21.84405319871185,9.19174779228089,0.158,0.05,,0.032259315010597346,0.03002550970636094,0.0861375473790546,0.13301259222902034,0.05,0.0,0.056137638738873674,0.9615384615384616,0.05397849878737854
fhvhv_avg_trip_speed,FHVHV average speed,FHVHV,weekday_overnight,Staten Island,Early 2026,2026-01-01,2026-03-31,64,20,0.9453125,6.474289575041157,28.10539271711315,18.37330964212127,7.780610017500598,0.16363636363636364,0.1,,0.032935477800054874,0.02248430546960382,0.06890620798287403,0.1391438233445543,0.1,0.0,0.056860987025669885,0.9453125,0.05375140179770356
fhvhv_avg_trip_speed,FHVHV average speed,FHVHV,weekday_am_peak,Citywide,CP launch transition,2024-11-01,2025-04-30,129,261,0.9838724048828299,7.860299593769453,30.236988803107927,13.71368540954728,6.342748309774687,0.1967638712793576,0.038314176245210725,2.461082094816245,0.04680544633169597,0.012359910673088967,0.051348543852981016,0.17517989531308575,0.038314176245210725,0.017330176790851914,0.054562195305776766,0.9838724048828299,0.05368223831118124
fhvhv_avg_trip_duration,FHVHV average trip duration,FHVHV,weekday_pm_peak,Brooklyn,Early 2026,2026-01-01,2026-03-31,64,61,0.9997438524590164,8.784728088071574,22.431399689116372,14.486891955695073,5.316091744980358,0.1965155008967461,0.04918032786885246,,0.056056313174265515,0.014039927760674075,0.038812087082101716,0.17490971824214235,0.04918032786885246,0.0,0.05363815251464856,0.9997438524590164,0.053624413233779034
fhvhv_avg_trip_speed,FHVHV average speed,FHVHV,weekday_pm_peak,Citywide,CP launch transition,2024-11-01,2025-04-30,129,261,0.9859514687100894,6.623801502478525,24.49768816203571,15.743792375428558,6.259043737698818,0.15872394264369202,0.038314176245210725,8.018112683065496,0.03443166159428459,0.01677091108339096,0.05032643111797473,0.13380009636275472,0.038314176245210725,0.09341056023618786,0.054386834415852674,0.9859514687100894,0.05362277927080238
fhvhv_avg_trip_duration,FHVHV average trip duration,FHVHV,weekday_pm_peak,Citywide,Second half of 2025,2025-07-01,2025-12-31,132,261,0.9873737373737373,6.836823187963992,24.780478455101132,19.324009250527972,8.016014334704163,0.1649469382955581,0.05363984674329502,,0.0365633951563201,0.024549978083527133,0.07178071942857063,0.1405694652385304,0.05363984674329502,0.0,0.05425572189796899,0.9873737373737373,0.053570674904307766
fhvhv_avg_trip_duration,FHVHV average trip duration,FHVHV,weekend_evening,Manhattan,Early 2026,2026-01-01,2026-03-31,26,66,0.997086247086247,7.492409096863957,20.66940317987882,11.528441298415771,11.573778500780358,0.1396843950905903,0.030303030303030304,,0.04312392199477174,0.0076118294966733635,0.11522441637501035,0.11308889426249791,0.030303030303030304,0.0,0.05356626221780248,0.997086247086247,0.053410183365186506
fhvhv_avg_trip_duration,FHVHV average trip duration,FHVHV,weekday_pm_peak,Queens,Second half of 2025,2025-07-01,2025-12-31,132,69,0.9915458937198067,6.686123826418429,24.68995132597162,19.105267328965326,7.491803236217068,0.1520318901561289,0.08695652173913043,,0.03505532856651783,0.02407469736089574,0.0653796014692118,0.1265204878978536,0.08695652173913043,0.0,0.05377938570596095,0.9915458937198067,0.05332472906351925
bus_trip_count,Bus trips,Bus,weekday_evening,Bronx,Second half of 2025,2025-07-01,2025-12-31,132,42,1.0,10.862521760893433,19.537477841006723,9.517615612897018,4.562836780810013,0.1976911976911977,0.047619047619047616,,0.07684904372301318,0.003242723300331338,0.029614124862220006,0.17618864012043794,0.047619047619047616,0.0,0.05329351532209993,1.0,0.05329351532209993
fhvhv_avg_trip_speed,FHVHV average speed,FHVHV,weekday_pm_peak,Manhattan,Early 2026,2026-01-01,2026-03-31,64,67,0.9853078358208955,7.575603715331582,27.54323907657433,14.886310894218493,7.390466990302615,0.20165680473372782,0.014925373134328358,,0.04395646052231181,0.014907782081317896,0.06414218916426614,0.18050242376886624,0.014925373134328358,0.0,0.05391457633640784,0.9853078358208955,0.053122454529226475
taxi_avg_trip_speed,Taxi average speed,Taxi,weekday_pm_peak,Staten Island,Second half of 2025,2025-07-01,2025-12-31,83,18,0.09772423025435073,70.81968351432295,154.90281391331183,0.0,73.68090080816921,0.8424657534246576,1.0,,0.6768475542169007,0.0,0.8736116713440294,0.8775738014880721,1.0,0.0,0.5417279153353968,0.09772423025435073,0.052939943533445735
fhvhv_avg_trip_speed,FHVHV average speed,FHVHV,weekday_evening,Manhattan,CP launch transition,2024-11-01,2025-04-30,129,67,0.9850746268656716,7.354800059107447,21.663788891378317,15.529131685973107,7.296058575822279,0.1651397697909326,0.014925373134328358,5.527171464155272,0.04174685184552171,0.016304498029706044,0.06298937229490041,0.1407792271596505,0.014925373134328358,0.059307497446643584,0.0535635404675557,0.9850746268656716,0.052764084639681734
avg_bus_speed,Average bus speed,Bus,weekend_midday,Manhattan,Second half of 2025,2025-07-01,2025-12-31,52,63,1.0,5.452970146670889,25.20067120976423,20.739482550463997,6.823473444372468,0.14072039072039072,0.12698412698412698,,0.02271501175663717,0.02762550731017501,0.05721865667865366,0.11421584934396378,0.12698412698412698,0.0,0.05272390061460919,1.0,0.05272390061460919
fhvhv_avg_trip_speed,FHVHV average speed,FHVHV,weekday_am_peak,Manhattan,Second half of 2025,2025-07-01,2025-12-31,132,67,0.9850746268656716,7.7636716411346365,32.010750095048756,13.395390767224848,7.129672512143431,0.18721303948576676,0.04477611940298507,,0.04583847881760001,0.011668322583654632,0.0609576396141626,0.16479050938093984,0.04477611940298507,0.0,0.053472492679705656,0.9850746268656716,0.05267439577403841
taxi_avg_trip_speed,Taxi average speed,Taxi,weekend_evening,Staten Island,CP launch transition,2024-11-01,2025-04-30,42,17,0.14985994397759103,26.860931632403585,87.36801375743973,25.310263596124123,32.75979010117871,0.719626168224299,0.8823529411764706,13.698601011430014,0.23694705057417537,0.03755686433059442,0.373925843593711,0.7439490150848954,0.8823529411764706,0.1711811831103162,0.34850955960763885,0.14985994397759103,0.05222762307845568
fhvhv_avg_trip_speed,FHVHV average speed,FHVHV,weekday_pm_peak,Citywide,Early 2026,2026-01-01,2026-03-31,64,261,0.9868295019157088,7.504725671055796,25.75722788950108,16.54381487172145,5.9931921836921305,0.20395535064304782,0.02681992337164751,,0.043247175430280935,0.01850919365603701,0.04708012984395172,0.18300277986881408,0.02681992337164751,0.0,0.05282516878634264,0.9868295019157088,0.05212943500203976
fhvhv_avg_trip_duration,FHVHV average trip duration,FHVHV,weekday_am_peak,Queens,CP launch transition,2024-11-01,2025-04-30,129,69,0.9832603078305808,6.091863888976633,25.84829073882824,15.21722118723736,5.866960959550131,0.1663619744058501,0.08695652173913043,4.144823786769791,0.02910849808148618,0.01562678135712489,0.045538726088443296,0.14210874020174477,0.08695652173913043,0.040382004833260175,0.05288630386076789,0.9832603078305808,0.05200100341416027
fhvhv_avg_trip_duration,FHVHV average trip duration,FHVHV,weekday_am_peak,Queens,Early 2026,2026-01-01,2026-03-31,64,69,0.9848278985507246,6.430582905737463,31.83774613462698,16.196309764612067,5.642894848126558,0.18601977466084157,0.08695652173913043,,0.03249809991701382,0.01775413729900603,0.04280266495952686,0.16349247701545294,0.08695652173913043,0.0,0.05271821102629063,0.9848278985507246,0.05191836498037544
taxi_avg_trip_duration,Taxi average trip duration,Taxi,weekday_midday,Staten Island,CP launch transition,2024-11-01,2025-04-30,125,17,0.11152941176470588,55.06757415605436,133.03830219706754,12.593026986697652,33.0926675497215,0.9071729957805907,1.0,29.97373243312919,0.5192143061494607,0.009924952887082743,0.37799059502740323,0.9479622794729758,1.0,0.3940013061098931,0.46351669098907916,0.11152941176470588,0.05169574388913494
fhvhv_avg_trip_duration,FHVHV average trip duration,FHVHV,weekday_evening,Citywide,Second half of 2025,2025-07-01,2025-12-31,132,260,0.9881993006993007,6.258450090525051,26.50098303437508,18.93964121296121,7.749269771891563,0.15205661211853164,0.07307692307692308,,0.030775546185079383,0.023714826241822102,0.06852351366450174,0.12654738042553634,0.07307692307692308,0.0,0.0520783179018945,0.9881993006993007,0.05146375733224802
fhvhv_avg_trip_speed,FHVHV average speed,FHVHV,weekday_midday,Manhattan,Early 2026,2026-01-01,2026-03-31,64,67,0.9853078358208955,7.860836737354385,27.10464817080374,12.445470081240682,6.626101751476579,0.20615384615384616,0.014925373134328358,,0.046810821591989404,0.009604342406230057,0.05480855988423024,0.1853943012384085,0.014925373134328358,0.0,0.05202664439599555,0.9853078358208955,0.0512622603948417
fhvhv_avg_trip_duration,FHVHV average trip duration,FHVHV,weekend_evening,Citywide,Second half of 2025,2025-07-01,2025-12-31,52,261,0.9858532272325375,6.242539958820068,23.31678031060879,17.00384954901992,9.679287808622671,0.13400597907324366,0.06513409961685823,,0.03061633158843104,0.0195087533760027,0.09209087641676154,0.10691191860608623,0.06513409961685823,0.0,0.051968827697637957,0.9858532272325375,0.05123363650120806
fhvhv_avg_trip_speed,FHVHV average speed,FHVHV,weekday_pm_peak,Queens,CP launch transition,2024-11-01,2025-04-30,129,69,0.9876418379957308,6.552869465090962,24.820087655716485,12.92056057864235,5.809485392937292,0.14821977021954272,0.057971014492753624,7.9816246611443,0.033721836186706815,0.010636615293417365,0.0448368945500963,0.12237366738035702,0.057971014492753624,0.0929110087842314,0.05181515240546702,0.9876418379957308,0.05117481235776436
avg_bus_speed,Average bus speed,Bus,weekend_evening,Manhattan,First six months post-CP,2025-01-05,2025-06-30,51,63,1.0,5.854322638928336,20.697682408745617,18.428752509886095,9.078927110582146,0.12916277622159975,0.07936507936507936,,0.02673139429535371,0.022604771295577083,0.08475989914937541,0.10164348705364652,0.07936507936507936,0.0,0.05113248250739501,1.0,0.05113248250739501
fhvhv_avg_trip_duration,FHVHV average trip duration,FHVHV,weekday_pm_peak,Citywide,First six months post-CP,2025-01-05,2025-06-30,126,261,0.987167791765493,7.372760922057674,23.103566986602424,17.354382442850795,6.9291886337581605,0.16581444061113848,0.05363984674329502,,0.04192658835575945,0.020270388484151358,0.05850954006381426,0.14151313344967437,0.05363984674329502,0.0,0.05174577749673324,0.987167791765493,0.051081764904638685
taxi_avg_trip_duration,Taxi average trip duration,Taxi,weekday_overnight,Staten Island,Early 2026,2026-01-01,2026-03-31,46,15,0.13043478260869565,43.95097410558301,93.96137516048489,15.935308637141855,32.4540174249758,0.8777777777777778,0.9333333333333333,,0.40796915582915605,0.017187036106946125,0.3701920673063099,0.9159861886998427,0.9333333333333333,0.0,0.39066026529213943,0.13043478260869565,0.050955686777235575
fhvhv_avg_trip_duration,FHVHV average trip duration,FHVHV,weekend_midday,Manhattan,Early 2026,2026-01-01,2026-03-31,26,67,0.9856486796785304,8.258881532111872,22.90031850988425,9.946609868743973,5.4672865240626365,0.21549213744903903,0.029850746268656716,,0.050794103605012256,0.004174838637286829,0.040658319675303256,0.19555248581429674,0.029850746268656716,0.0,0.051652141814394995,0.9856486796785304,0.05091086538192664
bus_trip_count,Bus trips,Bus,weekday_midday,Brooklyn,Second half of 2025,2025-07-01,2025-12-31,132,59,1.0,10.800990360046224,19.732747122462083,8.610646727668756,3.8015824609188957,0.22714432460195172,0.0,,0.0762332916130525,0.001272068456961395,0.02031848287226988,0.20822772414970958,0.0,0.0,0.05086253063376126,1.0,0.05086253063376126
fhvhv_avg_trip_speed,FHVHV average speed,FHVHV,weekday_evening,Manhattan,Early 2026,2026-01-01,2026-03-31,64,67,0.9846082089552238,6.80044735656075,22.345016190669654,15.770187363600147,7.421088856037105,0.1570345807674088,0.07462686567164178,,0.03619937784760095,0.01682826190559468,0.06451611137855698,0.13196241008672394,0.07462686567164178,0.0,0.05160721140180303,0.9846082089552238,0.05081288398750289
fhvhv_avg_trip_duration,FHVHV average trip duration,FHVHV,weekday_midday,Staten Island,Early 2026,2026-01-01,2026-03-31,64,20,0.965625,6.982630369614513,28.429716555616448,17.09612727143115,6.461467170182033,0.15453074433656958,0.1,,0.038022505115016904,0.01970925368374928,0.0527982144754865,0.12923873914861653,0.1,0.0,0.05247726821133048,0.965625,0.05067336211656599
taxi_avg_trip_duration,Taxi average trip duration,Taxi,weekend_overnight,Staten Island,CP launch transition,2024-11-01,2025-04-30,31,15,0.11397849462365592,48.71146994087863,99.16299895979118,0.0,30.97335292258605,0.8490566037735849,0.8666666666666667,47.11747081310052,0.45560800875111496,0.0,0.35211174019117253,0.884743322360796,0.8666666666666667,0.6287133828065345,0.443793453089897,0.11397849462365592,0.05058290970702052
taxi_avg_trip_duration,Taxi average trip duration,Taxi,weekday_midday,Staten Island,Second half of 2025,2025-07-01,2025-12-31,119,18,0.11764705882352941,46.481830012280994,120.51785474139317,16.813380916474777,44.08379376851135,0.8492063492063492,1.0,,0.43329573450441483,0.019094904632844693,0.5122027390200155,0.8849062153031266,1.0,0.0,0.4266093531585662,0.11764705882352941,0.050189335665713666
taxi_avg_trip_duration,Taxi average trip duration,Taxi,weekday_overnight,Staten Island,First six months post-CP,2025-01-05,2025-06-30,85,16,0.125,51.86048785926329,92.05097843699363,7.076289461101464,28.943567406640128,0.8823529411764706,1.0,,0.48712060883581265,0.0,0.32732612127301886,0.9209630471849377,1.0,0.0,0.401033803099507,0.125,0.05012922538743837
bus_trip_count,Bus trips,Bus,weekday_midday,Brooklyn,First six months post-CP,2025-01-05,2025-06-30,126,59,1.0,9.913136188915438,20.381119399298523,8.102910048194861,3.0257372919033756,0.24603174603174602,0.0,,0.0673484284101377,0.0001688622027468588,0.01084467268511435,0.2287734435946795,0.0,0.0,0.04999685230893905,1.0,0.04999685230893905
fhvhv_avg_trip_speed,FHVHV average speed,FHVHV,weekday_pm_peak,Brooklyn,Early 2026,2026-01-01,2026-03-31,64,61,0.9997438524590164,7.3701118764759945,26.148669556658977,13.108509391751804,5.187643529696253,0.21726876761465538,0.01639344262295082,,0.041900079038827906,0.01104498899277152,0.03724361174826076,0.1974851024542073,0.01639344262295082,0.0,0.04985209503603679,0.9997438524590164,0.04983932554448043
fhvhv_avg_trip_duration,FHVHV average trip duration,FHVHV,weekday_midday,Manhattan,Early 2026,2026-01-01,2026-03-31,64,67,0.9853078358208955,7.84029624889757,26.542199510377312,13.58794834417712,6.024718082267438,0.20142011834319526,0.014925373134328358,,0.046605270459839615,0.012086710168751414,0.04746509116227889,0.18024495653362715,0.014925373134328358,0.0,0.05036503066008846,0.9853078358208955,0.04962505936074481
bus_trip_count,Bus trips,Bus,weekday_midday,Brooklyn,CP launch transition,2024-11-01,2025-04-30,129,59,1.0,9.934297376447203,20.484664899659222,7.9414037540495945,3.1568222049981864,0.21324398896334254,0.03389830508474576,2.0958112682376875,0.06756019095239338,0.0,0.012445344616391367,0.19310695198484074,0.03389830508474576,0.012329314530662935,0.049589911873023924,1.0,0.049589911873023924
fhvhv_avg_trip_speed,FHVHV average speed,FHVHV,weekday_midday,Manhattan,CP launch transition,2024-11-01,2025-04-30,129,67,0.9854217285664699,6.417771893942158,23.976653789773664,13.759606505314,5.8002536386049925,0.16015028765997416,0.014925373134328358,8.397103838087581,0.03236989858509098,0.012459687667933468,0.04472416601645132,0.13535167314337526,0.014925373134328358,0.09859926523584041,0.050188949645814995,0.9854217285664699,0.04945728151491453
taxi_avg_trip_duration,Taxi average trip duration,Taxi,weekday_evening,Staten Island,Second half of 2025,2025-07-01,2025-12-31,84,17,0.11974789915966387,39.21271699049477,102.74648274338152,6.382023500233894,48.131531596352744,0.8128654970760234,1.0,,0.3605528484482052,0.0,0.561629482138102,0.8453746701932688,1.0,0.0,0.41124266664625175,0.11974789915966387,0.04924544537570662
fhvhv_avg_trip_speed,FHVHV average speed,FHVHV,weekday_pm_peak,Manhattan,First six months post-CP,2025-01-05,2025-06-30,126,67,0.9851930822080076,7.2753774185849895,23.452798183590264,13.07625665669699,7.505520408068851,0.18528315498376818,0.014925373134328358,,0.04095205995378844,0.010974910504321832,0.065547101232848,0.1626911828166101,0.014925373134328358,0.0,0.049939774599332104,0.9851930822080076,0.049200320462289164
fhvhv_avg_trip_speed,FHVHV average speed,FHVHV,weekday_am_peak,Manhattan,CP launch transition,2024-11-01,2025-04-30,129,66,0.9991778247592201,6.981079422594259,31.65995036698093,13.043215008657917,6.926008753481739,0.17632537909956505,0.015151515151515152,3.1508709943268576,0.03800698460212416,0.010903117871959654,0.058470710689913635,0.15294692255049291,0.015151515151515152,0.02677396212506895,0.04915590463662982,0.9991778247592201,0.049115489868899444
fhvhv_avg_trip_duration,FHVHV average trip duration,FHVHV,weekday_pm_peak,Queens,First six months post-CP,2025-01-05,2025-06-30,126,69,0.9902231423970554,6.871281917149075,24.146021718578808,16.56558432875243,6.88330200572192,0.14159600418167034,0.08695652173913043,,0.036908227793154835,0.018556494160645646,0.057949220529060215,0.11516834085184698,0.08695652173913043,0.0,0.049581516506294505,0.9902231423970554,0.04909676507967442
fhvhv_avg_trip_duration,FHVHV average trip duration,FHVHV,weekday_am_peak,Queens,Second half of 2025,2025-07-01,2025-12-31,132,69,0.9855072463768116,6.113057244827525,26.272597079494822,15.444276140989945,5.947313208973743,0.16922905525846701,0.08695652173913043,,0.029320582535970464,0.01612012457055945,0.046519903763515016,0.14522754808363963,0.08695652173913043,0.0,0.04967791278899595,0.9855072463768116,0.04895794303843079
fhvhv_avg_trip_speed,FHVHV average speed,FHVHV,weekday_am_peak,Brooklyn,Second half of 2025,2025-07-01,2025-12-31,132,61,0.9985096870342772,8.341829302830785,26.262124037066574,12.836599979037572,5.754129935073784,0.18196517412935323,0.03278688524590164,,0.05162417189751761,0.010454186364533264,0.044160951563575655,0.15908188633259907,0.03278688524590164,0.0,0.048911542757831994,0.9985096870342772,0.048838649251486496
fhvhv_avg_trip_duration,FHVHV average trip duration,FHVHV,weekend_evening,Citywide,Early 2026,2026-01-01,2026-03-31,26,259,0.9903474903474904,6.752940526780947,21.872171470347325,15.339566417267719,8.780046752080924,0.13480281901334534,0.05791505791505792,,0.03572397130278501,0.015892612108377023,0.08111028464097737,0.10777872035097927,0.05791505791505792,0.0,0.049298318059999416,0.9903474903474904,0.048822465569072784
fhvhv_avg_trip_duration,FHVHV average trip duration,FHVHV,weekday_evening,Manhattan,Second half of 2025,2025-07-01,2025-12-31,132,66,1.0,6.6611381883220036,26.008628261842016,15.277756712005338,7.94843026505133,0.17045454545454544,0.015151515151515152,,0.034805294288657154,0.015758312468084595,0.07095545341785499,0.1465606351778615,0.015151515151515152,0.0,0.04859097445015432,1.0,0.04859097445015432
taxi_avg_trip_speed,Taxi average speed,Taxi,weekend_midday,Staten Island,Second half of 2025,2025-07-01,2025-12-31,46,16,0.14130434782608695,37.210616100706105,98.67802478726885,28.034844392320707,33.25656176140348,0.7115384615384616,0.75,,0.3405175846598392,0.04347681200424172,0.37999189981637144,0.7351512152826258,0.75,0.0,0.3402437821886965,0.14130434782608695,0.048077925744054936
fhvhv_avg_trip_speed,FHVHV average speed,FHVHV,weekday_pm_peak,Citywide,Second half of 2025,2025-07-01,2025-12-31,132,261,0.9873737373737373,7.353807609652607,23.905414772102546,14.870707176721698,7.208459330548825,0.16832760090542964,0.022988505747126436,,0.04173692028476683,0.014873878446959045,0.061919701882037166,0.14424694687776318,0.022988505747126436,0.0,0.04838568665147768,0.9873737373737373,0.04777475626446407
fhvhv_avg_trip_duration,FHVHV average trip duration,FHVHV,weekday_midday,Staten Island,First six months post-CP,2025-01-05,2025-06-30,126,20,0.9619047619047619,6.111961358123422,24.421368469216432,19.227449604688154,7.171204767670117,0.12871287128712872,0.1,,0.02930961586625324,0.02434017404631318,0.061464788103600954,0.10115408088484215,0.1,0.0,0.04941303643827546,0.9619047619047619,0.04753063505015068
fhvhv_avg_trip_duration,FHVHV average trip duration,FHVHV,weekday_pm_peak,Bronx,CP launch transition,2024-11-01,2025-04-30,129,43,0.9774652965566973,6.647042962698538,21.376622328369642,13.050691300305584,6.554688786282586,0.13758760604942827,0.046511627906976744,6.19306525763005,0.03466424167489378,0.010919362299509352,0.05393653940363832,0.11080800909587345,0.046511627906976744,0.06842413885015823,0.048564774830678274,0.9774652965566973,0.04747038203207817
fhvhv_avg_trip_duration,FHVHV average trip duration,FHVHV,weekday_pm_peak,Brooklyn,CP launch transition,2024-11-01,2025-04-30,129,61,0.9996187571483035,6.852595981441227,19.794615742490382,13.907909172037055,5.424823725462851,0.13221459445715739,0.03278688524590164,8.364001287283255,0.03672123539284743,0.012781918532985595,0.04013980836658396,0.10496325208869256,0.03278688524590164,0.0981460637070352,0.04740547109373024,0.9996187571483035,0.04738739809674446
fhvhv_avg_trip_speed,FHVHV average speed,FHVHV,weekday_pm_peak,Queens,Early 2026,2026-01-01,2026-03-31,64,69,0.990036231884058,7.66520949438079,24.04822421714033,12.745423411823458,5.363010448342472,0.20105215004574564,0.014492753623188406,,0.04485315630291376,0.010256078638117578,0.03938500924187252,0.17984468096228223,0.014492753623188406,0.0,0.04783763027514783,0.990036231884058,0.04736098721987009
fhvhv_avg_trip_duration,FHVHV average trip duration,FHVHV,weekend_midday,Brooklyn,Early 2026,2026-01-01,2026-03-31,26,61,1.0,7.359650257216155,22.124439178113015,12.667603853759331,5.515756432505846,0.17717528373266078,0.04918032786885246,,0.041795388359854954,0.010086992915877632,0.041250183529997944,0.15387144801901553,0.04918032786885246,0.0,0.04712961259667756,1.0,0.04712961259667756
fhvhv_avg_trip_duration,FHVHV average trip duration,FHVHV,weekday_midday,Staten Island,Second half of 2025,2025-07-01,2025-12-31,132,20,0.9643939393939394,5.594428988380465,25.90023499326078,18.83167326114844,7.462983633054808,0.12843676355066772,0.1,,0.02413060735589152,0.02348023432733209,0.0650276866014878,0.10085373114620791,0.1,0.0,0.04882977704524007,0.9643939393939394,0.047091141044386824
fhvhv_avg_trip_speed,FHVHV average speed,FHVHV,weekday_evening,Manhattan,First six months post-CP,2025-01-05,2025-06-30,126,67,0.9854299928926794,7.26668961119597,20.112662308259026,14.836902272243542,7.223223545545141,0.1512200985695396,0.04477611940298507,,0.04086512002300408,0.01480042741702347,0.06209998704204523,0.12563742176583306,0.04477611940298507,0.0,0.04761635347243919,0.9854299928926794,0.046922582863921064
avg_bus_speed,Average bus speed,Bus,All temporal buckets,Manhattan,Early 2026,2026-01-01,2026-03-31,90,64,0.9954861111111111,5.936173381630878,29.792958768810568,20.213498074798245,4.305320349660464,0.15852807813044995,0.09375,,0.027550484496893055,0.02648265238825865,0.02646960339554612,0.13358703512762238,0.09375,0.0,0.046837735944695855,0.9954861111111111,0.04662631560883438
fhvhv_avg_trip_duration,FHVHV average trip duration,FHVHV,weekday_evening,Queens,CP launch transition,2024-11-01,2025-04-30,129,69,0.9767441860465116,5.793804817075234,24.343173630795118,16.62978583944297,6.9990297595631565,0.1101909362778928,0.10144927536231885,3.82712386169589,0.02612578519198219,0.018695990696915618,0.05936236688488395,0.08100593722784577,0.10144927536231885,0.03603242788990347,0.047670688999001225,0.9767441860465116,0.04656206832460585
taxi_avg_trip_speed,Taxi average speed,Taxi,weekend_overnight,Staten Island,Early 2026,2026-01-01,2026-03-31,22,13,0.15734265734265734,24.534639863322575,97.69646221868061,13.00178665715709,29.253666813120223,0.6444444444444445,0.8461538461538461,,0.21366756976481302,0.010813102676435732,0.3311127310676894,0.662166405959996,0.8461538461538461,0.0,0.2955996813449935,0.15734265734265734,0.04651043937246401
fhvhv_avg_trip_duration,FHVHV average trip duration,FHVHV,weekend_evening,Citywide,CP launch transition,2024-11-01,2025-04-30,52,261,0.9821691718243443,5.959925476322313,22.48466349079643,15.575430200313818,8.64752798508129,0.122655663915979,0.06130268199233716,2.1253556434595655,0.027788174557916594,0.01640509507665258,0.07949210398467,0.09456505634646178,0.06130268199233716,0.012733801668143587,0.0471457362956978,0.9821691718243443,0.046305088772594434
fhvhv_avg_trip_duration,FHVHV average trip duration,FHVHV,weekday_evening,Citywide,CP launch transition,2024-11-01,2025-04-30,129,261,0.9823576583801122,5.956331960194299,22.330861983729445,17.5589056046337,6.749546973823202,0.11794406651549509,0.08045977011494253,3.7088257881590514,0.02775221381092341,0.020714774797632642,0.05631594389811423,0.08943978508125414,0.08045977011494253,0.034412828599851196,0.04689555287488319,0.9823576583801122,0.046068205510610985
fhvhv_avg_trip_duration,FHVHV average trip duration,FHVHV,weekday_midday,Manhattan,Second half of 2025,2025-07-01,2025-12-31,132,67,0.9855269109000452,6.6415023353488944,24.393448920282413,14.470960099598233,6.731629186229577,0.17909591555759521,0.014925373134328358,,0.0346087959523184,0.014005311149352056,0.056097150606082564,0.15596070952985022,0.014925373134328358,0.0,0.04652916084192858,0.9855269109000452,0.04585574015131722
fhvhv_avg_trip_speed,FHVHV average speed,FHVHV,weekday_am_peak,Staten Island,First six months post-CP,2025-01-05,2025-06-30,126,20,0.9531746031746032,6.966944410130566,21.30438402686876,12.178220135179567,6.870589342471819,0.13780183180682765,0.1,,0.037865533836677547,0.009023663830400912,0.057793986774421366,0.1110410436753037,0.1,0.0,0.04804397663111557,0.9531746031746032,0.045794298360293494
fhvhv_avg_trip_speed,FHVHV average speed,FHVHV,weekend_midday,Manhattan,Second half of 2025,2025-07-01,2025-12-31,52,67,0.985361653272101,6.898867811768154,18.55626662038888,13.137860325823324,10.807207821419272,0.11768132828429945,0.014925373134328358,,0.03718428314998037,0.011108762470922223,0.10586385656058102,0.089153978677999,0.014925373134328358,0.0,0.04625245267497552,0.985361653272101,0.04557539323570349
fhvhv_avg_trip_duration,FHVHV average trip duration,FHVHV,weekday_pm_peak,Bronx,Second half of 2025,2025-07-01,2025-12-31,132,43,0.9776250880902043,6.642423801378285,21.53061282508929,13.58582585556886,8.23361420459874,0.13984501712020184,0.046511627906976744,,0.0346180171734192,0.01208209844223688,0.07443782157531317,0.11326361875675175,0.046511627906976744,0.0,0.04647239796451613,0.9776250880902043,0.04543258215382311
fhvhv_avg_trip_duration,FHVHV average trip duration,FHVHV,weekend_evening,Queens,First six months post-CP,2025-01-05,2025-06-30,51,69,0.979539641943734,5.615522973082579,25.616530071251095,16.774723901769978,7.560468296954994,0.12648680011604294,0.08695652173913043,,0.024341697391368815,0.019010910976062226,0.06621806741306252,0.09873256273766316,0.08695652173913043,0.0,0.04637021728946434,0.979539641943734,0.045421466040575044
fhvhv_avg_trip_speed,FHVHV average speed,FHVHV,weekday_midday,Brooklyn,Early 2026,2026-01-01,2026-03-31,64,61,1.0,7.123708863692348,25.118171772029264,11.100087650681067,5.198466118079191,0.1987704918032787,0.01639344262295082,,0.0394342945298916,0.00668110606797368,0.03737576588438018,0.17736269525061277,0.01639344262295082,0.0,0.04527603714973477,1.0,0.04527603714973477
fhvhv_avg_trip_duration,FHVHV average trip duration,FHVHV,weekday_evening,Queens,Early 2026,2026-01-01,2026-03-31,64,69,0.9778079710144928,6.7565171544020135,22.618328012255546,16.499833962262187,6.014510861116181,0.12691060676239,0.10144927536231885,,0.03575976304446312,0.01841363228270511,0.047340451247528836,0.0991935792129468,0.10144927536231885,0.0,0.04624741534724857,0.9778079710144928,0.04522109136535764
avg_bus_speed,Average bus speed,Bus,weekend_midday,Queens,Early 2026,2026-01-01,2026-03-31,26,65,1.0,5.117296021509118,22.325476602731147,20.206758852203112,4.73687630139634,0.11538461538461539,0.15384615384615385,,0.019355880516625103,0.026468009458535318,0.031739313558297885,0.08665561652422639,0.15384615384615385,0.0,0.045218999042867775,1.0,0.045218999042867775
fhvhv_avg_trip_duration,FHVHV average trip duration,FHVHV,weekend_evening,Manhattan,First six months post-CP,2025-01-05,2025-06-30,51,67,0.9853672812408546,6.821409420799989,19.35237229533982,12.750636815303405,10.064676610359935,0.1277101277101277,0.014925373134328358,,0.03640914773918027,0.010267406280096845,0.09679684160379376,0.10006329735544998,0.014925373134328358,0.0,0.04571008135536935,0.9853672812408546,0.045041218590438574
taxi_avg_trip_duration,Taxi average trip duration,Taxi,weekday_pm_peak,Staten Island,First six months post-CP,2025-01-05,2025-06-30,82,16,0.10823170731707317,50.67599137614557,126.59739707803362,0.0,34.319069192346916,0.9014084507042254,1.0,,0.4752672104298211,0.0,0.3929661298885561,0.9416916127063596,1.0,0.0,0.4149004099696294,0.10823170731707317,0.04490537973756659
fhvhv_avg_trip_duration,FHVHV average trip duration,FHVHV,weekday_evening,Manhattan,CP launch transition,2024-11-01,2025-04-30,129,67,0.9850746268656716,6.468331424753648,21.966117036298638,13.630553931705562,6.742334552224047,0.12837679116748885,0.04477611940298507,4.903511170906666,0.03287585387535168,0.012179283253434927,0.056227873344930485,0.10078849324362713,0.04477611940298507,0.0507690678849425,0.045538358972751984,0.9850746268656716,0.04485868197315867
fhvhv_avg_trip_duration,FHVHV average trip duration,FHVHV,weekday_evening,Queens,First six months post-CP,2025-01-05,2025-06-30,126,69,0.979296066252588,5.962255349657017,24.0485817832551,16.85397382683888,6.961094472510355,0.11780596664317594,0.10144927536231885,,0.02781148987988281,0.019183104588453282,0.058899140814417425,0.08928956016873221,0.10144927536231885,0.0,0.04567626384751509,0.979296066252588,0.044730585506986824
taxi_avg_trip_speed,Taxi average speed,Taxi,weekend_overnight,Staten Island,First six months post-CP,2025-01-05,2025-06-30,38,15,0.13508771929824562,26.003275351788623,136.61637518837725,6.219875275777879,36.29758922616714,0.7272727272727273,0.8666666666666667,,0.2283643812843758,0.0,0.41712574832851107,0.7522669348979503,0.8666666666666667,0.0,0.3286047328239366,0.13508771929824562,0.04439046390779494
fhvhv_avg_trip_speed,FHVHV average speed,FHVHV,All temporal buckets,Bronx,Early 2026,2026-01-01,2026-03-31,90,43,0.9811369509043928,9.473653119036419,20.65756247340405,7.36460620530128,4.74751846309151,0.18251250987621806,0.023255813953488372,,0.0629504686067851,0.0,0.03186926451231232,0.15967727764840614,0.023255813953488372,0.0,0.04524111966642924,0.9811369509043928,0.044387734205021144
taxi_avg_trip_duration,Taxi average trip duration,Taxi,weekday_pm_peak,Staten Island,CP launch transition,2024-11-01,2025-04-30,74,15,0.0936936936936937,55.42710792145962,93.42841609790642,0.0,34.774985388661605,0.8942307692307693,0.9333333333333333,40.18995014609656,0.5228122036717375,0.0,0.39853330189352726,0.9338837374827805,0.9333333333333333,0.5338698471625823,0.4710719797850616,0.0936936936936937,0.04413647378166343
fhvhv_avg_trip_speed,FHVHV average speed,FHVHV,weekday_overnight,Staten Island,CP launch transition,2024-11-01,2025-04-30,129,20,0.9445736434108527,5.561722209641704,19.497100549410927,18.906116252649326,7.749918608432254,0.10299548625359048,0.1,2.1895141229042183,0.023803306697347797,0.023641983472363952,0.06853143657808615,0.07317873339120075,0.1,0.013612184761398562,0.04671547300799775,0.9445736434108527,0.04412620454282578
fhvhv_avg_trip_speed,FHVHV average speed,FHVHV,weekday_midday,Citywide,Early 2026,2026-01-01,2026-03-31,64,262,0.9833611641221374,6.964262529641978,24.334112951577083,14.094582048646483,5.459033818568654,0.17332767299411728,0.03435114503816794,,0.037838695936893485,0.013187519887571851,0.040557546262639375,0.14968602064019576,0.03435114503816794,0.0,0.04486414601164569,0.9833611641221374,0.044117658849357456
taxi_avg_trip_duration,Taxi average trip duration,Taxi,weekday_overnight,Staten Island,Second half of 2025,2025-07-01,2025-12-31,96,16,0.11067708333333333,50.44393585675502,92.3554137290154,4.317092925284875,30.6228647462869,0.8588235294117647,1.0,,0.47294500300848247,0.0,0.34783194495920144,0.8953677749758774,1.0,0.0,0.39846055583991846,0.11067708333333333,0.044100452143740976
fhvhv_avg_trip_speed,FHVHV average speed,FHVHV,weekend_midday,Citywide,Early 2026,2026-01-01,2026-03-31,26,261,0.9876215738284704,6.273800980783532,21.17654068664789,14.865903635946577,10.804049122348815,0.10668457176962101,0.019157088122605363,,0.030929164385482554,0.014863441351433507,0.10582528582942621,0.07719171718057612,0.019157088122605363,0.0,0.04456121677018709,0.9876215738284704,0.0440096190382838
fhvhv_avg_trip_duration,FHVHV average trip duration,FHVHV,weekend_evening,Queens,CP launch transition,2024-11-01,2025-04-30,52,69,0.9782608695652174,5.623088203553282,24.38621711564964,15.308604360443468,7.81057488579022,0.11566951566951567,0.08695652173913043,1.5948618456743826,0.024417403560260387,0.01582533799541112,0.0692721076311495,0.08696553078886599,0.08695652173913043,0.00547089913235158,0.04498180844261285,0.9782608695652174,0.044003943041686484
fhvhv_avg_trip_speed,FHVHV average speed,FHVHV,weekday_am_peak,Queens,First six months post-CP,2025-01-05,2025-06-30,126,69,0.9850471589602025,7.432242418818682,22.167263342999135,11.770597853916403,5.6670328295928805,0.15553479682391405,0.057971014492753624,,0.04252182682961051,0.008137985351326526,0.04309741275695555,0.1303309465094616,0.057971014492753624,0.0,0.04450508768083944,0.9850471589602025,0.043839610179285594
taxi_avg_trip_speed,Taxi average speed,Taxi,weekday_midday,Staten Island,First six months post-CP,2025-01-05,2025-06-30,125,17,0.13694117647058823,24.259894345377973,86.10489915363489,25.830644031830396,28.900706179486708,0.7010309278350515,0.9411764705882353,,0.21091815840659103,0.03868754283866853,0.32680274477129323,0.7237211299037781,0.9411764705882353,0.0,0.3198918828896342,0.13694117647058823,0.04380637078629814
fhvhv_avg_trip_duration,FHVHV average trip duration,FHVHV,weekday_am_peak,Citywide,Early 2026,2026-01-01,2026-03-31,64,261,0.9846144636015326,5.796236254262307,26.495661080506462,16.36472940108453,5.4892596663712085,0.16246123913175656,0.05747126436781609,,0.026150116875603282,0.018120078157329453,0.040926632719916166,0.13786552400261873,0.05747126436781609,0.0,0.044372324495610675,0.9846144636015326,0.04368963248199885
taxi_avg_trip_duration,Taxi average trip duration,Taxi,weekday_evening,Staten Island,CP launch transition,2024-11-01,2025-04-30,71,18,0.08763693270735524,43.198615837329264,109.6667908001712,0.0,49.376302836799766,0.8303571428571429,0.9444444444444444,57.9307795568852,0.4004402163812479,0.0,0.5768293273254984,0.8644020661872377,0.9444444444444444,0.7767565980588603,0.4972343229197654,0.08763693270735524,0.043576090897506824
taxi_avg_trip_duration,Taxi average trip duration,Taxi,weekday_evening,Staten Island,First six months post-CP,2025-01-05,2025-06-30,84,15,0.10873015873015873,36.86507019840353,119.03913541241462,0.0,45.97532314923619,0.8029197080291971,1.0,,0.33705966536170046,0.0,0.535300118538604,0.8345556501288038,1.0,0.0,0.39965530429938145,0.10873015873015873,0.043454584673821635
fhvhv_avg_trip_duration,FHVHV average trip duration,FHVHV,weekday_midday,Citywide,CP launch transition,2024-11-01,2025-04-30,129,261,0.9865454869464493,6.067487609811069,21.59706454137182,15.51204262839782,5.256593806223629,0.1298771676300578,0.04597701149425287,5.852475486044773,0.028864561731549054,0.01626736706013492,0.03808556044918666,0.10242060136258668,0.04597701149425287,0.06376118081739872,0.043793775636734034,0.9865454869464493,0.04320455171076532
fhvhv_avg_trip_speed,FHVHV average speed,FHVHV,weekday_pm_peak,Staten Island,Early 2026,2026-01-01,2026-03-31,64,20,0.96015625,7.034030764700513,20.530194492827704,12.32043374071634,5.715744721635028,0.13506916192026036,0.1,,0.03853687503494784,0.00933266443131305,0.04369223146240693,0.10806844791712557,0.1,0.0,0.04498925459486806,0.96015625,0.043196713982103785
fhvhv_avg_trip_speed,FHVHV average speed,FHVHV,weekend_evening,Citywide,Early 2026,2026-01-01,2026-03-31,26,259,0.9903474903474904,5.622619332418723,24.42832281618818,15.392123650844677,8.295349965536584,0.13735192682561104,0.03088803088803089,,0.024412711510568213,0.016006808051136946,0.07519167415343374,0.11055163745564951,0.03088803088803089,0.0,0.04359412785273514,0.9903474903474904,0.04317333511284388
fhvhv_avg_trip_speed,FHVHV average speed,FHVHV,weekend_evening,Citywide,CP launch transition,2024-11-01,2025-04-30,52,261,0.9821691718243443,5.151422434000118,22.15359784071243,15.057211449652748,9.16836608125551,0.11717929482370593,0.04980842911877394,1.627056633381648,0.01969738762043541,0.015279113460802175,0.08585203436569595,0.08860786714701623,0.04980842911877394,0.0059116726272625784,0.04379285300908291,0.9821691718243443,0.0430119901717562
fhvhv_avg_trip_speed,FHVHV average speed,FHVHV,weekday_pm_peak,Brooklyn,Second half of 2025,2025-07-01,2025-12-31,132,61,0.9997516145057128,7.2669002191383925,22.72464285317209,11.879800145967922,6.814349341166842,0.1563975155279503,0.01639344262295082,,0.040867227601949725,0.008375259230555872,0.057107242668036316,0.13126941111242194,0.01639344262295082,0.0,0.04301846479079455,0.9997516145057128,0.04300777962815401
fhvhv_avg_trip_speed,FHVHV average speed,FHVHV,weekend_evening,Staten Island,First six months post-CP,2025-01-05,2025-06-30,51,20,0.9509803921568627,5.127831261409179,22.664249410747665,14.082684910350284,7.314338612687031,0.12989690721649486,0.1,,0.01946130792617674,0.013161669879277747,0.06321258899635981,0.10244207406633309,0.1,0.0,0.04519150796427671,0.9509803921568627,0.042976237966027855
fhvhv_avg_trip_duration,FHVHV average trip duration,FHVHV,weekend_evening,Citywide,First six months post-CP,2025-01-05,2025-06-30,51,261,0.9833220644579671,5.7528775570471264,22.519152170355056,15.944435693842895,8.185948827110876,0.12208724883489953,0.05363984674329502,,0.025716221190996837,0.01720686730378932,0.07385578181164208,0.09394673495052332,0.05363984674329502,0.0,0.04367211234338312,0.9833220644579671,0.042943751668735756
fhvhv_avg_trip_speed,FHVHV average speed,FHVHV,weekday_pm_peak,Staten Island,Second half of 2025,2025-07-01,2025-12-31,132,20,0.9628787878787879,6.133418127314522,23.122395042048286,13.423911504844037,6.663753179106714,0.12549173878835562,0.1,,0.029524336329633666,0.011730292217498897,0.0552683197601549,0.09765013595192137,0.1,0.0,0.044538624665120645,0.9628787878787879,0.042885296931339655
fhvhv_avg_trip_duration,FHVHV average trip duration,FHVHV,weekday_midday,Citywide,Early 2026,2026-01-01,2026-03-31,64,262,0.9833611641221374,6.899977524409246,24.243424326141522,15.337035502667261,5.183027505921016,0.15664988780399053,0.04961832061068702,,0.03719538817750768,0.01588711295708663,0.03718724569120136,0.1315439414393109,0.04961832061068702,0.0,0.04354172828997881,0.9833611641221374,0.04281724461912336
fhvhv_avg_trip_speed,FHVHV average speed,FHVHV,weekday_pm_peak,Bronx,CP launch transition,2024-11-01,2025-04-30,129,43,0.9774652965566973,6.118630629812538,22.357454599679695,10.960129867585966,6.357668061595941,0.1368498708963482,0.023255813953488372,6.437283252459859,0.02937635606813279,0.006377006900278124,0.05153072826610739,0.11000550148326918,0.023255813953488372,0.07176768688284177,0.043778843898040966,0.9774652965566973,0.04279230063370797
fhvhv_avg_trip_speed,FHVHV average speed,FHVHV,weekday_pm_peak,Bronx,Second half of 2025,2025-07-01,2025-12-31,132,43,0.9776250880902043,7.133600728123865,23.329523886748703,10.8989093001621,7.936888946167125,0.15876734546765184,0.0,,0.03953328360394626,0.006243987334036515,0.07081452289616709,0.1338473099142452,0.0,0.0,0.043707654620668585,0.9776250880902043,0.04272969969874735
fhvhv_avg_trip_duration,FHVHV average trip duration,FHVHV,weekday_evening,Citywide,First six months post-CP,2025-01-05,2025-06-30,126,261,0.983731679133978,5.984295186743238,21.61831317930492,17.628945994571055,6.792832762562037,0.11647244289202807,0.08045977011494253,,0.028032045173638092,0.02086695800469694,0.056844504702112525,0.08783895427389746,0.08045977011494253,0.0,0.04341386962890323,0.983731679133978,0.042707598867744584
avg_bus_speed,Average bus speed,Bus,weekend_overnight,Manhattan,Early 2026,2026-01-01,2026-03-31,26,58,1.0,4.795731819762446,19.596528484231463,19.909827724986698,5.121359310074183,0.11936339522546419,0.1206896551724138,,0.016137948972940536,0.02582283984629547,0.03643421814734417,0.09098372953040035,0.1206896551724138,0.0,0.042686668332432245,1.0,0.042686668332432245
fhvhv_avg_trip_speed,FHVHV average speed,FHVHV,weekday_pm_peak,Queens,Second half of 2025,2025-07-01,2025-12-31,132,69,0.9915458937198067,7.629962297907998,22.922704588381478,12.369683495215533,5.939083261524396,0.15546451112833573,0.028985507246376812,,0.04450043337934157,0.009439673909608648,0.04641940824830248,0.13025448979525553,0.028985507246376812,0.0,0.04298061099685699,0.9915458937198067,0.04261724834350192
taxi_avg_trip_speed,Taxi average speed,Taxi,weekend_overnight,Staten Island,CP launch transition,2024-11-01,2025-04-30,31,15,0.11397849462365592,25.68834631351324,87.95806032066866,0.0,34.3155569212573,0.7169811320754716,0.9333333333333333,34.29600942953872,0.22521284861754315,0.0,0.39292324170550397,0.7410717472250336,0.9333333333333333,0.45317688306985243,0.373439001788683,0.11397849462365592,0.04256401525763484
fhvhv_avg_trip_speed,FHVHV average speed,FHVHV,weekend_evening,Brooklyn,Early 2026,2026-01-01,2026-03-31,26,61,0.9993694829760403,6.53632579323206,24.761238609917044,11.527874397009676,8.184092820073051,0.14258675078864352,0.01639344262295082,,0.03355628167773487,0.007610597737767595,0.07383311819384229,0.11624607408841343,0.01639344262295082,0.0,0.04245678478431442,0.9993694829760403,0.042430015058725325
avg_bus_speed,Average bus speed,Bus,weekday_midday,Queens,Second half of 2025,2025-07-01,2025-12-31,132,65,1.0,5.165787306327448,23.315587061497403,20.74949305404425,1.7926969938168131,0.132983682983683,0.15384615384615385,,0.019841138621112822,0.027647258053432353,0.0,0.1057998658717373,0.15384615384615385,0.0,0.04213463750295664,1.0,0.04213463750295664
fhvhv_avg_trip_duration,FHVHV average trip duration,FHVHV,weekday_evening,Bronx,Second half of 2025,2025-07-01,2025-12-31,132,43,0.97815362931642,5.73921581765376,22.007842158572604,13.430375627775085,7.106640386549088,0.11851585014409222,0.09302325581395349,,0.025579506525941726,0.011744337412840965,0.06067639537265446,0.0900617707800458,0.09302325581395349,0.0,0.042998855931331695,0.97815362931642,0.04205948698568597
fhvhv_avg_trip_speed,FHVHV average speed,FHVHV,weekday_evening,Manhattan,Second half of 2025,2025-07-01,2025-12-31,132,66,1.0,6.088024427295873,22.085831836928037,14.388285959681552,7.733840885245311,0.14336547291092747,0.015151515151515152,,0.029070076127841543,0.013825677429935927,0.06833511222910811,0.1170931672879541,0.015151515151515152,0.0,0.042016583637218545,1.0,0.042016583637218545
fhvhv_avg_trip_duration,FHVHV average trip duration,FHVHV,weekend_midday,Bronx,CP launch transition,2024-11-01,2025-04-30,52,43,0.9789803220035778,6.483605156830503,18.68879659155593,10.63058069559698,7.915200877202443,0.09410689812699863,0.06976744186046512,4.204546564833665,0.03302869994457495,0.005660965057513908,0.07054969086923309,0.06350973550339135,0.06976744186046512,0.041199659475134605,0.04275408988620876,0.9789803220035778,0.04185541268377056
fhvhv_avg_trip_duration,FHVHV average trip duration,FHVHV,weekday_pm_peak,Bronx,First six months post-CP,2025-01-05,2025-06-30,126,43,0.9778516057585825,6.639543044272024,21.202944877740947,13.172291619114647,6.862908478641635,0.13816534541336353,0.046511627906976744,,0.034589189091463635,0.011183574513532659,0.0577001960943906,0.11143647343802048,0.046511627906976744,0.0,0.042620404471954754,0.9778516057585825,0.041676430950981225
avg_bus_speed,Average bus speed,Bus,weekend_midday,Citywide,Early 2026,2026-01-01,2026-03-31,26,247,1.0,4.593926525018788,21.77815366770333,18.064839343392748,5.961511540486105,0.10557458735596388,0.12550607287449392,,0.014118459178645045,0.021814063636476165,0.04669327894595395,0.07598427716892296,0.12550607287449392,0.0,0.041564112396826676,1.0,0.041564112396826676
fhvhv_avg_trip_duration,FHVHV average trip duration,FHVHV,weekend_midday,Citywide,CP launch transition,2024-11-01,2025-04-30,52,262,0.9846594245449207,6.162287279233364,19.794703116277436,14.25458760101369,5.999843670454239,0.11092061125605665,0.05343511450381679,5.39710209056819,0.029813233396205296,0.013535178690287185,0.04716135084726937,0.08179967698968113,0.05343511450381679,0.057526739241366635,0.042144848444237236,0.9846594245449207,0.04149832221663553
fhvhv_avg_trip_duration,FHVHV average trip duration,FHVHV,weekday_midday,Queens,CP launch transition,2024-11-01,2025-04-30,129,69,0.9892146949780923,5.747143110361221,22.714437518704464,14.493208662218827,5.243945938684762,0.10982396365701307,0.07246376811594203,5.790636038183285,0.025658835895071733,0.014053652650808589,0.037931117912040284,0.08060674475254649,0.07246376811594203,0.06291454720064331,0.04186024716866506,0.9892146949780923,0.04140877163465856
fhvhv_avg_trip_speed,FHVHV average speed,FHVHV,weekday_am_peak,Brooklyn,CP launch transition,2024-11-01,2025-04-30,129,61,0.9989833523954759,7.582308243739725,26.885274964422578,11.070020362754452,5.5031795996909585,0.15392443709451722,0.03278688524590164,1.2681240664059565,0.04402355354240827,0.006615776101814289,0.041096608394645844,0.12857919869525372,0.03278688524590164,0.0009975864272921237,0.041343303384471834,0.9989833523954759,0.041301271814122895
fhvhv_avg_trip_speed,FHVHV average speed,FHVHV,weekday_overnight,Staten Island,Second half of 2025,2025-07-01,2025-12-31,132,20,0.9492424242424242,5.40410494545606,19.603675909493028,18.631240401227608,7.333469731004893,0.1005586592178771,0.1,,0.022226011825912387,0.02304473538948918,0.06344619821486075,0.07052795521071781,0.1,0.0,0.04347481913713459,0.9492424242424242,0.04126814271123458
fhvhv_avg_trip_duration,FHVHV average trip duration,FHVHV,weekend_midday,Manhattan,CP launch transition,2024-11-01,2025-04-30,52,67,0.9859357060849598,6.802730514793604,18.557078987021583,10.732735177059059,4.8735531455539345,0.11965065502183406,0.014925373134328358,8.799034099315584,0.036222225685938726,0.00588292550945877,0.033408268306281345,0.0912962104694196,0.014925373134328358,0.10410202573119778,0.040994001632774266,0.9859357060849598,0.04041744994505729
fhvhv_avg_trip_duration,FHVHV average trip duration,FHVHV,weekday_midday,Manhattan,First six months post-CP,2025-01-05,2025-06-30,126,67,0.9851930822080076,7.299650050429901,21.13585643158497,12.236777631314503,5.454172024618595,0.16340026451845618,0.014925373134328358,,0.04119495909255364,0.009150897096341327,0.04049817911711681,0.13888699494393,0.014925373134328358,0.0,0.04095193847104177,0.9851930822080076,0.040345566484678325
fhvhv_avg_trip_duration,FHVHV average trip duration,FHVHV,weekend_evening,Brooklyn,Early 2026,2026-01-01,2026-03-31,26,61,0.9993694829760403,6.307065437613425,18.726085634661274,13.56427454058375,8.09782873928113,0.10599369085173502,0.04918032786885246,,0.0312620457955867,0.012035271914945694,0.07277975141393553,0.07644017756138928,0.04918032786885246,0.0,0.04020123684173451,0.9993694829760403,0.04017588927752156
fhvhv_avg_trip_speed,FHVHV average speed,FHVHV,weekday_pm_peak,Brooklyn,CP launch transition,2024-11-01,2025-04-30,129,61,0.9996187571483035,5.85744321612264,22.554592396788664,11.630585795370628,5.686984583977151,0.13119755911517925,0.01639344262295082,6.225835908555629,0.026762622285700605,0.007833768254359648,0.04334104272526118,0.10385692199066555,0.01639344262295082,0.0688727963928112,0.04008433726595831,0.9996187571483035,0.04006905539891067
fhvhv_avg_trip_duration,FHVHV average trip duration,FHVHV,weekday_overnight,Queens,CP launch transition,2024-11-01,2025-04-30,129,69,0.9683181664981463,4.6831795356183346,22.825548563157895,18.00835079544748,5.889332077004231,0.10001160227404571,0.10144927536231885,3.290992076260963,0.015011624763050978,0.021691325764850878,0.04581189878951668,0.0699328671765909,0.10144927536231885,0.028692336600974196,0.04109162742454419,0.9683181664981463,0.039789769326159574
avg_bus_speed,Average bus speed,Bus,weekend_midday,Queens,Second half of 2025,2025-07-01,2025-12-31,52,65,1.0,4.913347627238387,22.203716539560617,20.20669752509592,4.274734045301765,0.11005917159763313,0.12307692307692308,,0.017314944468262893,0.026467876207480305,0.02609611541960296,0.08086260373134738,0.12307692307692308,0.0,0.03973626389683767,1.0,0.03973626389683767
fhvhv_avg_trip_speed,FHVHV average speed,FHVHV,weekend_midday,Citywide,First six months post-CP,2025-01-05,2025-06-30,51,262,0.9850321808112558,6.205213271061689,18.663722074899518,14.698331294456601,9.273377675995203,0.10507521653244188,0.019083969465648856,,0.030242798946095505,0.014499341488968046,0.08713432618853059,0.07544106205206737,0.019083969465648856,0.0,0.04032481665354223,0.9850321808112558,0.03972124208905274
fhvhv_avg_trip_duration,FHVHV average trip duration,FHVHV,weekday_evening,Citywide,Early 2026,2026-01-01,2026-03-31,64,261,0.9826388888888888,6.379571206055747,20.24173507281852,17.937360856423787,6.127419709356131,0.11386621177043987,0.06130268199233716,,0.031987619718623836,0.021537079385017935,0.04871917607484582,0.08500389848653456,0.06130268199233716,0.0,0.04040648197716231,0.9826388888888888,0.03970498055394769
fhvhv_avg_trip_duration,FHVHV average trip duration,FHVHV,weekday_am_peak,Citywide,CP launch transition,2024-11-01,2025-04-30,129,261,0.9838724048828299,5.430396814808236,21.81601511164111,15.001239297160863,5.4726334634121265,0.12733200507154502,0.05747126436781609,3.5045414325887823,0.022489117716652837,0.015157497609146786,0.040723610909304986,0.09965197590127536,0.05747126436781609,0.03161600539421072,0.04028844348887224,0.9838724048828299,0.039638687784382724
avg_bus_speed,Average bus speed,Bus,All temporal buckets,Manhattan,Second half of 2025,2025-07-01,2025-12-31,184,64,0.9955842391304348,5.606283681380027,25.33041239149129,21.209873739817805,3.718737648716666,0.13425452064141932,0.078125,,0.024249238690899514,0.028647569577884814,0.01930686862610478,0.10718228189252695,0.078125,0.0,0.0397629561417511,0.9955842391304348,0.039587372435962116
fhvhv_avg_trip_speed,FHVHV average speed,FHVHV,weekday_pm_peak,Staten Island,CP launch transition,2024-11-01,2025-04-30,129,20,0.9585271317829457,5.313736685993669,23.044489029836527,13.567477374123545,6.205988363226776,0.09583501819652245,0.1,4.321501598316491,0.021321685812343904,0.012042231006410133,0.049678574345476706,0.06538958290594095,0.1,0.042800871426720934,0.04129913436172989,0.9585271317829457,0.03958634080486745
taxi_avg_trip_speed,Taxi average speed,Taxi,weekday_overnight,Staten Island,Early 2026,2026-01-01,2026-03-31,46,15,0.13043478260869565,25.331607711941864,67.01923258869263,6.86716459753165,25.56253565667985,0.7333333333333333,0.8666666666666667,,0.22164292263507693,0.0,0.2860404958478907,0.7588596565275565,0.8666666666666667,0.0,0.3020322988423937,0.13043478260869565,0.03939551724031222
fhvhv_avg_trip_duration,FHVHV average trip duration,FHVHV,weekday_am_peak,Citywide,Second half of 2025,2025-07-01,2025-12-31,132,261,0.9846743295019157,5.690438394955818,23.303304811712685,16.105611962174997,5.549837973217426,0.13919349133356915,0.05363984674329502,,0.02509138500536587,0.017557069828923372,0.04166635167859521,0.11255488961269812,0.05363984674329502,0.0,0.039988032910257286,0.9846743295019157,0.03937518949400813
fhvhv_avg_trip_duration,FHVHV average trip duration,FHVHV,weekend_midday,Citywide,First six months post-CP,2025-01-05,2025-06-30,51,262,0.9850321808112558,6.50039529065027,20.747127800932002,14.96227000923448,6.368011628819634,0.12292964595046346,0.04961832061068702,,0.03319672082795636,0.015072825447570397,0.05165703309656692,0.09486309374846522,0.04961832061068702,0.0,0.039930253270135746,0.9850321808112558,0.03933258445902759
fhvhv_avg_trip_duration,FHVHV average trip duration,FHVHV,weekend_midday,Queens,CP launch transition,2024-11-01,2025-04-30,52,69,0.9944258639910813,5.606000182026598,20.355940191681874,13.929279072575337,6.333467031743756,0.10117713004484305,0.057971014492753624,4.617349349777142,0.024246401678859435,0.012828350884396968,0.05123521058769712,0.07120072720042393,0.057971014492753624,0.046851273888093396,0.039465748092558844,0.9944258639910813,0.0392457606449972
taxi_avg_trip_speed,Taxi average speed,Taxi,weekday_midday,Staten Island,Second half of 2025,2025-07-01,2025-12-31,119,18,0.11764705882352941,29.193186523742497,82.67172619670079,17.61539583402603,30.007117465544855,0.7301587301587301,0.9444444444444444,,0.2602862050633451,0.020837516322692855,0.340313082827973,0.7554063261501436,0.9444444444444444,0.0,0.33308463002590283,0.11764705882352941,0.03918642706187092
fhvhv_avg_trip_duration,FHVHV average trip duration,FHVHV,weekday_overnight,Manhattan,Early 2026,2026-01-01,2026-03-31,64,66,0.9952651515151515,5.463600654060686,22.39815652258178,18.44707764964108,5.978365789745262,0.12868696479543293,0.045454545454545456,,0.02282139251938746,0.022644588014763104,0.04689908541959723,0.10112589982729739,0.045454545454545456,0.0,0.039319582111036866,0.9952651515151515,0.039133409847253546
fhvhv_avg_trip_speed,FHVHV average speed,FHVHV,weekend_midday,Queens,Early 2026,2026-01-01,2026-03-31,26,69,0.9899665551839465,6.197765422791635,21.35051205505593,12.391979443555865,10.501081717907416,0.09234234234234234,0.014492753623188406,,0.030168267434967706,0.009488118370383445,0.10212576458833235,0.06159025336384651,0.014492753623188406,0.0,0.03951864936415169,0.9899665551839465,0.03912214117655151
fhvhv_avg_trip_speed,FHVHV average speed,FHVHV,weekday_overnight,Brooklyn,Early 2026,2026-01-01,2026-03-31,64,61,0.9948770491803278,6.590249187580283,26.897629440183895,12.844251459932863,5.025814640896763,0.15525231719876417,0.03278688524590164,,0.03409589955395726,0.010470811441899024,0.0352675265233826,0.13002366543624452,0.03278688524590164,0.0,0.03927262641596957,0.9948770491803278,0.0390714346822812
fhvhv_avg_trip_speed,FHVHV average speed,FHVHV,weekday_am_peak,Citywide,First six months post-CP,2025-01-05,2025-06-30,126,261,0.9844918810436052,6.8170891257032045,22.254913130590072,13.541384564360644,6.09963602001147,0.13071410921670373,0.0421455938697318,,0.036365914027857764,0.011985536755070466,0.04837991070378704,0.10333102564125131,0.0421455938697318,0.0,0.039659762368257453,0.9844918810436052,0.039044714055668166
fhvhv_avg_trip_speed,FHVHV average speed,FHVHV,weekday_evening,Staten Island,CP launch transition,2024-11-01,2025-04-30,129,20,0.9527131782945737,5.103096730291174,19.04214170258968,16.52518518664576,6.776139930907743,0.09560618388934093,0.1,2.2043696086807483,0.019213786505973444,0.018468715223179163,0.05664066929152461,0.06514065715965994,0.1,0.013815568751498426,0.04094072541439323,0.9527131782945737,0.039004768631232006
taxi_avg_trip_duration,Taxi average trip duration,Taxi,weekday_pm_peak,Staten Island,Second half of 2025,2025-07-01,2025-12-31,83,18,0.09772423025435073,57.872550093805806,118.62559759638108,2.6322408109568016,27.27752062613527,0.8698630136986302,0.8888888888888888,,0.5472840368605846,0.0,0.30698209956382544,0.9073765157041009,0.8888888888888888,0.0,0.39584859352938606,0.09772423025435073,0.03868399909992661
fhvhv_avg_trip_speed,FHVHV average speed,FHVHV,weekday_midday,Staten Island,Early 2026,2026-01-01,2026-03-31,64,20,0.965625,6.237413122321622,21.475214658163367,12.24169901804503,5.492938244195216,0.11812297734627832,0.1,,0.030565026720544477,0.009161590246629683,0.04097155166696271,0.08963440411639358,0.1,0.0,0.040042873856617894,0.965625,0.038666400067796654
avg_bus_speed,Average bus speed,Bus,weekday_midday,Queens,Early 2026,2026-01-01,2026-03-31,64,65,1.0,5.061985308663203,27.692361739560617,20.49885650524529,1.8974511377359184,0.1326923076923077,0.12307692307692308,,0.018802379577765108,0.02710267693619602,0.0,0.10548290810108314,0.12307692307692308,0.0,0.038666273672456807,1.0,0.038666273672456807
taxi_avg_trip_speed,Taxi average speed,Taxi,weekday_evening,Staten Island,Second half of 2025,2025-07-01,2025-12-31,84,17,0.11974789915966387,29.15297519015042,102.22555205411997,4.202406046197764,31.64460682326305,0.7134502923976608,0.8823529411764706,,0.25988380542409206,0.0,0.3603083911421233,0.7372309031111285,0.8823529411764706,0.0,0.3228583688975594,0.11974789915966387,0.0386616114015985
fhvhv_avg_trip_speed,FHVHV average speed,FHVHV,weekday_midday,Bronx,Early 2026,2026-01-01,2026-03-31,64,43,0.9781976744186046,6.542978750661206,23.069385266595155,10.67907476351512,5.274835859795859,0.1515601783060921,0.046511627906976744,,0.03362285862085774,0.005766332585963953,0.03830831333838299,0.12600736018660155,0.046511627906976744,0.0,0.03938008435702704,0.9781976744186046,0.03852150693645232
fhvhv_avg_trip_speed,FHVHV average speed,FHVHV,weekday_evening,Staten Island,Early 2026,2026-01-01,2026-03-31,64,20,0.95234375,6.415359575691125,20.41963925170533,14.834353896230008,6.309282507167302,0.1279737489745693,0.05,,0.032345758226956456,0.01479489032571241,0.05093989445446058,0.10035006432144786,0.05,0.0,0.040408362765928685,0.95234375,0.0384826517278649
fhvhv_avg_trip_speed,FHVHV average speed,FHVHV,All temporal buckets,Citywide,Early 2026,2026-01-01,2026-03-31,90,262,0.9867260390161153,7.902548237628975,20.41066708402951,12.82406752400345,4.987564603822909,0.14832165728284696,0.015267175572519083,,0.04722823357920357,0.010426955945039772,0.034800457054677686,0.1224845000329508,0.015267175572519083,0.0,0.03891186967523072,0.9867260390161153,0.0383953550353517
fhvhv_avg_trip_speed,FHVHV average speed,FHVHV,weekend_evening,Citywide,First six months post-CP,2025-01-05,2025-06-30,51,261,0.9833220644579671,5.185806248316874,21.44926126119026,15.21094198478458,8.370886594604286,0.10925204370081748,0.038314176245210725,,0.02004147057519556,0.015613137955540108,0.07611404850664785,0.07998461075672016,0.038314176245210725,0.0,0.0389634975432828,0.9833220644579671,0.03831366684276377
fhvhv_avg_trip_duration,FHVHV average trip duration,FHVHV,weekday_midday,Queens,Early 2026,2026-01-01,2026-03-31,64,69,0.988677536231884,6.547080393768665,22.868394766083707,15.144340249844372,4.861434458143421,0.1314704535043518,0.057971014492753624,,0.03366390425549224,0.015468426230943595,0.033260287563692766,0.10415377625311141,0.057971014492753624,0.0,0.03867211280881497,0.988677536231884,0.03823424921270067
fhvhv_avg_trip_speed,FHVHV average speed,FHVHV,All temporal buckets,Brooklyn,Early 2026,2026-01-01,2026-03-31,90,61,1.0,7.942788949057233,22.656974106058197,9.485078704398674,4.632274355635609,0.1692167577413479,0.0,,0.04763092720598766,0.0031720273620639426,0.030462023940574574,0.14521417085596786,0.0,0.0,0.03819372269822362,1.0,0.03819372269822362
fhvhv_avg_trip_duration,FHVHV average trip duration,FHVHV,weekday_evening,Manhattan,First six months post-CP,2025-01-05,2025-06-30,126,67,0.9854299928926794,6.263538599653735,20.01127302772139,13.60508561923457,6.996413083298681,0.11636013943983652,0.04477611940298507,,0.030826467506378755,0.012123945904887643,0.05933041476964125,0.0877167906831709,0.04477611940298507,0.0,0.038697493474200054,0.9854299928926794,0.03813367071924546
fhvhv_avg_trip_speed,FHVHV average speed,FHVHV,weekend_midday,Citywide,CP launch transition,2024-11-01,2025-04-30,52,262,0.9846594245449207,5.435947953611924,18.13902634792716,13.89450608270116,8.735518019272398,0.09198658218412226,0.022900763358778626,3.683031289119648,0.022544668628609862,0.012752796406145208,0.08056654630329095,0.0612032577949883,0.022900763358778626,0.0340596803947922,0.03868697513252179,0.9846594245449207,0.03809349467137257
fhvhv_avg_trip_duration,FHVHV average trip duration,FHVHV,weekday_overnight,Queens,Second half of 2025,2025-07-01,2025-12-31,132,69,0.9741985068072024,4.753391352699064,24.2382636959864,18.542042773765797,5.731969551954456,0.10481235207934182,0.10144927536231885,,0.015714242839616244,0.022850927487765533,0.043890352129910874,0.07515511834474214,0.10144927536231885,0.0,0.03905184615379002,0.9741985068072024,0.03804425021108682
taxi_avg_trip_speed,Taxi average speed,Taxi,weekday_overnight,Staten Island,Second half of 2025,2025-07-01,2025-12-31,96,16,0.11067708333333333,29.57447929101069,89.85523239520523,9.887230432647593,32.77312526604846,0.7764705882352941,0.9375,,0.26410184752760707,0.004045819466678283,0.3740886786874073,0.8057843222441669,0.9375,0.0,0.34326720844629743,0.11067708333333333,0.03799181343481156
fhvhv_avg_trip_duration,FHVHV average trip duration,FHVHV,weekend_evening,Brooklyn,Second half of 2025,2025-07-01,2025-12-31,52,61,1.0,5.8760163136345485,18.667635388677876,13.93272901072021,9.100699643183345,0.09110970996216898,0.03278688524590164,,0.026948485500644492,0.012835846882799174,0.0850257625579459,0.060249397008416354,0.03278688524590164,0.0,0.03791990940827049,1.0,0.03791990940827049
taxi_avg_trip_speed,Taxi average speed,Taxi,weekday_evening,Staten Island,First six months post-CP,2025-01-05,2025-06-30,84,15,0.10873015873015873,33.99494376400158,100.0,0.0,38.99639150483366,0.708029197080292,0.8666666666666667,,0.30833796581474354,0.0,0.450080700607447,0.7313338406725576,0.8666666666666667,0.0,0.3480504760519884,0.10873015873015873,0.037843583507240014
fhvhv_avg_trip_duration,FHVHV average trip duration,FHVHV,weekday_am_peak,Queens,First six months post-CP,2025-01-05,2025-06-30,126,69,0.9850471589602025,5.182846116425132,23.85942888361324,15.029438453284811,5.688258304174405,0.11653432975245212,0.08695652173913043,,0.0200118481802394,0.015218768513253511,0.04335659606484779,0.08790627474304295,0.08695652173913043,0.0,0.0383599743627003,0.9850471589602025,0.037786383763764135
avg_bus_speed,Average bus speed,Bus,weekday_midday,Manhattan,Early 2026,2026-01-01,2026-03-31,64,64,1.0,5.067117881977557,26.16543958814433,20.786911817857643,4.000079862072823,0.135498046875,0.0625,,0.018853741854656693,0.027728561248440215,0.02274232563920004,0.10853498857155015,0.0625,0.0,0.037781602096613916,1.0,0.037781602096613916
fhvhv_avg_trip_duration,FHVHV average trip duration,FHVHV,weekend_midday,Queens,First six months post-CP,2025-01-05,2025-06-30,51,69,0.9951690821256038,5.934010775774848,21.35870884479499,13.98645175585975,6.681287491887762,0.11107938320959451,0.057971014492753624,,0.02752884304065235,0.012952575239893497,0.0554824304586344,0.08197238897290468,0.057971014492753624,0.0,0.037933358305041784,0.9951690821256038,0.037750105366370086
fhvhv_avg_trip_speed,FHVHV average speed,FHVHV,weekend_midday,Bronx,Early 2026,2026-01-01,2026-03-31,26,43,0.9794275491949911,5.902687667324729,20.267022317645928,10.16482480384532,11.181831825446103,0.0958904109589041,0.0,,0.027215388936680615,0.0046489743278898205,0.11043837329077592,0.06544983910128269,0.0,0.0,0.03851047189265616,0.9794275491949911,0.03771821710416681
fhvhv_avg_trip_duration,FHVHV average trip duration,FHVHV,weekday_overnight,Citywide,Early 2026,2026-01-01,2026-03-31,64,260,0.9811899038461539,5.176823540658429,23.21505425154992,19.95041886404915,5.793551819048315,0.11857659092301097,0.05384615384615385,,0.019951579542037027,0.025911035953233796,0.04464233040166095,0.09012784454279697,0.05384615384615385,0.0,0.038300333043082974,0.9811899038461539,0.037579900095818256
fhvhv_avg_trip_duration,FHVHV average trip duration,FHVHV,weekday_pm_peak,Brooklyn,First six months post-CP,2025-01-05,2025-06-30,126,61,0.9996096799375488,6.862274166273536,19.431084048347124,13.8156160186154,5.868171976255706,0.12521150592216582,0.03278688524590164,,0.03681808614951851,0.01258138469686122,0.04555351375853558,0.09734529890100911,0.03278688524590164,0.0,0.037500149515567655,0.9996096799375488,0.03748551245486681
fhvhv_avg_trip_speed,FHVHV average speed,FHVHV,All temporal buckets,Bronx,CP launch transition,2024-11-01,2025-04-30,181,43,0.9800848002055762,7.946608952106609,19.011951942308812,6.413327799592561,5.795986255929569,0.13450445726271631,0.023255813953488372,2.0687203892777806,0.047669154434773674,0.0,0.04467205720005666,0.1074541627164541,0.023255813953488372,0.01195841780328137,0.038107789910111156,0.9800848002055762,0.037348865660327364
fhvhv_avg_trip_speed,FHVHV average speed,FHVHV,weekend_evening,Staten Island,Early 2026,2026-01-01,2026-03-31,26,19,0.9939271255060729,5.166039438942657,28.673638704311532,14.162994336214854,6.98749590567719,0.11608961303462322,0.05263157894736842,,0.01984366174244059,0.013336165566644622,0.05922152751795113,0.08742251231147105,0.05263157894736842,0.0,0.037523613985197,0.9939271255060729,0.03729573778690633
fhvhv_avg_trip_speed,FHVHV average speed,FHVHV,weekend_midday,Brooklyn,Early 2026,2026-01-01,2026-03-31,26,61,1.0,5.547377347850904,21.27413605245705,12.461258953079632,8.259673515286027,0.10844892812105927,0.03278688524590164,,0.023659755944510027,0.009638648342483805,0.07475603063675867,0.07911098237685209,0.03278688524590164,0.0,0.03723815528299267,1.0,0.03723815528299267
fhvhv_avg_trip_duration,FHVHV average trip duration,FHVHV,weekday_overnight,Citywide,CP launch transition,2024-11-01,2025-04-30,129,261,0.9768629896937836,4.756466993055829,22.25855527041974,18.619145926501552,5.825820108799329,0.10261477652782,0.06896551724137931,2.8567798315165014,0.01574502114163899,0.023018456610156064,0.04503635702497956,0.07276459770599214,0.06896551724137931,0.022747608827354646,0.03799689204863494,0.9768629896937836,0.03711775756570148
fhvhv_avg_trip_speed,FHVHV average speed,FHVHV,All temporal buckets,Queens,Early 2026,2026-01-01,2026-03-31,90,69,0.9943639291465378,8.366846889979616,20.541939114896348,8.814925189724827,4.9905385828822375,0.1548178137651822,0.0,,0.051874525893378515,0.0017159230888054006,0.03483677217815059,0.12955101300576669,0.0,0.0,0.037203892337372174,0.9943639291465378,0.036994208564134164
fhvhv_avg_trip_duration,FHVHV average trip duration,FHVHV,weekend_midday,Bronx,First six months post-CP,2025-01-05,2025-06-30,51,43,0.9785681714546284,6.347654972791386,19.100359315661844,10.812581262264562,7.998625409701545,0.10298229263746506,0.046511627906976744,,0.031668230143481094,0.006056414453894557,0.07156838405366261,0.07316438138786428,0.046511627906976744,0.0,0.037787246451779694,0.9785681714546284,0.03697739666462345
taxi_avg_trip_speed,Taxi average speed,Taxi,weekday_midday,Staten Island,CP launch transition,2024-11-01,2025-04-30,125,17,0.11152941176470588,24.509616319059997,86.02003264863446,14.4182538021801,31.158433821097184,0.7046413502109705,0.8823529411764706,13.39179547384034,0.21341715615540022,0.013890791321853233,0.3543717546525471,0.7276485440025846,0.8823529411764706,0.16698075941779,0.33111113165186656,0.11152941176470588,0.036928629741878764
fhvhv_avg_trip_duration,FHVHV average trip duration,FHVHV,weekday_midday,Brooklyn,Early 2026,2026-01-01,2026-03-31,64,61,1.0,6.896462427034823,22.405399812006,12.214033020519398,4.48644224020834,0.14677254098360656,0.03278688524590164,,0.03716021217638928,0.009101477785322012,0.02868127459015661,0.12079937276504243,0.03278688524590164,0.0,0.03684226123898621,1.0,0.03684226123898621
avg_bus_speed,Average bus speed,Bus,weekend_overnight,Manhattan,Second half of 2025,2025-07-01,2025-12-31,52,58,1.0,4.512338333650682,19.610917655722908,19.57197584146099,5.5480683642224555,0.10212201591511937,0.08620689655172414,,0.01330199635980666,0.02508875793736203,0.04164474306338,0.07222857317031316,0.08620689655172414,0.0,0.036716512999697234,1.0,0.036716512999697234
fhvhv_avg_trip_duration,FHVHV average trip duration,FHVHV,weekend_midday,Queens,Second half of 2025,2025-07-01,2025-12-31,52,69,0.9966555183946488,5.296766467134379,20.669641239713016,15.322274691396537,7.185802799021361,0.10878076062639822,0.043478260869565216,,0.021151862796367885,0.015855040782730395,0.06164304400265272,0.07947194946718558,0.043478260869565216,0.0,0.03679136006252108,0.9966555183946488,0.03666831203555613
fhvhv_avg_trip_duration,FHVHV average trip duration,FHVHV,weekday_overnight,Queens,First six months post-CP,2025-01-05,2025-06-30,126,69,0.9706694271911663,4.615378314906766,22.70424302133391,18.016779900805616,5.888513273045785,0.09776039815143975,0.10144927536231885,,0.014333129813541774,0.021709640458518795,0.04580190041149926,0.06748400942814994,0.10144927536231885,0.0,0.03772194511009228,0.9706694271911663,0.036615538852549895
fhvhv_avg_trip_duration,FHVHV average trip duration,FHVHV,weekend_midday,Manhattan,First six months post-CP,2025-01-05,2025-06-30,51,67,0.9856599356160375,7.45657483891259,20.56586628170156,11.975556883834422,5.179511188472603,0.1428147268408551,0.014925373134328358,,0.04276532427655597,0.008583318715655442,0.03714430809824538,0.1164940662257373,0.014925373134328358,0.0,0.03709440340116756,0.9856599356160375,0.03656246726811014
fhvhv_avg_trip_duration,FHVHV average trip duration,FHVHV,weekday_am_peak,Brooklyn,Early 2026,2026-01-01,2026-03-31,64,61,0.9994877049180327,5.490635327048954,24.904175484653365,12.248746447698947,5.039079117013842,0.15351101998974884,0.03278688524590164,,0.023091931735225547,0.00917690284622047,0.035429498439924566,0.1281294839536255,0.03278688524590164,0.0,0.03649662286421913,0.9994877049180327,0.03647792582381738
taxi_avg_trip_speed,Taxi average speed,Taxi,weekend_evening,Staten Island,Second half of 2025,2025-07-01,2025-12-31,48,16,0.14192708333333334,20.24966594037231,94.69852460867797,23.65851517042654,22.78966599709541,0.6146788990825688,0.6875,,0.17078732166620703,0.033967958373461817,0.2521811101382917,0.6297874734304916,0.6875,0.0,0.256303796968839,0.14192708333333334,0.03637645035104616
fhvhv_avg_trip_duration,FHVHV average trip duration,FHVHV,weekday_overnight,Citywide,Second half of 2025,2025-07-01,2025-12-31,132,261,0.9796238244514106,4.741706117331535,22.337652379455765,18.997399438530895,5.732520744187851,0.10684444444444445,0.07662835249042145,,0.015597307287461178,0.02384032285897971,0.04389708271328545,0.07736562652738921,0.07662835249042145,0.0,0.03712663794304478,0.9796238244514106,0.036370139050788376
fhvhv_avg_trip_speed,FHVHV average speed,FHVHV,weekday_pm_peak,Citywide,First six months post-CP,2025-01-05,2025-06-30,126,261,0.987167791765493,5.7669933340979345,20.99835654546558,15.407889820458463,6.259045301186372,0.12216609167077377,0.034482758620689655,,0.0258574794653591,0.01604106466017484,0.05032645020965038,0.09403250011397557,0.034482758620689655,0.0,0.036800202979210904,0.987167791765493,0.03632797511150954
fhvhv_avg_trip_speed,FHVHV average speed,FHVHV,weekday_evening,Citywide,Early 2026,2026-01-01,2026-03-31,64,261,0.9826388888888888,5.979367889095471,20.112391527867036,17.613689325683076,5.133934531791386,0.11752162787864019,0.05363984674329502,,0.027982737114968164,0.020833808434819225,0.036587773609655476,0.0889802567254223,0.05363984674329502,0.0,0.03683357743677238,0.9826388888888888,0.03619410560627286
fhvhv_avg_trip_duration,FHVHV average trip duration,FHVHV,weekend_midday,Citywide,Second half of 2025,2025-07-01,2025-12-31,52,262,0.9856136230182032,5.3962938584511715,19.89989958239426,15.965984258679814,7.076044830619608,0.10269585939827226,0.04961832061068702,,0.02214784534118876,0.0172536878555802,0.060302794426199895,0.07285279957697263,0.04961832061068702,0.0,0.036693301914987375,0.9856136230182032,0.03616541824093148
fhvhv_avg_trip_duration,FHVHV average trip duration,FHVHV,weekend_evening,Brooklyn,CP launch transition,2024-11-01,2025-04-30,52,61,1.0,5.790039611451002,18.248799807695264,13.072324522184147,8.034777164812517,0.09079445145018916,0.03278688524590164,2.168376490905852,0.026088106327603437,0.010966366793452887,0.07200983149644102,0.05990645909262662,0.03278688524590164,0.013322792950066319,0.0359581159466629,1.0,0.0359581159466629
fhvhv_avg_trip_speed,FHVHV average speed,FHVHV,weekday_midday,Queens,Early 2026,2026-01-01,2026-03-31,64,69,0.988677536231884,6.569775999223458,21.604008355773896,12.035300768552048,4.858595521779605,0.1449839670178653,0.028985507246376812,,0.033891021901981795,0.008713129757354955,0.033225621440452824,0.11885376367047705,0.028985507246376812,0.0,0.0363282263830349,0.988677536231884,0.03591690135605307
taxi_avg_trip_speed,Taxi average speed,Taxi,weekday_evening,Staten Island,Early 2026,2026-01-01,2026-03-31,43,15,0.12868217054263567,23.98751449292728,78.37553343971943,10.843233159311477,25.82467057734778,0.6746987951807228,0.7333333333333333,,0.20819242054676623,0.006123014654141536,0.2892414134807018,0.6950770605206416,0.7333333333333333,0.0,0.27861241288045857,0.12868217054263567,0.035852450029578396
fhvhv_avg_trip_speed,FHVHV average speed,FHVHV,weekday_overnight,Staten Island,First six months post-CP,2025-01-05,2025-06-30,126,20,0.9436507936507936,5.280549917419433,18.616632969002147,18.791438824790397,7.531881726115214,0.09545836837678721,0.05,,0.020989581837934066,0.023392813261217702,0.06586899809246417,0.06497986358273723,0.05,0.0,0.03796689883879466,0.9436507936507936,0.035827494221687975
fhvhv_avg_trip_duration,FHVHV average trip duration,FHVHV,All temporal buckets,Manhattan,CP launch transition,2024-11-01,2025-04-30,181,67,0.9866413787416508,6.362711442886944,18.362896176833498,9.919582782852057,4.461117272587745,0.11124111993313832,0.014925373134328358,8.03465164560983,0.03181890204599346,0.004116114398139776,0.028372032558608207,0.08214832603018016,0.014925373134328358,0.09363699242729759,0.03624570098114489,0.9866413787416508,0.035761508389494406
fhvhv_avg_trip_duration,FHVHV average trip duration,FHVHV,weekday_overnight,Queens,Early 2026,2026-01-01,2026-03-31,64,69,0.9696557971014492,5.015448571881322,22.436416107219472,18.015446271400183,5.748045407133299,0.10742643624474545,0.07246376811594203,,0.01833668086995765,0.02170674275906087,0.04408665366872668,0.07799871666585538,0.07246376811594203,0.0,0.0368575369089746,0.9696557971014492,0.03573912433066785
fhvhv_avg_trip_speed,FHVHV average speed,FHVHV,weekday_midday,Manhattan,Second half of 2025,2025-07-01,2025-12-31,132,67,0.9855269109000452,6.37365911377686,22.48791968578018,12.116873182047307,6.5209391164843575,0.12953189536484627,0.014925373134328358,,0.031928456701938314,0.008890369654288521,0.05352442371571915,0.10204501451397775,0.014925373134328358,0.0,0.03611245798763312,0.9855269109000452,0.03558979916555973
avg_bus_speed,Average bus speed,Bus,weekend_midday,Manhattan,First six months post-CP,2025-01-05,2025-06-30,51,63,1.0,4.602423874173643,18.8685902063215,17.249005831657772,6.742717316145102,0.0967942732648615,0.06349206349206349,,0.014203493171031577,0.02004142701413006,0.056232547257818497,0.06643305967610344,0.06349206349206349,0.0,0.035411730139924394,1.0,0.035411730139924394
fhvhv_avg_trip_duration,FHVHV average trip duration,FHVHV,weekend_overnight,Queens,Second half of 2025,2025-07-01,2025-12-31,52,69,0.9841137123745819,4.892774587006208,21.891357320220436,18.166751657241697,6.041080808197799,0.09855564995751911,0.07246376811594203,,0.017109067586591916,0.022035497908540442,0.04766489566683667,0.06834908360233224,0.07246376811594203,0.0,0.03596240647976487,0.9841137123745819,0.035391097346725124
fhvhv_avg_trip_speed,FHVHV average speed,FHVHV,weekday_am_peak,Manhattan,First six months post-CP,2025-01-05,2025-06-30,126,66,0.9989177489177489,6.2125670351278295,23.044337844392484,12.625476991715153,6.9874397366867145,0.11833393523534369,0.015151515151515152,,0.03031638894530782,0.009995460002152104,0.059220841640954765,0.08986388391169285,0.015151515151515152,0.0,0.03540104521969599,0.9989177489177489,0.03536273240019415
fhvhv_avg_trip_duration,FHVHV average trip duration,FHVHV,weekday_pm_peak,Brooklyn,Second half of 2025,2025-07-01,2025-12-31,132,61,0.9997516145057128,5.895476835557164,19.77700259634978,13.77352285768806,6.567854392140232,0.11093167701863355,0.03278688524590164,,0.027143229278127175,0.012489925008656666,0.054097304019924464,0.08181171431590879,0.03278688524590164,0.0,0.03492103358375098,0.9997516145057128,0.034912359705563265
fhvhv_avg_trip_duration,FHVHV average trip duration,FHVHV,weekday_evening,Brooklyn,Second half of 2025,2025-07-01,2025-12-31,132,61,0.9991306507699951,5.563327990519204,21.119391569195805,15.237079425374564,6.936832860709763,0.10379117464263518,0.03278688524590164,,0.02381937593922822,0.015669929180389,0.05860288337258154,0.07404428247992623,0.03278688524590164,0.0,0.0347872650540383,0.9991306507699951,0.03475702277194959
fhvhv_avg_trip_duration,FHVHV average trip duration,FHVHV,weekday_midday,Citywide,Second half of 2025,2025-07-01,2025-12-31,132,262,0.9841545223224613,5.31836255329633,21.743354046937128,16.034539002704975,5.963910425146839,0.11596544834880715,0.04198473282442748,,0.021367977421388924,0.017402643062919172,0.046722571617796596,0.08728744608185193,0.04198473282442748,0.0,0.03526036076828744,0.9841545223224613,0.03470164350883158
avg_bus_speed,Average bus speed,Bus,weekday_pm_peak,Manhattan,Second half of 2025,2025-07-01,2025-12-31,132,64,1.0,4.862924599667985,26.49437236974192,19.474378115375714,3.64052876530096,0.11919981060606061,0.078125,,0.016810355182311526,0.024876698367574876,0.018351863496189544,0.09080578233372921,0.078125,0.0,0.03468498567765331,1.0,0.03468498567765331
fhvhv_avg_trip_duration,FHVHV average trip duration,FHVHV,weekday_evening,Brooklyn,CP launch transition,2024-11-01,2025-04-30,129,61,0.9982208666920829,5.790905261629726,18.68255095526591,14.508848893771617,6.12079905258495,0.08835136855506047,0.04918032786885246,3.219061175211726,0.026096768992790613,0.014087635622620436,0.04863833153514975,0.05724887579409662,0.04918032786885246,0.027707542573572844,0.0347450474246002,0.9982208666920829,0.03468323135344194
fhvhv_avg_trip_speed,FHVHV average speed,FHVHV,weekday_evening,Brooklyn,Early 2026,2026-01-01,2026-03-31,64,61,0.9994877049180327,6.295296768613868,20.87101841635071,12.695036481062271,4.6321789950072985,0.13634033828805742,0.03278688524590164,,0.03114427531306672,0.010146598312205306,0.030460859496265296,0.10945123238640389,0.03278688524590164,0.0,0.03455404992246848,0.9994877049180327,0.03453634805263115
fhvhv_avg_trip_speed,FHVHV average speed,FHVHV,weekday_am_peak,Bronx,First six months post-CP,2025-01-05,2025-06-30,126,43,0.9771133259505352,6.8184331378147105,23.17814020095013,8.821598704689928,6.079872823971246,0.13128069512655838,0.023255813953488372,,0.036379363718293506,0.0017304232495082322,0.04813858321287257,0.10394735726643459,0.023255813953488372,0.0,0.0352538801839243,0.9771133259505352,0.03444703611917594
fhvhv_avg_trip_speed,FHVHV average speed,FHVHV,All temporal buckets,Staten Island,Early 2026,2026-01-01,2026-03-31,90,20,0.9794444444444445,7.469567741704446,19.32679492000918,7.905874726657011,4.984162845264201,0.12535450935904707,0.05,,0.042895345813502045,0.0,0.03475891833513056,0.09750085790649592,0.05,0.0,0.03515598151570091,0.9794444444444445,0.03443333078454484
taxi_avg_trip_speed,Taxi average speed,Taxi,weekday_overnight,Staten Island,First six months post-CP,2025-01-05,2025-06-30,85,16,0.125,21.340846436946507,71.88199541606751,7.14779262696574,23.486839120049293,0.6411764705882353,0.875,,0.18170689580010188,0.0,0.2606942595374593,0.6586115070420709,0.875,0.0,0.2747719571238229,0.125,0.03434649464047786
fhvhv_avg_trip_speed,FHVHV average speed,FHVHV,weekend_midday,Queens,First six months post-CP,2025-01-05,2025-06-30,51,69,0.9951690821256038,6.16164845770864,17.178976402176026,10.702264744623449,8.299912724483308,0.08280982295830953,0.043478260869565216,,0.02980684063257046,0.005816719594088586,0.07524738979608685,0.051220787653766864,0.043478260869565216,0.0,0.03449597021927516,0.9951690821256038,0.034329323020148225
fhvhv_avg_trip_duration,FHVHV average trip duration,FHVHV,weekend_overnight,Queens,Early 2026,2026-01-01,2026-03-31,26,69,0.9765886287625418,4.861207789966011,20.80789606724833,18.702362454857116,5.271939315783971,0.09474885844748858,0.08695652173913043,,0.016793174861664893,0.02319926882689606,0.038272943770764,0.06420805934228148,0.08695652173913043,0.0,0.03513990200846506,0.9765886287625418,0.034317228717296984
avg_bus_speed,Average bus speed,Bus,weekday_pm_peak,Manhattan,Early 2026,2026-01-01,2026-03-31,64,64,1.0,4.433147252337745,33.85021920133308,17.921460328104562,4.112742914438396,0.110107421875,0.09375,,0.012509521708862322,0.021502530842444134,0.02411804906423776,0.0809150903381405,0.09375,0.0,0.03421341041595213,1.0,0.03421341041595213
taxi_avg_trip_speed,Taxi average speed,Taxi,weekday_overnight,Staten Island,CP launch transition,2024-11-01,2025-04-30,75,15,0.12444444444444444,20.837856655608785,62.16371178850254,0.0,21.63011637790162,0.6285714285714286,0.8,11.934477641168508,0.17667341671652906,0.0,0.23802190230463346,0.6448997540729315,0.8,0.14702886285169073,0.27437691320034135,0.12444444444444444,0.03414468253159803
fhvhv_avg_trip_duration,FHVHV average trip duration,FHVHV,weekday_midday,Bronx,Early 2026,2026-01-01,2026-03-31,64,43,0.9781976744186046,5.988354316942944,21.314201658809026,12.044073383586174,5.026243072208581,0.12927191679049035,0.046511627906976744,,0.0280726653765046,0.008732190826138663,0.03527275807870898,0.10176221006286332,0.046511627906976744,0.0,0.03476762669770456,0.9781976744186046,0.034009611580748784
avg_bus_speed,Average bus speed,Bus,weekend_midday,Manhattan,CP launch transition,2024-11-01,2025-04-30,52,63,1.0,4.9029530504209715,18.673753168758413,16.37602472945251,6.283087112349481,0.09126984126984126,0.031746031746031744,3.7914153009197444,0.01721092469105409,0.01814462055775613,0.05062002367586626,0.06042358769580161,0.031746031746031744,0.03554354791111138,0.033894840932907656,1.0,0.033894840932907656
fhvhv_avg_trip_speed,FHVHV average speed,FHVHV,weekday_midday,Manhattan,First six months post-CP,2025-01-05,2025-06-30,126,67,0.9851930822080076,5.694873765922014,21.31403793487945,13.50081271086054,5.734327447529218,0.12528555969700614,0.029850746268656716,,0.02513577029471879,0.011897382551649965,0.04391914428588289,0.09742585452832785,0.029850746268656716,0.0,0.03438428136014768,0.9851930822080076,0.033875156132711234
avg_bus_speed,Average bus speed,Bus,weekday_am_peak,Manhattan,Early 2026,2026-01-01,2026-03-31,64,64,1.0,4.43724180976751,28.100374080247565,18.960549955638236,3.209973172234663,0.107666015625,0.109375,,0.012550496436270096,0.02376025659306826,0.013094368667802364,0.07825933089262034,0.109375,0.0,0.033745436802974614,1.0,0.033745436802974614
fhvhv_avg_trip_duration,FHVHV average trip duration,FHVHV,weekday_midday,Citywide,First six months post-CP,2025-01-05,2025-06-30,126,262,0.9833999757663879,5.796442855068184,20.333474862570174,15.139419088211962,5.27677094251951,0.11283267619517004,0.04961832061068702,,0.02615218435465279,0.01545773356974665,0.03833194254579764,0.08387961945009645,0.04961832061068702,0.0,0.03430503375110992,0.9833999757663879,0.03373556935950662
fhvhv_avg_trip_speed,FHVHV average speed,FHVHV,weekend_evening,Citywide,Second half of 2025,2025-07-01,2025-12-31,52,261,0.9858532272325375,5.486690905203027,17.618920372199927,15.89798517191843,8.218849342670346,0.08295964125560538,0.02681992337164751,,0.023052459432616412,0.017105939975963217,0.0742575285156468,0.051383759858067236,0.02681992337164751,0.0,0.03412803889951828,0.9858532272325375,0.033645237288207674
fhvhv_avg_trip_speed,FHVHV average speed,FHVHV,weekday_midday,Citywide,CP launch transition,2024-11-01,2025-04-30,129,261,0.9865454869464493,5.286891537858115,20.98416715992656,14.236870819892218,5.477462931424694,0.1084417148362235,0.02681992337164751,3.940389811314126,0.021053043194443483,0.013496683807943822,0.04078258332427028,0.07910313577232414,0.02681992337164751,0.03758313320660218,0.0340470722794023,0.9865454869464493,0.033588985500983895
fhvhv_avg_trip_duration,FHVHV average trip duration,FHVHV,weekend_midday,Manhattan,Second half of 2025,2025-07-01,2025-12-31,52,67,0.985361653272101,5.612517421045826,19.821143689231846,13.883810498573375,6.989069039514087,0.11302068161957472,0.014925373134328358,,0.024311620471572648,0.012729557125275298,0.059240736983917984,0.0840841315757092,0.014925373134328358,0.0,0.03399801782220617,0.985361653272101,0.03350034304926343
fhvhv_avg_trip_duration,FHVHV average trip duration,FHVHV,weekday_evening,Brooklyn,Early 2026,2026-01-01,2026-03-31,64,61,0.9994877049180327,6.26120516187933,18.511957678153024,14.944379736523523,5.464351067420627,0.10020502306509482,0.04918032786885246,,0.030803116514636835,0.01503395360406919,0.040622474947321886,0.07014327013299715,0.04918032786885246,0.0,0.03348313000024386,0.9994877049180327,0.03346597675741587
fhvhv_avg_trip_duration,FHVHV average trip duration,FHVHV,weekday_overnight,Manhattan,CP launch transition,2024-11-01,2025-04-30,129,67,0.9800995024875622,4.876840849102808,19.026686989921764,15.540328792927593,5.5688157408182075,0.08440561917129029,0.05970149253731343,4.359225457313449,0.016949616759884076,0.016328827015419854,0.04189808833844178,0.052956693288377626,0.05970149253731343,0.04331734251896133,0.03409713527240425,0.9800995024875622,0.033418585316734514
fhvhv_avg_trip_speed,FHVHV average speed,FHVHV,weekday_pm_peak,Staten Island,First six months post-CP,2025-01-05,2025-06-30,126,20,0.9646825396825397,4.869702212699169,19.33347276120592,14.668771895377505,6.230234334201821,0.08227067050596462,0.1,,0.016878179568998435,0.014435115059692399,0.04997464079790088,0.050634298118118974,0.1,0.0,0.034574487556020814,0.9646825396825397,0.03335340446376452
fhvhv_avg_trip_duration,FHVHV average trip duration,FHVHV,weekday_am_peak,Bronx,Early 2026,2026-01-01,2026-03-31,64,43,0.9771075581395349,5.2599620332938954,24.102859904769794,11.034972858863936,4.833389204283691,0.15470435105987357,0.023255813953488372,,0.020783556411641493,0.006539625161672071,0.03291782824019808,0.1294275883805788,0.023255813953488372,0.0,0.03411490287322159,0.9771075581395349,0.033333929442620945
avg_bus_speed,Average bus speed,Bus,weekend_midday,Citywide,Second half of 2025,2025-07-01,2025-12-31,52,247,1.0,4.217446162047014,20.930310172643303,16.979394574557773,5.246696628041022,0.09389598255995017,0.0931174089068826,,0.010350975021502765,0.019455617800291973,0.037964706455071495,0.06328030174594268,0.0931174089068826,0.0,0.03333082689796751,1.0,0.03333082689796751
fhvhv_avg_trip_duration,FHVHV average trip duration,FHVHV,weekday_overnight,Citywide,First six months post-CP,2025-01-05,2025-06-30,126,261,0.9776196557805753,4.634251771119659,21.69948511458661,18.0860980207598,5.690115738176104,0.09744945567651633,0.06896551724137931,,0.014521998754039268,0.02186025432305796,0.04337927710723875,0.06714576649345144,0.06896551724137931,0.0,0.03401373545117574,0.9776196557805753,0.033252496343589975
fhvhv_avg_trip_duration,FHVHV average trip duration,FHVHV,weekend_overnight,Queens,CP launch transition,2024-11-01,2025-04-30,52,69,0.9774247491638796,4.447608183107466,20.052956961951438,17.199185349985562,5.507549243613761,0.0861134873110921,0.08695652173913043,2.18558088904566,0.012654233977896492,0.01993317746433249,0.04114996591849641,0.05481451066063249,0.08695652173913043,0.013558335509466772,0.03401779666931629,0.9774247491638796,0.033249836376614335
fhvhv_avg_trip_duration,FHVHV average trip duration,FHVHV,weekend_midday,Bronx,Second half of 2025,2025-07-01,2025-12-31,52,43,0.9785330948121646,5.621545402996256,17.493504185227266,10.917453911058203,8.449052880004757,0.07998171846435101,0.046511627906976744,,0.024401964570002453,0.00628428091838767,0.07706853347413016,0.048144378218529134,0.046511627906976744,0.0,0.033737989361900485,0.9785330948121646,0.033013739143040365
avg_bus_speed,Average bus speed,Bus,weekday_pm_peak,Queens,Second half of 2025,2025-07-01,2025-12-31,132,66,1.0,4.612936327266808,23.207738232877595,18.953981518789362,1.8928688244983434,0.10950413223140495,0.12121212121212122,,0.014308692550272959,0.023745984745267942,0.0,0.0802588324255698,0.12121212121212122,0.0,0.03295827168141917,1.0,0.03295827168141917
fhvhv_avg_trip_duration,FHVHV average trip duration,FHVHV,weekend_evening,Bronx,Second half of 2025,2025-07-01,2025-12-31,52,43,0.9785330948121646,5.538288194543653,17.076762649244053,11.652209750903703,7.996072549526252,0.06946983546617916,0.06976744186046512,,0.023568799696974025,0.007880752614460761,0.07153721119379192,0.03670956168088913,0.06976744186046512,0.0,0.03347456876994827,0.9785330948121646,0.03275597337596011
fhvhv_avg_trip_duration,FHVHV average trip duration,FHVHV,weekday_midday,Queens,Second half of 2025,2025-07-01,2025-12-31,132,69,0.9922046552481335,5.09990894721465,22.200672660829515,15.950517581485995,5.688199587662269,0.09947991590129468,0.057971014492753624,,0.019181885978300738,0.017220081981311242,0.04335587908017992,0.06935449923537347,0.057971014492753624,0.0,0.033012849841605324,0.9922046552481335,0.03275550329584841
fhvhv_avg_trip_duration,FHVHV average trip duration,FHVHV,weekday_evening,Bronx,CP launch transition,2024-11-01,2025-04-30,129,43,0.9787272399495223,5.131767172272845,18.828697639091907,13.268892999650294,5.955954067820647,0.09080862037207589,0.06976744186046512,2.232430882706842,0.01950069505836535,0.011393469231564674,0.046625416899175126,0.05992187203266211,0.06976744186046512,0.014199750996668049,0.0334585897900119,0.9787272399495223,0.03274683323778161
fhvhv_avg_trip_duration,FHVHV average trip duration,FHVHV,weekday_evening,Manhattan,Early 2026,2026-01-01,2026-03-31,64,67,0.9846082089552238,5.94401371453862,18.910901341729662,13.4498029081884,6.679525961484327,0.10090004737091426,0.029850746268656716,,0.02762894364887505,0.011786548854560234,0.05546092049073421,0.07089931692572002,0.029850746268656716,0.0,0.03318458220728559,0.9846082089552238,0.03267381205204285
fhvhv_avg_trip_duration,FHVHV average trip duration,FHVHV,weekday_midday,Queens,First six months post-CP,2025-01-05,2025-06-30,126,69,0.9903381642512077,5.446629166152213,21.722822258502916,14.633925881659774,5.038183485731508,0.09953542392566783,0.07246376811594203,,0.022651556803884018,0.014359401915809079,0.03541856192693799,0.06941488081260223,0.07246376811594203,0.0,0.03286248315860121,0.9903381642512077,0.032544971244025354
fhvhv_avg_trip_speed,FHVHV average speed,FHVHV,weekend_midday,Queens,CP launch transition,2024-11-01,2025-04-30,52,69,0.9944258639910813,5.08261193243614,16.441792238687945,10.928590844028164,7.9424306858711935,0.06502242152466367,0.043478260869565216,4.052396784577553,0.01900879267635665,0.006308479158542312,0.07088219282846761,0.03187166893636216,0.043478260869565216,0.039116602086988125,0.03259555352671009,0.9944258639910813,0.03241386147806622
avg_bus_speed,Average bus speed,Bus,weekend_midday,Bronx,Early 2026,2026-01-01,2026-03-31,26,42,1.0,4.511709055745669,18.693266870512662,10.865767635320815,7.131648656923041,0.07509157509157509,0.09523809523809523,,0.013295699100319176,0.0061719773859550174,0.060981770228481065,0.042824884810909056,0.09523809523809523,0.0,0.032346030457694686,1.0,0.032346030457694686
fhvhv_avg_trip_speed,FHVHV average speed,FHVHV,weekend_midday,Bronx,CP launch transition,2024-11-01,2025-04-30,52,43,0.9789803220035778,5.660438901292456,16.22161927485777,8.811359952194724,9.267634822935353,0.07537688442211055,0.0,3.9162299176246567,0.024791176473354125,0.0017081765688079784,0.08706420047015977,0.04313524403500974,0.0,0.0372523641120825,0.032993642547364484,0.9789803220035778,0.03230012680508983
taxi_avg_trip_speed,Taxi average speed,Taxi,weekday_evening,Staten Island,CP launch transition,2024-11-01,2025-04-30,71,18,0.08763693270735524,34.12691429261926,100.0,0.0,38.99639150483366,0.6875,0.8888888888888888,16.6389430220913,0.30965861072661127,0.0,0.450080700607447,0.7090021992036581,0.8888888888888888,0.21143691754960034,0.36833077279120935,0.08763693270735524,0.03227937914915137
fhvhv_avg_trip_duration,FHVHV average trip duration,FHVHV,weekday_overnight,Manhattan,Second half of 2025,2025-07-01,2025-12-31,132,67,0.98202170963365,4.729621640321089,19.672938626714426,15.82989706670198,5.466334829170533,0.09648819804260218,0.07462686567164178,,0.015476376476289974,0.01695799867774888,0.04064669857211934,0.06610011133432098,0.07462686567164178,0.0,0.03284181794643141,0.98202170963365,0.03225137820723166
fhvhv_avg_trip_duration,FHVHV average trip duration,FHVHV,weekend_midday,Brooklyn,CP launch transition,2024-11-01,2025-04-30,52,61,1.0,5.657223848649448,18.88283963367766,12.14146332837138,5.089213058866482,0.09646910466582598,0.03278688524590164,4.510906357622182,0.02475900305585819,0.008943798930355157,0.03604168173114553,0.06607934157684195,0.03278688524590164,0.04539398054957146,0.03212607450606313,1.0,0.03212607450606313
fhvhv_avg_trip_speed,FHVHV average speed,FHVHV,weekday_overnight,Citywide,Early 2026,2026-01-01,2026-03-31,64,260,0.9811899038461539,5.528650581725341,23.929760013855738,14.138903860439697,4.740406222698033,0.11741287437986157,0.05,,0.023472354949314277,0.013283821970807316,0.03178241726728954,0.08886195477071293,0.05,0.0,0.03270120315162953,0.9811899038461539,0.03208609037600093
fhvhv_avg_trip_speed,FHVHV average speed,FHVHV,weekday_evening,Staten Island,Second half of 2025,2025-07-01,2025-12-31,132,20,0.9537878787878787,5.231698359749446,19.369641409933806,16.604079612235395,6.411754816987569,0.09332803812549642,0.05,,0.020500718439799285,0.018640136409104384,0.052191179184258495,0.06266249231896544,0.05,0.0,0.03359778747493247,0.9537878787878787,0.0320451624476818
fhvhv_avg_trip_speed,FHVHV average speed,FHVHV,weekday_am_peak,Brooklyn,First six months post-CP,2025-01-05,2025-06-30,126,61,0.9994795732500651,6.773412478831316,21.15061942047038,11.073990396323037,5.4003427363840455,0.10895600104139547,0.03278688524590164,,0.03592883658289346,0.0066244021594527545,0.03984087211874894,0.07966257582745064,0.03278688524590164,0.0,0.032038117178899435,0.9994795732500651,0.032021443685701985
fhvhv_avg_trip_speed,FHVHV average speed,FHVHV,weekend_overnight,Staten Island,CP launch transition,2024-11-01,2025-04-30,52,20,0.9519230769230769,4.461316095568938,16.82080782719822,14.908869253457093,6.519996419520329,0.0707070707070707,0.1,1.8527282787507444,0.012791410702383342,0.014956796706423628,0.05351291248582705,0.038055425023922736,0.1,0.009001305667743986,0.0336085081346108,0.9519230769230769,0.03199271447429297
avg_bus_speed,Average bus speed,Bus,weekday_am_peak,Manhattan,Second half of 2025,2025-07-01,2025-12-31,132,64,1.0,4.059523916249235,24.800077816319728,17.925717290013342,2.8525418602752097,0.10984848484848485,0.109375,,0.00877062816248726,0.02151178033571806,0.008729791121039169,0.08063341888179745,0.109375,0.0,0.03191054177290442,1.0,0.03191054177290442
fhvhv_avg_trip_speed,FHVHV average speed,FHVHV,weekend_evening,Queens,Early 2026,2026-01-01,2026-03-31,26,69,0.9827201783723523,5.161528736838441,25.93642669731262,10.689820234965264,7.202789105034631,0.10777084515031196,0.028985507246376812,,0.019798522605352323,0.005789680261614581,0.061850463015333895,0.07837336435264636,0.028985507246376812,0.0,0.03243177256707552,0.9827201783723523,0.031871357322048016
fhvhv_avg_trip_duration,FHVHV average trip duration,FHVHV,weekday_evening,Bronx,First six months post-CP,2025-01-05,2025-06-30,126,43,0.9795127353266888,5.219579567306624,19.4331677738646,13.266364188353284,5.949962898040031,0.09251931411343509,0.06976744186046512,,0.020379444229979612,0.011387974650315432,0.04655225899658407,0.061782763091660135,0.06976744186046512,0.0,0.03247749295768713,0.9795127353266888,0.03181211796353739
fhvhv_avg_trip_duration,FHVHV average trip duration,FHVHV,weekday_am_peak,Bronx,Second half of 2025,2025-07-01,2025-12-31,132,43,0.9774489076814659,5.61918450299366,21.77780620181625,11.405314272248997,5.382452739957891,0.13031723143475127,0.023255813953488372,,0.02437833876044849,0.007344300064939634,0.03962241818340338,0.10289930235958225,0.023255813953488372,0.0,0.032396703154291454,0.9774489076814659,0.03166612211064288
fhvhv_avg_trip_speed,FHVHV average speed,FHVHV,weekday_evening,Staten Island,First six months post-CP,2025-01-05,2025-06-30,126,20,0.9575396825396826,5.177935149658061,18.797947066227053,16.305694234608602,6.668824366202914,0.08785743887277249,0.05,,0.01996270354665175,0.01799180701303803,0.055330243795892485,0.05671157954560906,0.05,0.0,0.03306327815360972,0.9575396825396826,0.03165940086692867
fhvhv_avg_trip_speed,FHVHV average speed,FHVHV,weekend_overnight,Staten Island,First six months post-CP,2025-01-05,2025-06-30,51,20,0.957843137254902,4.478285327983857,16.75457678065363,15.76611305149186,6.398016304330405,0.07062436028659161,0.1,,0.012961223846892198,0.016819409272367275,0.05202341882901523,0.03796545270553848,0.1,0.0,0.032896598759104084,0.957843137254902,0.03150978136043597
fhvhv_avg_trip_speed,FHVHV average speed,FHVHV,weekday_midday,Staten Island,CP launch transition,2024-11-01,2025-04-30,129,20,0.9589147286821705,4.562910324098613,19.866207168051364,12.680872620569524,5.7204428755883825,0.0788197251414713,0.1,2.4891268849479844,0.013808076335143957,0.010115823187793157,0.043749600407348085,0.04688036296384993,0.1,0.017714133357759877,0.03284395892580018,0.9589147286821705,0.03149455596218203
fhvhv_avg_trip_duration,FHVHV average trip duration,FHVHV,weekday_am_peak,Bronx,CP launch transition,2024-11-01,2025-04-30,129,43,0.9772850189291509,5.1237197053076455,20.228158640644892,10.351630026419468,5.291838213869489,0.13115661317100166,0.023255813953488372,2.246524576336292,0.019420163091021313,0.005054863242744816,0.03851592831320171,0.10381238103071455,0.023255813953488372,0.014392705416922094,0.03218764318317904,0.9772850189291509,0.03145650147755789
fhvhv_avg_trip_speed,FHVHV average speed,FHVHV,weekday_midday,Queens,CP launch transition,2024-11-01,2025-04-30,129,69,0.9892146949780923,5.236237958616272,20.160880145787534,11.532926728604066,5.208338146843659,0.10051107325383304,0.028985507246376812,4.67717601362561,0.020546146750257618,0.007621575404023797,0.03749631278009056,0.07047619124333868,0.028985507246376812,0.04767035081300207,0.031750900249514276,0.9892146949780923,0.0314084571056031
avg_bus_speed,Average bus speed,Bus,weekend_midday,Brooklyn,CP launch transition,2024-11-01,2025-04-30,52,58,1.0,3.4598295531949423,17.922246882894363,15.947170156283288,5.4925346709750515,0.08023872679045092,0.08620689655172414,2.9664707228869354,0.0027694147284044674,0.017212808722221574,0.04096662365266662,0.04842395163635633,0.08620689655172414,0.02424936861495958,0.03135962911889144,1.0,0.03135962911889144
fhvhv_avg_trip_duration,FHVHV average trip duration,FHVHV,weekday_am_peak,Manhattan,Early 2026,2026-01-01,2026-03-31,64,67,0.9846082089552238,5.256480735194748,21.292292119029053,13.841723847020175,5.12274934538749,0.11321648507816201,0.04477611940298507,,0.020748718643925537,0.01263811158058755,0.03645119180553994,0.08429712639564492,0.04477611940298507,0.0,0.031721690884685225,0.9846082089552238,0.03123343724700117
fhvhv_avg_trip_duration,FHVHV average trip duration,FHVHV,All temporal buckets,Manhattan,Early 2026,2026-01-01,2026-03-31,90,67,0.9865671641791045,6.761157049491034,19.45273355596953,10.054388872323432,5.032839550262214,0.12623970415195832,0.014925373134328358,,0.035806195031249106,0.00440902000654515,0.03535330737318115,0.09846377197800667,0.014925373134328358,0.0,0.031596258592656176,0.9865671641791045,0.031171831238426467
fhvhv_avg_trip_speed,FHVHV average speed,FHVHV,weekday_midday,Staten Island,Second half of 2025,2025-07-01,2025-12-31,132,20,0.9643939393939394,4.95545742291232,17.926769689288882,11.894098801491042,5.948934761448376,0.08012568735271014,0.1,,0.017736342245320218,0.008406327236547306,0.04653970446727229,0.048300987441234615,0.1,0.0,0.032201939267840526,0.9643939393939394,0.031055355066637112
fhvhv_avg_trip_duration,FHVHV average trip duration,FHVHV,weekday_midday,Brooklyn,CP launch transition,2024-11-01,2025-04-30,129,61,1.0,5.461412890402797,18.58876658327336,12.385541535868096,4.648750691673606,0.093150336764519,0.03278688524590164,5.062158376246582,0.022799499306005472,0.009474130135315296,0.030663215733006365,0.062469188943954604,0.03278688524590164,0.05294108044148925,0.03100425045196347,1.0,0.03100425045196347
fhvhv_avg_trip_duration,FHVHV average trip duration,FHVHV,weekend_overnight,Queens,First six months post-CP,2025-01-05,2025-06-30,51,69,0.9820971867007673,4.434150744643858,20.610229035824926,17.374800951515642,5.548849022816569,0.08709490740740741,0.07246376811594203,,0.012519563776754662,0.02031475365880081,0.04165427565008282,0.05588209852758937,0.07246376811594203,0.0,0.03154214789080031,0.9820971867007673,0.030977454706054522
fhvhv_avg_trip_speed,FHVHV average speed,FHVHV,weekend_midday,Staten Island,Early 2026,2026-01-01,2026-03-31,26,20,0.9653846153846154,4.89791222017903,22.02674268928426,12.311120078652971,7.734711309064899,0.08167330677290836,0.05,,0.017160480498094204,0.009312427779809765,0.06834574093490983,0.04998448640551467,0.05,0.0,0.03192702419238045,0.9653846153846154,0.03082185797033651
fhvhv_avg_trip_duration,FHVHV average trip duration,FHVHV,weekday_evening,Brooklyn,First six months post-CP,2025-01-05,2025-06-30,126,61,0.9988290398126464,5.759509944242245,18.31486700353483,14.699105840817463,5.951382346904678,0.08349615735313273,0.04918032786885246,,0.025782592285320063,0.014501024417194478,0.04656959182232184,0.051967381569399326,0.04918032786885246,0.0,0.030808832948122148,0.9988290398126464,0.03077275703132107
fhvhv_avg_trip_duration,FHVHV average trip duration,FHVHV,weekend_evening,Brooklyn,First six months post-CP,2025-01-05,2025-06-30,51,61,1.0,5.307556938707039,18.24895088941492,13.074097172334767,7.6245533791165965,0.08903889424622308,0.01639344262295082,,0.021259844339886366,0.010970218393724755,0.06700060744614371,0.05799676560077786,0.01639344262295082,0.0,0.030733504058048963,1.0,0.030733504058048963
fhvhv_avg_trip_speed,FHVHV average speed,FHVHV,weekend_evening,Brooklyn,CP launch transition,2024-11-01,2025-04-30,52,61,1.0,5.143647422253377,16.77131215273909,11.363014106766972,9.574465042521402,0.06620428751576292,0.01639344262295082,1.2805563718909772,0.01961958214514788,0.007252390598870659,0.09081089037187047,0.03315730166102684,0.01639344262295082,0.0011677950582127455,0.030628911170391716,1.0,0.030628911170391716
fhvhv_avg_trip_speed,FHVHV average speed,FHVHV,weekday_midday,Citywide,Second half of 2025,2025-07-01,2025-12-31,132,262,0.9841545223224613,5.9779164994997345,20.128841826248582,12.90840403514561,5.776912857219487,0.102802914561053,0.026717557251908396,,0.02796821288516607,0.01061020165154865,0.0444391527930697,0.07296925408336487,0.026717557251908396,0.0,0.030751167386229888,0.9841545223224613,0.030263900449853123
avg_bus_speed,Average bus speed,Bus,weekday_pm_peak,Queens,Early 2026,2026-01-01,2026-03-31,64,66,1.0,4.930849470415863,24.25178920162743,19.570869739126003,1.8530242997712938,0.10558712121212122,0.09090909090909091,,0.017490087512567892,0.025086354606928974,0.0,0.07599791148598045,0.09090909090909091,0.0,0.03026020196805198,1.0,0.03026020196805198
fhvhv_avg_trip_speed,FHVHV average speed,FHVHV,weekend_evening,Staten Island,CP launch transition,2024-11-01,2025-04-30,52,20,0.9423076923076923,4.76534701887369,19.986560183009853,14.107726832725735,6.6098737087388795,0.09489795918367347,0.05,0.8620669880312113,0.01583388462530046,0.013216080770787057,0.05461039999003241,0.06437025098427349,0.05,0.0,0.032048414763404365,0.9423076923076923,0.030199467757823343
fhvhv_avg_trip_speed,FHVHV average speed,FHVHV,All temporal buckets,Manhattan,CP launch transition,2024-11-01,2025-04-30,181,67,0.9866413787416508,5.541798035490314,18.642679016845943,11.122835578499242,5.48663062015488,0.10497283744254074,0.014925373134328358,3.4178759256080995,0.02360392309638922,0.006730532586194571,0.04089452955575216,0.0753296941733996,0.014925373134328358,0.0304294823226053,0.030417263348680227,0.9866413787416508,0.03001093064788974
fhvhv_avg_trip_speed,FHVHV average speed,FHVHV,weekday_pm_peak,Brooklyn,First six months post-CP,2025-01-05,2025-06-30,126,61,0.9996096799375488,5.2850480011826395,19.8411344928408,11.624569094129752,5.7335661382432646,0.10633866979044644,0.03278688524590164,,0.02103459470177008,0.007820695213338558,0.04390984797270484,0.07681544532970452,0.03278688524590164,0.0,0.02974506766227547,0.9996096799375488,0.029733457565607916
fhvhv_avg_trip_duration,FHVHV average trip duration,FHVHV,weekday_overnight,Brooklyn,Early 2026,2026-01-01,2026-03-31,64,61,0.9948770491803278,4.8939832769061695,20.912147346755177,18.045244805902808,5.375284284186849,0.09577754891864057,0.03278688524590164,,0.017121163091422652,0.021771488779899442,0.0395348844949536,0.06532706787897155,0.03278688524590164,0.0,0.029851830418686005,0.9948770491803278,0.029698900959573882
avg_bus_speed,Average bus speed,Bus,All temporal buckets,Queens,Early 2026,2026-01-01,2026-03-31,90,66,0.9956228956228956,4.797960906825173,20.025532333382056,18.650482508338015,1.8938604239418109,0.10703415623943185,0.09090909090909091,,0.016160255714592137,0.023086544488115784,0.0,0.07757199484133302,0.09090909090909091,0.0,0.029730395582056417,0.9956228956228956,0.029600262537421155
avg_bus_speed,Average bus speed,Bus,weekend_midday,Bronx,CP launch transition,2024-11-01,2025-04-30,52,42,1.0,4.194759387613896,16.137220298561658,8.725402202153896,7.303956473735766,0.05311355311355311,0.07142857142857142,4.549010849050141,0.010123945748106532,0.0015214082472017648,0.06308581316828349,0.018917212967281424,0.07142857142857142,0.04591566281724852,0.029594309214752656,1.0,0.029594309214752656
fhvhv_avg_trip_duration,FHVHV average trip duration,FHVHV,weekend_midday,Brooklyn,First six months post-CP,2025-01-05,2025-06-30,51,61,1.0,5.8820230228080135,18.928458095240394,12.539873885526308,5.5632983551264505,0.09707489553198329,0.03278688524590164,,0.027008595359944876,0.009809462247911502,0.041830715791881544,0.06673832031698694,0.03278688524590164,0.0,0.029509664364481367,1.0,0.029509664364481367
fhvhv_avg_trip_speed,FHVHV average speed,FHVHV,weekday_overnight,Queens,Early 2026,2026-01-01,2026-03-31,64,69,0.9696557971014492,6.088822745016783,21.249696179675265,11.68609238593379,4.229060923401245,0.10649229332087809,0.057971014492753624,,0.029078064989045756,0.007954372536726753,0.025538402998593238,0.0769825568630669,0.057971014492753624,0.0,0.030256371710444884,0.9696557971014492,0.029338266228289174
avg_bus_speed,Average bus speed,Bus,weekday_midday,Manhattan,Second half of 2025,2025-07-01,2025-12-31,132,64,1.0,4.900458129290468,21.908080728674722,19.02650091862506,3.216161139409195,0.10321969696969698,0.0625,,0.01718595771599516,0.02390355432549509,0.013169929654449032,0.07342262959941545,0.0625,0.0,0.029310460495374925,1.0,0.029310460495374925
fhvhv_avg_trip_duration,FHVHV average trip duration,FHVHV,weekend_evening,Bronx,CP launch transition,2024-11-01,2025-04-30,52,43,0.9771914132379249,4.711449065536254,19.905768682428565,11.333612879111056,6.799436059948609,0.07688787185354691,0.06976744186046512,1.0659800287427785,0.015294521340325063,0.00718850784321629,0.05692513726715008,0.044778894756023244,0.06976744186046512,0.0,0.0299346370817491,0.9771914132379249,0.029251870314678796
avg_bus_speed,Average bus speed,Bus,weekend_midday,Brooklyn,Early 2026,2026-01-01,2026-03-31,26,58,1.0,3.9494944211290104,19.57525051658039,17.392486933707342,5.644570093389458,0.07824933687002653,0.06896551724137931,,0.007669549805008921,0.020353181621472385,0.042823121303487574,0.04625989513326935,0.06896551724137931,0.0,0.029022365621195728,1.0,0.029022365621195728
fhvhv_avg_trip_speed,FHVHV average speed,FHVHV,All temporal buckets,Bronx,First six months post-CP,2025-01-05,2025-06-30,177,43,0.9812114045460517,7.5635923109293905,18.069999004105277,6.479728191929601,5.168818862681965,0.10283877878950187,0.023255813953488372,,0.043836260957497646,0.0,0.0370137445927353,0.07300826715767783,0.023255813953488372,0.0,0.0294468225790471,0.9812114045460517,0.028893558142205192
fhvhv_avg_trip_speed,FHVHV average speed,FHVHV,weekday_pm_peak,Bronx,First six months post-CP,2025-01-05,2025-06-30,126,43,0.9778516057585825,5.506788075263744,18.88717197386199,10.850505069008381,6.351582717037825,0.10154775386938468,0.023255813953488372,,0.023253574224393277,0.006138815002199943,0.05145642039957755,0.07160389145166694,0.023255813953488372,0.0,0.02954286778844303,0.9778516057585825,0.02888854070564252
fhvhv_avg_trip_duration,FHVHV average trip duration,FHVHV,weekday_am_peak,Manhattan,Second half of 2025,2025-07-01,2025-12-31,132,67,0.9850746268656716,5.210880814301346,20.78817065312033,13.410068919091993,5.088365214371095,0.10984848484848485,0.029850746268656716,,0.020292394765100252,0.011700215156310449,0.03603132874044802,0.08063341888179745,0.029850746268656716,0.0,0.029269885949322557,0.9850746268656716,0.028833021979929683
fhvhv_avg_trip_speed,FHVHV average speed,FHVHV,weekday_pm_peak,Queens,First six months post-CP,2025-01-05,2025-06-30,126,69,0.9902231423970554,5.369522697601574,19.447755626324238,12.450709614474777,5.56284345130141,0.09397142525264258,0.043478260869565216,,0.021879943122934873,0.00961572682273313,0.0418251609818963,0.06336236823680767,0.043478260869565216,0.0,0.02899713384912719,0.9902231423970554,0.02871363300059075
fhvhv_avg_trip_speed,FHVHV average speed,FHVHV,All temporal buckets,Citywide,CP launch transition,2024-11-01,2025-04-30,181,262,0.9862300198220235,6.552847426496738,17.829611099369057,11.973270469902705,5.500977570747365,0.0924971669268105,0.015267175572519083,2.0384496855258956,0.03372161564385054,0.008578350813490471,0.04106971951904106,0.06175867140267148,0.015267175572519083,0.011543986622450106,0.029047771665848578,0.9862300198220235,0.028647784425795457
fhvhv_avg_trip_duration,FHVHV average trip duration,FHVHV,weekday_am_peak,Citywide,First six months post-CP,2025-01-05,2025-06-30,126,261,0.9844918810436052,4.701225465667864,19.79430704402035,14.949394917822483,5.282084351858391,0.09244502100321225,0.05363984674329502,,0.015192212549956608,0.015044850550456372,0.03839682434635984,0.061701947115535165,0.05363984674329502,0.0,0.02909829675853716,0.9844918810436052,0.028647036910977287
fhvhv_avg_trip_speed,FHVHV average speed,FHVHV,weekend_evening,Queens,CP launch transition,2024-11-01,2025-04-30,52,69,0.9782608695652174,4.40037677114753,19.37592699026303,11.146432840091425,7.77737348543593,0.07407407407407407,0.043478260869565216,1.743677605457126,0.012181583572244768,0.006781804530143563,0.06886668683655535,0.04171804815148185,0.043478260869565216,0.007508310999567361,0.02926146962393145,0.9782608695652174,0.028625350719063376
fhvhv_avg_trip_speed,FHVHV average speed,FHVHV,All temporal buckets,Manhattan,Early 2026,2026-01-01,2026-03-31,90,67,0.9865671641791045,6.293567803502325,18.000379794986294,11.624035445266347,5.387104396960646,0.1053958648512355,0.014925373134328358,,0.03112697335177829,0.007819535705295387,0.03967921935618863,0.07578986299469062,0.014925373134328358,0.0,0.02897713923055366,0.9865671641791045,0.0285878940767104
fhvhv_avg_trip_duration,FHVHV average trip duration,FHVHV,weekend_overnight,Citywide,Second half of 2025,2025-07-01,2025-12-31,52,261,0.9851900972590628,4.823111117301452,19.738374227706416,17.03255939479703,5.295328782630071,0.09019519856405654,0.0421455938697318,,0.01641193688800112,0.019571133902561585,0.038558551490097855,0.059254592361064874,0.0421455938697318,0.0,0.0289896293923931,0.9851900972590628,0.028560295800595943
fhvhv_avg_trip_speed,FHVHV average speed,FHVHV,weekend_midday,Citywide,Second half of 2025,2025-07-01,2025-12-31,52,262,0.9856136230182032,5.387082211243454,16.40908832609887,14.31691298378315,7.933526382425674,0.06873696753053321,0.015267175572519083,,0.022055663282495676,0.013670598790601443,0.07077346278275666,0.03591234862287775,0.015267175572519083,0.0,0.0288970447613844,0.9856136230182032,0.028481320981787267
fhvhv_avg_trip_speed,FHVHV average speed,FHVHV,weekend_midday,Staten Island,First six months post-CP,2025-01-05,2025-06-30,51,20,0.9637254901960784,5.773151902804911,18.55888555258637,11.833309497860645,7.266649979611847,0.09562563580874874,0.0,,0.025919109001229335,0.008274244716876105,0.06263026525976623,0.06516181693947977,0.0,0.0,0.02955270857234011,0.9637254901960784,0.02848069855550032
fhvhv_avg_trip_duration,FHVHV average trip duration,FHVHV,weekday_am_peak,Brooklyn,CP launch transition,2024-11-01,2025-04-30,129,61,0.9989833523954759,5.039097489102816,19.156471668616575,12.133135679946804,5.07598168005805,0.09795191451469279,0.03278688524590164,2.543657605728484,0.018573338421661686,0.008925704681512605,0.035880113964339044,0.06769234074977286,0.03278688524590164,0.018460704405128904,0.028400726725147284,0.9989833523954759,0.02837185319435542
avg_bus_speed,Average bus speed,Bus,weekday_evening,Manhattan,Second half of 2025,2025-07-01,2025-12-31,132,63,1.0,4.423627764012354,21.332645075457936,16.669407965276996,3.5779909001408647,0.10497835497835498,0.06349206349206349,,0.012414259047174166,0.018782081339550824,0.01758821645977316,0.07533569614372088,0.06349206349206349,0.0,0.028345576207041652,1.0,0.028345576207041652
fhvhv_avg_trip_duration,FHVHV average trip duration,FHVHV,weekend_evening,Bronx,First six months post-CP,2025-01-05,2025-06-30,51,43,0.9772001823985408,4.518327851303173,20.8063823994823,10.837615755005775,6.325400472462117,0.0811945870275315,0.06976744186046512,,0.013361934181494258,0.006110809202353171,0.05113671019799352,0.04946373551223683,0.06976744186046512,0.0,0.028823735689367885,0.9772001823985408,0.028166559773057626
fhvhv_avg_trip_duration,FHVHV average trip duration,FHVHV,All temporal buckets,Manhattan,Second half of 2025,2025-07-01,2025-12-31,184,67,0.9866969500324465,5.68261161239109,19.498243802891096,11.135494960771428,5.2992850915124174,0.11262742518908254,0.014925373134328358,,0.025013061453292008,0.006758038792190246,0.038606861798507294,0.08365634759678675,0.014925373134328358,0.0,0.028454483801358274,0.9866969500324465,0.028075952381547864
fhvhv_avg_trip_speed,FHVHV average speed,FHVHV,weekend_midday,Bronx,First six months post-CP,2025-01-05,2025-06-30,51,43,0.9785681714546284,5.780985577234015,16.276717499080192,8.282996980348148,9.104319159456175,0.07455731593662628,0.0,,0.025997501521016802,0.0005601536691417538,0.08506996030706848,0.042243718199612416,0.0,0.0,0.02869008851284436,0.9785681714546284,0.028075207454885544
fhvhv_avg_trip_duration,FHVHV average trip duration,FHVHV,weekday_am_peak,Brooklyn,Second half of 2025,2025-07-01,2025-12-31,132,61,0.9985096870342772,5.227506219883585,20.135443287746774,12.017275850850776,4.968981379065732,0.10659203980099502,0.03278688524590164,,0.020458767193246914,0.00867396535828032,0.03457353813960841,0.07709106099126266,0.03278688524590164,0.0,0.028017300079420708,0.9985096870342772,0.0279755455338478
fhvhv_avg_trip_duration,FHVHV average trip duration,FHVHV,weekday_am_peak,Manhattan,CP launch transition,2024-11-01,2025-04-30,129,66,0.9991778247592201,4.889141638788713,17.85018035546221,12.727475622275659,4.891081766207368,0.0824027271658634,0.030303030303030304,4.584621496588746,0.017072712237948786,0.010217081822486738,0.03362230949844859,0.050777949229796934,0.030303030303030304,0.04640320228215676,0.027980590445889405,0.9991778247592201,0.027957585497202394
fhvhv_avg_trip_speed,FHVHV average speed,FHVHV,weekend_overnight,Staten Island,Second half of 2025,2025-07-01,2025-12-31,52,20,0.9615384615384616,4.709658742922121,17.851867942439956,15.822043540213603,6.365166424679031,0.073,0.05,,0.015276605367147405,0.01694093459731137,0.05162229043778877,0.04054967137379049,0.05,0.0,0.028697463516383654,0.9615384615384616,0.02759371491959967
avg_bus_speed,Average bus speed,Bus,weekday_am_peak,Queens,Early 2026,2026-01-01,2026-03-31,64,66,1.0,4.766204761524185,19.50282140154425,17.327627044234518,2.144489914460239,0.09848484848484848,0.09090909090909091,,0.01584246815890401,0.020212254564974858,8.380090908880385e-05,0.06827206582628544,0.09090909090909091,0.0,0.02757003641969419,1.0,0.02757003641969419
avg_bus_speed,Average bus speed,Bus,weekend_midday,Brooklyn,Second half of 2025,2025-07-01,2025-12-31,52,58,1.0,3.5372383021325735,19.318652825721873,17.190844903512854,5.376672949638573,0.07891246684350132,0.06896551724137931,,0.003544053365449647,0.019915055407991853,0.039551841425831694,0.04698124730096501,0.06896551724137931,0.0,0.027541681629536914,1.0,0.027541681629536914
fhvhv_avg_trip_speed,FHVHV average speed,FHVHV,weekday_evening,Citywide,Second half of 2025,2025-07-01,2025-12-31,132,260,0.9881993006993007,5.1023926377972675,18.702600524462397,15.473255441539983,5.654470707959258,0.08639245171752911,0.03076923076923077,,0.019206740567919683,0.016183090566324602,0.04294401725917097,0.05511796788220675,0.03076923076923077,0.0,0.02782054246625337,0.9881993006993007,0.02749224061022678
fhvhv_avg_trip_speed,FHVHV average speed,FHVHV,weekend_evening,Brooklyn,First six months post-CP,2025-01-05,2025-06-30,51,61,1.0,4.990627954849101,16.291128001452865,11.139911874959896,8.898430254709583,0.05978784956605593,0.01639344262295082,,0.018088297977683403,0.006767635828516429,0.08255586022485022,0.02617750643377683,0.01639344262295082,0.0,0.02738671082499744,1.0,0.02738671082499744
fhvhv_avg_trip_speed,FHVHV average speed,FHVHV,weekend_midday,Staten Island,Second half of 2025,2025-07-01,2025-12-31,52,20,0.9673076923076923,4.828863943236559,17.182025718559984,11.50199623324582,6.955304122608073,0.07455268389662027,0.05,,0.016469506107277872,0.0075543698675624,0.05882843511425685,0.042238679470806846,0.05,0.0,0.028283982631818572,0.9673076923076923,0.027359313968855273
fhvhv_avg_trip_duration,FHVHV average trip duration,FHVHV,All temporal buckets,Queens,Early 2026,2026-01-01,2026-03-31,90,69,0.9943639291465378,5.8860066862979465,18.679251102300174,11.658750869406528,3.851946593944245,0.08890688259109311,0.07246376811594203,,0.02704846035839324,0.007894965105174163,0.020933477017465448,0.057853163445245506,0.07246376811594203,0.0,0.02749448007984631,0.9943639291465378,0.02733951924203719
fhvhv_avg_trip_speed,FHVHV average speed,FHVHV,weekend_evening,Queens,First six months post-CP,2025-01-05,2025-06-30,51,69,0.979539641943734,4.7449294326683145,18.96255700823949,10.987292281210442,6.978919271724971,0.0780388743835219,0.043478260869565216,,0.01562956339072492,0.006436025178455571,0.059116798629568486,0.04603095423641439,0.043478260869565216,0.0,0.027810747921091252,0.979539641943734,0.02724173006081317
avg_bus_speed,Average bus speed,Bus,weekday_am_peak,Queens,Second half of 2025,2025-07-01,2025-12-31,132,66,1.0,4.748270855286896,19.300984863832642,16.9513071583202,1.7993837540988746,0.097910927456382,0.09090909090909091,,0.015663001407726532,0.01939458968372942,0.0,0.06764775506590603,0.09090909090909091,0.0,0.027219320053272662,1.0,0.027219320053272662
fhvhv_avg_trip_speed,FHVHV average speed,FHVHV,All temporal buckets,Queens,CP launch transition,2024-11-01,2025-04-30,181,69,0.9941548562735207,7.024719123115565,17.374394048023785,7.744124435217412,5.763845294003271,0.0861791237113402,0.014492753623188406,1.974510516758195,0.03844369232052587,0.0,0.04427958537103346,0.05488590987570735,0.014492753623188406,0.01066860607527279,0.027293677989514088,0.9941548562735207,0.027134142518841133
fhvhv_avg_trip_duration,FHVHV average trip duration,FHVHV,All temporal buckets,Staten Island,Second half of 2025,2025-07-01,2025-12-31,184,20,0.9877717391304348,3.9513672909084474,20.851474901417596,12.729262724206038,4.796209389654354,0.07785419532324622,0.1,,0.007688291837572645,0.010220964823471729,0.03246382720924636,0.04583006052660393,0.1,0.0,0.027460174094222325,0.9877717391304348,0.0271243839218745
avg_bus_speed,Average bus speed,Bus,All temporal buckets,Queens,Second half of 2025,2025-07-01,2025-12-31,184,66,0.9957180500658761,4.399160029360138,18.950055849976216,18.57449881783124,1.8319163859169552,0.09634469070459808,0.09090909090909091,,0.012169407491210553,0.022921447724430652,0.0,0.06594400418566194,0.09090909090909091,0.0,0.02714675314810816,0.9957180500658761,0.02703051211025394
fhvhv_avg_trip_speed,FHVHV average speed,FHVHV,weekday_evening,Citywide,CP launch transition,2024-11-01,2025-04-30,129,261,0.9823576583801122,4.6660653245287325,18.073633615110346,16.320887700323922,5.469273071967903,0.08024187452758881,0.0421455938697318,1.4487222037273306,0.014840360799552041,0.018024819255560483,0.04068257732171752,0.048427375741884014,0.0421455938697318,0.0034701255502506633,0.02743647074142488,0.9823576583801122,0.02695242715176061
fhvhv_avg_trip_speed,FHVHV average speed,FHVHV,weekend_midday,Staten Island,CP launch transition,2024-11-01,2025-04-30,52,20,0.9576923076923077,4.812754370518433,17.3972407808038,12.088892789385183,6.343201725708687,0.06827309236947791,0.05,2.707749035222696,0.016308295680484846,0.008829574077706936,0.0513540804943962,0.0354077456546029,0.05,0.020707252930956994,0.028121755895689077,0.9576923076923077,0.02693198930010223
fhvhv_avg_trip_duration,FHVHV average trip duration,FHVHV,All temporal buckets,Citywide,Early 2026,2026-01-01,2026-03-31,90,262,0.9867260390161153,6.1035514099268395,18.44556895437763,11.593821744739095,4.150497692388708,0.10143121158722654,0.03816793893129771,,0.029225456505741293,0.007753887614991636,0.02457907094623688,0.07147711686564957,0.03816793893129771,0.0,0.02723773881712075,0.9867260390161153,0.02687618613477305
fhvhv_avg_trip_speed,FHVHV average speed,FHVHV,weekend_evening,Brooklyn,Second half of 2025,2025-07-01,2025-12-31,52,61,1.0,5.300083912968121,15.427792382979527,12.148933027728235,8.513951085445248,0.055170239596469106,0.01639344262295082,,0.021185060874807208,0.008960029034227351,0.07786100251870823,0.021154474608385924,0.01639344262295082,0.0,0.0268617353908129,1.0,0.0268617353908129
fhvhv_avg_trip_speed,FHVHV average speed,FHVHV,weekday_evening,Queens,Early 2026,2026-01-01,2026-03-31,64,69,0.9778079710144928,5.56840361701531,17.868896068866118,12.005756096444212,4.566966022451384,0.08962482630847615,0.057971014492753624,,0.02387016834247791,0.008648935326726356,0.029664546844710253,0.058634141952526656,0.057971014492753624,0.0,0.02746139961127358,0.9778079710144928,0.026851975435117602
fhvhv_avg_trip_speed,FHVHV average speed,FHVHV,weekday_midday,Queens,Second half of 2025,2025-07-01,2025-12-31,132,69,0.9922046552481335,6.168277713160268,19.060408453736045,10.408687694938349,5.4153158487692785,0.09903729113643908,0.014492753623188406,,0.029873180387160875,0.005178837695065561,0.04002370811530305,0.06887301242829807,0.014492753623188406,0.0,0.027054314350822728,0.9922046552481335,0.026843416643432694
avg_bus_speed,Average bus speed,Bus,weekend_evening,Citywide,Second half of 2025,2025-07-01,2025-12-31,52,247,1.0,4.374856408975658,18.48016374625771,16.31506657546002,4.543616419655571,0.08463095608844597,0.06072874493927125,,0.011926198246412329,0.018012171161349372,0.029379425903487275,0.053201814577045,0.06072874493927125,0.0,0.026817314300801136,1.0,0.026817314300801136
fhvhv_avg_trip_speed,FHVHV average speed,FHVHV,All temporal buckets,Bronx,Second half of 2025,2025-07-01,2025-12-31,184,43,0.981041456016178,7.50044654074501,16.597355799375404,6.558601211110975,5.600765370968791,0.08374130378768359,0.023255813953488372,,0.04320435365991029,0.0,0.04228822382382545,0.05223405163264424,0.023255813953488372,0.0,0.02725920463699262,0.981041456016178,0.02674240980691819
fhvhv_avg_trip_speed,FHVHV average speed,FHVHV,weekday_midday,Staten Island,First six months post-CP,2025-01-05,2025-06-30,126,20,0.9619047619047619,4.600398508309339,16.827545356976167,12.298300794955837,5.491701953696576,0.0627062706270627,0.1,,0.014183225091852228,0.009284574141258613,0.040956455379729056,0.029352162146554537,0.1,0.0,0.027751903951614094,0.9619047619047619,0.026694688562981177
fhvhv_avg_trip_speed,FHVHV average speed,FHVHV,weekday_midday,Brooklyn,Second half of 2025,2025-07-01,2025-12-31,132,61,0.9998758072528564,6.136032675642075,18.860854832082715,10.575912220863838,5.5797007131905545,0.0926592969817414,0.01639344262295082,,0.02955050042840467,0.005542181826614649,0.04203100424262779,0.0619350363254636,0.01639344262295082,0.0,0.02663144610197478,0.9998758072528564,0.026628138669522967
avg_bus_speed,Average bus speed,Bus,weekend_midday,Brooklyn,First six months post-CP,2025-01-05,2025-06-30,51,58,1.0,3.7100002440298554,17.696000055252547,15.93447346328394,5.43231531968187,0.07403651115618662,0.06896551724137931,,0.0052729028435934576,0.017185221447772077,0.04023128788397303,0.04167718724437927,0.06896551724137931,0.0,0.02654527331825114,1.0,0.02654527331825114
fhvhv_avg_trip_speed,FHVHV average speed,FHVHV,weekday_midday,Citywide,First six months post-CP,2025-01-05,2025-06-30,126,262,0.9833999757663879,5.348373016112852,18.41441299833638,14.145496851773917,5.2215599828987305,0.08929891572203055,0.030534351145038167,,0.02166829572303227,0.013298147170399809,0.037657764020768356,0.05827961672005135,0.030534351145038167,0.0,0.026985126363871598,0.9833999757663879,0.026537172612284245
avg_bus_speed,Average bus speed,Bus,weekday_evening,Manhattan,Early 2026,2026-01-01,2026-03-31,64,63,1.0,4.213530817613828,24.94527656272817,15.93624407099816,3.441476216298379,0.09027777777777778,0.07936507936507936,,0.01031179370005124,0.017189068610254238,0.01592124184404621,0.05934442195286009,0.07936507936507936,0.0,0.02638204549082,1.0,0.02638204549082
fhvhv_avg_trip_duration,FHVHV average trip duration,FHVHV,weekday_overnight,Manhattan,First six months post-CP,2025-01-05,2025-06-30,126,67,0.98045486851457,4.726062749798056,17.402979524131098,15.130640222129564,5.4298444634195855,0.07176513229430953,0.05970149253731343,,0.01544076223187974,0.015438658918734537,0.040201116370166566,0.03920638343334418,0.05970149253731343,0.0,0.026839147218825864,0.98045486851457,0.0263145725574771
fhvhv_avg_trip_duration,FHVHV average trip duration,FHVHV,weekday_overnight,Brooklyn,CP launch transition,2024-11-01,2025-04-30,129,61,0.9952980048290762,4.4130300799310245,18.846345989107753,16.297307930015876,5.328468026178499,0.07903472931562819,0.03278688524590164,2.124375876055364,0.012308206751209397,0.017973585316535763,0.03896321329075341,0.04711424430430419,0.03278688524590164,0.012720387835231361,0.02636554429128543,0.9952980048290762,0.02624157362934903
fhvhv_avg_trip_speed,FHVHV average speed,FHVHV,weekday_evening,Citywide,First six months post-CP,2025-01-05,2025-06-30,126,261,0.983731679133978,4.985535048979802,17.652282973317938,16.328554187653896,5.333398991508428,0.07764829526135204,0.038314176245210725,,0.01803733265767323,0.018041476938789214,0.039023425084859786,0.04560608263099207,0.038314176245210725,0.0,0.026594850802373792,0.983731679133978,0.026162197236136792
avg_bus_speed,Average bus speed,Bus,All temporal buckets,Manhattan,First six months post-CP,2025-01-05,2025-06-30,177,64,0.9954978813559322,4.755207813092957,19.623065884898562,16.12521708393556,3.704495119354842,0.10641127959563713,0.03125,,0.01573242037669161,0.01759966768291986,0.019132953745729712,0.07689443020818287,0.03125,0.0,0.02603215627644166,0.9954978813559322,0.025914956420324205
fhvhv_avg_trip_duration,FHVHV average trip duration,FHVHV,weekend_overnight,Citywide,CP launch transition,2024-11-01,2025-04-30,52,261,0.9820218096080165,3.9338622452088146,18.346461205239414,15.536325837496427,5.009976629372049,0.07330432172869147,0.05747126436781609,2.3842848417682267,0.007513116745244223,0.01632012942541793,0.0350741292826451,0.04088071226690257,0.05747126436781609,0.016278758345936988,0.026104590673343038,0.9820218096080165,0.02563527737211288
fhvhv_avg_trip_speed,FHVHV average speed,FHVHV,weekend_midday,Brooklyn,First six months post-CP,2025-01-05,2025-06-30,51,61,1.0,5.320494607692424,16.44043643020612,11.690875512319085,7.176518327971392,0.06846673095467695,0.01639344262295082,,0.021389313145504907,0.007964765276027021,0.06152967174755811,0.03561838552728263,0.01639344262295082,0.0,0.025557090389006838,1.0,0.025557090389006838
fhvhv_avg_trip_duration,FHVHV average trip duration,FHVHV,weekend_evening,Bronx,Early 2026,2026-01-01,2026-03-31,26,43,0.9776386404293381,5.591084866121546,17.734712166944323,10.603077562094303,7.265144112731285,0.06678865507776761,0.023255813953488372,,0.02409714232326519,0.005601206465871308,0.06261187718755375,0.03379297615086218,0.023255813953488372,0.0,0.02613663333660978,0.9776386404293381,0.025552182680603303
avg_bus_speed,Average bus speed,Bus,weekend_evening,Citywide,Early 2026,2026-01-01,2026-03-31,26,247,1.0,3.893493137538683,18.370200110335148,18.174445011477495,3.79737614623792,0.07988165680473373,0.0728744939271255,,0.007109138241864502,0.022052213967970333,0.020267119754386994,0.04803553123836637,0.0728744939271255,0.0,0.025481084169710386,1.0,0.025481084169710386
fhvhv_avg_trip_duration,FHVHV average trip duration,FHVHV,weekday_overnight,Brooklyn,Second half of 2025,2025-07-01,2025-12-31,132,61,0.9967709885742673,4.429278593432905,18.95393744987419,16.488721460701434,5.336825156534818,0.08086219785696487,0.03278688524590164,,0.012470807575093631,0.01838948712692378,0.03906526183067735,0.049102162881986974,0.03278688524590164,0.0,0.02554859861977335,0.9967709885742673,0.02546610190291864
fhvhv_avg_trip_duration,FHVHV average trip duration,FHVHV,weekend_overnight,Citywide,Early 2026,2026-01-01,2026-03-31,26,260,0.9866863905325444,4.217104517372858,18.88355836598256,16.14086307630501,4.974367973640987,0.0775112443778111,0.05384615384615385,,0.010347556142262708,0.017633663171788726,0.03463931360177425,0.045456998807486354,0.05384615384615385,0.0,0.025608954947492914,0.9866863905325444,0.025268007322452327
fhvhv_avg_trip_duration,FHVHV average trip duration,FHVHV,weekday_midday,Bronx,CP launch transition,2024-11-01,2025-04-30,129,43,0.9774652965566973,4.987498668427788,18.451027666228782,11.484744585595262,5.353808428435653,0.08871265215787533,0.023255813953488372,2.31300196422945,0.01805698283305701,0.007516885623557574,0.03927264379394913,0.057641879760842056,0.023255813953488372,0.015302836300860453,0.025847293720851816,0.9774652965566973,0.025264832622040483
fhvhv_avg_trip_speed,FHVHV average speed,FHVHV,All temporal buckets,Manhattan,First six months post-CP,2025-01-05,2025-06-30,177,67,0.9865081372797032,5.069336782111151,18.630901652866758,10.789515010731378,5.304604207165241,0.10094879904265322,0.014925373134328358,,0.018875946654486372,0.006006296284415328,0.03867181327861036,0.07095234894884424,0.014925373134328358,0.0,0.02514651571348265,0.9865081372797032,0.024807242375582555
fhvhv_avg_trip_speed,FHVHV average speed,FHVHV,weekday_midday,Brooklyn,CP launch transition,2024-11-01,2025-04-30,129,61,1.0,4.815640257278724,18.303405784368334,10.813071293233602,5.2681108990440855,0.08222137501588511,0.01639344262295082,3.333906333022132,0.01633717509550368,0.00605747918932073,0.03822619514750837,0.05058067452991025,0.01639344262295082,0.02927986856751857,0.02458147614446607,1.0,0.02458147614446607
fhvhv_avg_trip_duration,FHVHV average trip duration,FHVHV,All temporal buckets,Staten Island,Early 2026,2026-01-01,2026-03-31,90,20,0.9794444444444445,5.787592559766359,19.287094010097142,11.286546752371574,4.320664857145144,0.08338060124787294,0.05,,0.026063618387831947,0.007086242934101486,0.02665697448082298,0.051841679745693744,0.05,0.0,0.025091931269110423,0.9794444444444445,0.02457615268191204
fhvhv_avg_trip_duration,FHVHV average trip duration,FHVHV,weekday_evening,Bronx,Early 2026,2026-01-01,2026-03-31,64,43,0.9781976744186046,6.087400519227815,17.0511607661374,12.933491467948262,5.448535262162998,0.07392273402674591,0.023255813953488372,,0.029063832604956666,0.010664711427755384,0.04042934886630507,0.04155342058891326,0.023255813953488372,0.0,0.025123408634877022,0.9781976744186046,0.024575659900104994
fhvhv_avg_trip_speed,FHVHV average speed,FHVHV,weekend_evening,Staten Island,Second half of 2025,2025-07-01,2025-12-31,52,20,0.9557692307692308,4.351615325574596,17.16023392425433,13.079356664519505,6.386449483629052,0.06740442655935613,0.05,,0.011693621936675593,0.010981646176878431,0.05188217690579423,0.03446281179518014,0.05,0.0,0.025629993081990595,0.9557692307692308,0.02449635877259486
fhvhv_avg_trip_speed,FHVHV average speed,FHVHV,weekday_midday,Bronx,CP launch transition,2024-11-01,2025-04-30,129,43,0.9774652965566973,4.952601315749465,18.957951994580036,9.926409411525908,5.6011576185267655,0.08483954260420509,0.023255813953488372,2.3924224647338175,0.01770776083830547,0.004130947243101847,0.04229301354097397,0.053428714794669756,0.023255813953488372,0.016390169191301936,0.025011797220310845,0.9774652965566973,0.024448163787367118
fhvhv_avg_trip_duration,FHVHV average trip duration,FHVHV,weekend_overnight,Citywide,First six months post-CP,2025-01-05,2025-06-30,51,261,0.9839981969799414,4.003384970392945,18.452886605025867,15.476750953209272,5.026900466571341,0.07420980302336234,0.05747126436781609,,0.008208838996532549,0.01619068558652136,0.03528078549147072,0.04186569397613838,0.05747126436781609,0.0,0.02477257682743336,0.9839981969799414,0.0243761709327415
fhvhv_avg_trip_speed,FHVHV average speed,FHVHV,weekend_evening,Bronx,Early 2026,2026-01-01,2026-03-31,26,43,0.9776386404293381,3.8592703547088125,23.021179528271063,8.680789813538969,5.623616873311294,0.0969807868252516,0.046511627906976744,,0.006766666748511941,0.0014244748009389603,0.04256726248299365,0.06663594895343024,0.046511627906976744,0.0,0.02486945968024807,0.9776386404293381,0.024313344750009964
fhvhv_avg_trip_duration,FHVHV average trip duration,FHVHV,All temporal buckets,Staten Island,CP launch transition,2024-11-01,2025-04-30,181,20,0.9748618784530386,4.0883567812387085,18.67459747230485,12.004790546333595,4.391279509240726,0.07027486540096345,0.05,4.650731167244766,0.009059162101403504,0.00864683738705831,0.02751924679636044,0.03758527249437208,0.05,0.047308298810434,0.02484601188151658,0.9748618784530386,0.02422142981488177
fhvhv_avg_trip_duration,FHVHV average trip duration,FHVHV,weekday_overnight,Brooklyn,First six months post-CP,2025-01-05,2025-06-30,126,61,0.9957064793130367,4.277567381646316,18.7148974372942,16.39748775130714,5.154912078196554,0.0774859532209591,0.03278688524590164,,0.010952615278541678,0.018191255242429503,0.03684392947782565,0.04542948711061172,0.03278688524590164,0.0,0.024200234353062764,0.9957064793130367,0.024096330146238527
avg_bus_speed,Average bus speed,Bus,weekend_evening,Queens,Second half of 2025,2025-07-01,2025-12-31,52,65,1.0,4.476882777412327,17.62022425754806,18.60624108045537,3.128671164309292,0.07751479289940828,0.06153846153846154,,0.01294718835506437,0.022990417062407464,0.012101593534721435,0.04546085888597569,0.06153846153846154,0.0,0.02373033563030154,1.0,0.02373033563030154
fhvhv_avg_trip_speed,FHVHV average speed,FHVHV,All temporal buckets,Citywide,First six months post-CP,2025-01-05,2025-06-30,177,262,0.9873851727260965,6.3197669749398555,16.974988990393747,11.9572031245129,5.068565903153813,0.07796632378955644,0.015267175572519083,,0.031389151603366285,0.008543439812100883,0.03578956024874372,0.045952033767851695,0.015267175572519083,0.0,0.023991124945876886,0.9873851727260965,0.02368848104857801
fhvhv_avg_trip_speed,FHVHV average speed,FHVHV,All temporal buckets,Citywide,Second half of 2025,2025-07-01,2025-12-31,184,262,0.988217723199469,6.641282887662471,16.48770401696802,10.712890814163373,5.440766855940472,0.07451721242653232,0.011450381679389313,,0.03460659991299408,0.00583980783421004,0.040334489210090016,0.04220009363867319,0.011450381679389313,0.0,0.02392322199690924,0.988217723199469,0.023641351973381103
fhvhv_avg_trip_duration,FHVHV average trip duration,FHVHV,All temporal buckets,Manhattan,First six months post-CP,2025-01-05,2025-06-30,177,67,0.9865081372797032,6.010265313376687,17.74217251134786,9.86882808723865,4.384328966762161,0.09864090947944269,0.014925373134328358,,0.028291931346394017,0.004005834995656025,0.02743437403724635,0.0684418288308943,0.014925373134328358,0.0,0.023905531463709058,0.9865081372797032,0.02358300131494496
fhvhv_avg_trip_duration,FHVHV average trip duration,FHVHV,weekday_overnight,Bronx,Second half of 2025,2025-07-01,2025-12-31,132,43,0.9769203664552502,4.065956077300719,19.217264759272787,15.53526259548852,5.049943118153637,0.07538322813345356,0.046511627906976744,,0.008834995569770781,0.01631781922156564,0.03556215826534058,0.04314214471830195,0.046511627906976744,0.0,0.024081370070856648,0.9769203664552502,0.02352558087436577
fhvhv_avg_trip_duration,FHVHV average trip duration,FHVHV,weekday_midday,Bronx,First six months post-CP,2025-01-05,2025-06-30,126,43,0.9782207456626061,4.91267790479645,18.535310291879316,11.329089879930677,5.431804847220968,0.08622641509433962,0.023255813953488372,,0.017308242475442426,0.007178680306256046,0.0402250545278944,0.0549373533981004,0.023255813953488372,0.0,0.02386751388229527,0.9782207456626061,0.023347697227051482
fhvhv_avg_trip_speed,FHVHV average speed,FHVHV,All temporal buckets,Queens,Second half of 2025,2025-07-01,2025-12-31,184,69,0.9974007561436673,7.337260085224965,16.33149211788657,7.733846630918582,5.591270528589671,0.07652215114901682,0.0,,0.041571327222677326,0.0,0.042172282733967434,0.04438106411416343,0.0,0.0,0.023405881608453465,0.9974007561436673,0.02334504401448064
fhvhv_avg_trip_speed,FHVHV average speed,FHVHV,weekend_overnight,Staten Island,Early 2026,2026-01-01,2026-03-31,26,20,0.9615384615384616,4.941107086197788,15.203924713754501,15.87286260286852,5.738196012867791,0.052,0.05,,0.017592736704263857,0.01705135385599545,0.04396638316185701,0.01770589092720429,0.05,0.0,0.02423054607630368,0.9615384615384616,0.023298601996445848
fhvhv_avg_trip_duration,FHVHV average trip duration,FHVHV,weekday_midday,Brooklyn,First six months post-CP,2025-01-05,2025-06-30,126,61,1.0,5.309705445801061,17.32047934643495,12.134116348944154,4.722508319690881,0.07884465261514442,0.03278688524590164,,0.02128134470812428,0.008927835471378548,0.03156386678504186,0.046907479046501215,0.03278688524590164,0.0,0.02311581154804321,1.0,0.02311581154804321
fhvhv_avg_trip_duration,FHVHV average trip duration,FHVHV,weekend_midday,Brooklyn,Second half of 2025,2025-07-01,2025-12-31,52,61,1.0,4.713016214133685,16.659965781396423,12.617265263195158,5.819150290603029,0.0671500630517024,0.03278688524590164,,0.015310203984344272,0.009977617623164323,0.04495491217735002,0.03418611540839608,0.03278688524590164,0.0,0.022954033473979518,1.0,0.022954033473979518
fhvhv_avg_trip_speed,FHVHV average speed,FHVHV,weekday_midday,Bronx,Second half of 2025,2025-07-01,2025-12-31,132,43,0.9778012684989429,5.2876607895433585,19.037468616804535,9.156720114442388,5.54920604354284,0.08468468468468468,0.023255813953488372,,0.021060741188341843,0.002458572406553946,0.04165863521398636,0.05326026049400598,0.023255813953488372,0.0,0.023473138851553863,0.9778012684989429,0.022952064944701187
fhvhv_avg_trip_speed,FHVHV average speed,FHVHV,weekday_overnight,Manhattan,Early 2026,2026-01-01,2026-03-31,64,66,0.9952651515151515,4.242132604290884,22.063621495758856,12.16836600299648,4.803898099872342,0.09157944814462417,0.030303030303030304,,0.010598015210573557,0.009002252849682518,0.03255771370116289,0.06076037776591087,0.030303030303030304,0.0,0.023026068689957574,0.9952651515151515,0.022917043743508912
fhvhv_avg_trip_duration,FHVHV average trip duration,FHVHV,All temporal buckets,Bronx,Early 2026,2026-01-01,2026-03-31,90,43,0.9811369509043928,5.750890459875753,17.101620402723317,8.620462975369307,4.2773019295954455,0.09902554648406636,0.023255813953488372,,0.025696336071218587,0.0012933971225748142,0.026127471738302193,0.06886023660638266,0.023255813953488372,0.0,0.023342727728854096,0.9811369509043928,0.02290241270967933
fhvhv_avg_trip_duration,FHVHV average trip duration,FHVHV,All temporal buckets,Citywide,CP launch transition,2024-11-01,2025-04-30,181,262,0.9862300198220235,4.99317740664572,16.67037050631166,11.572051360590347,4.14360057833575,0.06863520708161389,0.022900763358778626,4.9103615027933145,0.018113810647659975,0.007706585095948815,0.024494850599205784,0.03580165370129399,0.022900763358778626,0.05086285464180616,0.023194988378612936,0.9862300198220235,0.022875593848411042
avg_bus_speed,Average bus speed,Bus,All temporal buckets,Manhattan,CP launch transition,2024-11-01,2025-04-30,181,64,0.9955110497237569,4.446533362124077,18.456271068044348,13.830578165142434,3.8500138539289024,0.09417273673257023,0.015625,2.64274341841797,0.01264347811537363,0.012613894330875062,0.02090987641675576,0.06358135467722884,0.015625,0.019817271820710438,0.022945574872800013,0.9955110497237569,0.0228425733281362
avg_bus_speed,Average bus speed,Bus,All temporal buckets,Citywide,Early 2026,2026-01-01,2026-03-31,90,252,0.9942680776014109,4.840974202230849,18.624979687691646,15.72606045314907,2.7617018294599918,0.08660753880266076,0.05555555555555555,,0.016590694921854363,0.01673238330245883,0.007620547622841246,0.05535193941314215,0.05555555555555555,0.0,0.02288369080208071,0.9942680776014109,0.022752523262209876
avg_bus_speed,Average bus speed,Bus,weekend_midday,Bronx,Second half of 2025,2025-07-01,2025-12-31,52,42,1.0,3.656492930022095,18.178045286637662,10.443279964017627,5.797981156260694,0.061813186813186816,0.07142857142857142,,0.004737448733253609,0.005253999504598948,0.04469641683756443,0.028380666405384034,0.07142857142857142,0.0,0.02260023009397809,1.0,0.02260023009397809
fhvhv_avg_trip_duration,FHVHV average trip duration,FHVHV,weekend_overnight,Manhattan,Second half of 2025,2025-07-01,2025-12-31,52,67,0.9850746268656716,5.24635383416091,18.515682727547436,12.585625791462277,4.509943905487685,0.09061771561771562,0.014925373134328358,,0.020647377530395028,0.009908871628425622,0.028968252359472493,0.05971420601862327,0.014925373134328358,0.0,0.022850012101306237,0.9850746268656716,0.022508967144570322
fhvhv_avg_trip_duration,FHVHV average trip duration,FHVHV,weekend_overnight,Brooklyn,Second half of 2025,2025-07-01,2025-12-31,52,61,0.9996847414880202,4.442582394739035,17.29222868839563,14.717753721299253,5.10598880854808,0.07127089246294545,0.03278688524590164,,0.012603940310769337,0.014541542384887246,0.03624652965000589,0.03866874980498042,0.03278688524590164,0.0,0.022484480583714085,0.9996847414880202,0.022477392159822626
fhvhv_avg_trip_speed,FHVHV average speed,FHVHV,weekday_midday,Brooklyn,First six months post-CP,2025-01-05,2025-06-30,126,61,1.0,5.249554549198585,17.595465572121007,10.674264422305077,5.181334778749908,0.0833983866770752,0.01639344262295082,,0.020679407469754368,0.005755880714507032,0.03716657587645202,0.05186102671901969,0.01639344262295082,0.0,0.02242666511801607,1.0,0.02242666511801607
avg_bus_speed,Average bus speed,Bus,weekend_midday,Bronx,First six months post-CP,2025-01-05,2025-06-30,51,42,1.0,4.502849635153263,14.693653268260611,8.902974457736722,7.20085826963137,0.049019607843137254,0.047619047619047616,,0.013207041815620761,0.0019072358441698252,0.06182688567175599,0.014463823114056671,0.047619047619047616,0.0,0.02241507268753107,1.0,0.02241507268753107
fhvhv_avg_trip_duration,FHVHV average trip duration,FHVHV,weekday_overnight,Bronx,CP launch transition,2024-11-01,2025-04-30,129,42,0.9996308600959763,4.016264655896274,17.8566411297778,14.765130836647849,5.1473535468512495,0.0714549483013294,0.023809523809523808,2.268395672725961,0.008337727554490094,0.014644483007600129,0.036751632594222004,0.03886896557459733,0.023809523809523808,0.014692138967497558,0.022359503895534184,0.9996308600959763,0.022351250110412172
fhvhv_avg_trip_speed,FHVHV average speed,FHVHV,All temporal buckets,Manhattan,Second half of 2025,2025-07-01,2025-12-31,184,67,0.9866969500324465,5.876878661053144,16.951759379633646,9.934655684919761,5.4220898247536535,0.07612627425189082,0.014925373134328358,,0.026957115114714842,0.004148864680919197,0.04010642482896094,0.043950429594076655,0.014925373134328358,0.0,0.022535025911509295,0.9866969500324465,0.022235241335788376
avg_bus_speed,Average bus speed,Bus,weekend_midday,Citywide,CP launch transition,2024-11-01,2025-04-30,52,248,0.9979838709677419,3.6110934485769373,15.577459418896696,12.890645386322806,5.452696181853101,0.0560994560994561,0.04435483870967742,3.2431430489827116,0.00428313067603284,0.010571615799393912,0.04048015766801232,0.02216527545512781,0.04435483870967742,0.028037243510338067,0.022159561158928233,0.9979838709677419,0.022114884624333617
avg_bus_speed,Average bus speed,Bus,weekend_overnight,Queens,Early 2026,2026-01-01,2026-03-31,26,65,0.9923076923076923,4.834574920999849,17.864478386214326,19.20435752843934,2.34955781545613,0.07394156231365534,0.06153846153846154,,0.016526656546878883,0.024289999765095428,0.0025878757517261357,0.04157390198188203,0.06153846153846154,0.0,0.02228533785212332,0.9923076923076923,0.022113912176337756
avg_bus_speed,Average bus speed,Bus,weekend_overnight,Manhattan,First six months post-CP,2025-01-05,2025-06-30,51,59,0.9913592555666334,4.105932741703908,17.728696441479293,16.337892439916804,5.145525640010489,0.07743881997988603,0.01694915254237288,,0.009235046846298323,0.01806176701968419,0.0367293121066547,0.0453782156148589,0.01694915254237288,0.0,0.022209961141977777,0.9913592555666334,0.022018050543874942
fhvhv_avg_trip_duration,FHVHV average trip duration,FHVHV,weekday_midday,Bronx,Second half of 2025,2025-07-01,2025-12-31,132,43,0.9778012684989429,4.451477657775715,17.462914813465023,11.224383458054607,5.623979271664754,0.08090090090090091,0.023255813953488372,,0.012692956275107478,0.006951175018298914,0.042571687712859005,0.04914426401714361,0.023255813953488372,0.0,0.022487943550088405,0.9778012684989429,0.021988739729209065
avg_bus_speed,Average bus speed,Bus,weekday_midday,Citywide,Early 2026,2026-01-01,2026-03-31,64,250,1.0,4.087860284153554,19.205045913445012,17.136900125248054,2.519025171469483,0.0860625,0.06,,0.009054193595509541,0.019797844619073454,0.004657233953475151,0.05475904671110155,0.06,0.0,0.021905603671230532,1.0,0.021905603671230532
fhvhv_avg_trip_duration,FHVHV average trip duration,FHVHV,weekday_midday,Brooklyn,Second half of 2025,2025-07-01,2025-12-31,132,61,0.9998758072528564,4.87867861125602,18.136480917388397,11.844101224897756,5.209793388559563,0.07862377344429264,0.01639344262295082,,0.016968007466220437,0.008297692896301419,0.03751408267071241,0.046667206890112535,0.01639344262295082,0.0,0.02161026654727389,0.9998758072528564,0.02160758270890488
fhvhv_avg_trip_speed,FHVHV average speed,FHVHV,weekend_evening,Queens,Second half of 2025,2025-07-01,2025-12-31,52,69,0.9860646599777034,5.352241013803196,14.780616363007326,10.761296104807553,7.274658489829339,0.04833239118145845,0.014492753623188406,,0.02170700323994817,0.005944982468099135,0.0627280568149791,0.013716269469360168,0.014492753623188406,0.0,0.021879973410733104,0.9860646599777034,0.02157506854157573
fhvhv_avg_trip_speed,FHVHV average speed,FHVHV,weekday_evening,Brooklyn,Second half of 2025,2025-07-01,2025-12-31,132,61,0.9991306507699951,4.850910594514228,16.233663082486476,12.419449891338271,5.2105943118399995,0.06314481044126787,0.03278688524590164,,0.01669012959146444,0.009547805942750731,0.037523862708581254,0.02982920534811594,0.03278688524590164,0.0,0.020982819272504376,0.9991306507699951,0.02096457787472649
fhvhv_avg_trip_duration,FHVHV average trip duration,FHVHV,weekday_overnight,Bronx,First six months post-CP,2025-01-05,2025-06-30,126,43,0.9765596160944998,3.8751229916043552,16.89501439083344,14.782020207984923,4.915770705673954,0.06615006615006615,0.046511627906976744,,0.0069253059877047805,0.014681180100487171,0.03392378501904171,0.03309831970990822,0.046511627906976744,0.0,0.021456023973654998,0.9765596160944998,0.020953086534626908
fhvhv_avg_trip_speed,FHVHV average speed,FHVHV,weekday_evening,Queens,Second half of 2025,2025-07-01,2025-12-31,132,69,0.9835309617918313,5.084634826201601,16.97059295995035,12.088706579888134,5.0066797119005955,0.06764902880107167,0.028985507246376812,,0.01902903601694631,0.008829169483179808,0.03503387077286164,0.034728889885965494,0.028985507246376812,0.0,0.02112775793628905,0.9835309617918313,0.020779804083583365
fhvhv_avg_trip_speed,FHVHV average speed,FHVHV,weekday_overnight,Bronx,Early 2026,2026-01-01,2026-03-31,64,42,0.9996279761904762,4.834879428499375,21.03110091785339,10.864055859005418,4.250632856187104,0.0867138072199479,0.023809523809523808,,0.016529703789957217,0.006168258051872402,0.025801816891912483,0.05546753809851899,0.023809523809523808,0.0,0.02070945174507227,0.9996279761904762,0.02070174733594092
avg_bus_speed,Average bus speed,Bus,weekend_midday,Citywide,First six months post-CP,2025-01-05,2025-06-30,51,248,0.9986559139784946,3.8878173244586067,16.084025352736482,13.340990493869084,5.627182280839863,0.05700261261974507,0.04435483870967742,,0.007052339699466976,0.011550122098593664,0.04261079951269299,0.023147728276955614,0.04435483870967742,0.0,0.020727801479591496,0.9986559139784946,0.02069994153136624
fhvhv_avg_trip_speed,FHVHV average speed,FHVHV,weekday_midday,Bronx,First six months post-CP,2025-01-05,2025-06-30,126,43,0.9782207456626061,5.242945332649336,16.73554165233415,9.805654921810326,5.361692174851799,0.07056603773584906,0.023255813953488372,,0.02061326824686405,0.0038685728398644226,0.03936891186403973,0.03790200948914574,0.023255813953488372,0.0,0.02097446205086756,0.9782207456626061,0.0205176539072717
fhvhv_avg_trip_duration,FHVHV average trip duration,FHVHV,All temporal buckets,Queens,CP launch transition,2024-11-01,2025-04-30,181,69,0.9941548562735207,4.559496415179607,16.867397365694092,10.25861184396112,3.903943505201831,0.06282216494845361,0.028985507246376812,4.820600409383197,0.0137739129390381,0.0048527540692455745,0.021568408943635483,0.02947823188145263,0.028985507246376812,0.04963395041019101,0.020565333441720787,0.9941548562735207,0.020445126111970958
fhvhv_avg_trip_duration,FHVHV average trip duration,FHVHV,All temporal buckets,Brooklyn,Early 2026,2026-01-01,2026-03-31,90,61,1.0,5.933969666214317,17.61727770759389,9.837490890900352,3.4915531237790933,0.0907103825136612,0.01639344262295082,,0.027528431652348365,0.003937745782511561,0.016532728691137148,0.05981500898174935,0.01639344262295082,0.0,0.020408264123882476,1.0,0.020408264123882476
fhvhv_avg_trip_duration,FHVHV average trip duration,FHVHV,weekend_overnight,Brooklyn,Early 2026,2026-01-01,2026-03-31,26,61,0.9993694829760403,3.990132410373827,16.70470472163238,14.960760734603838,4.928993129627026,0.06498422712933755,0.03278688524590164,,0.008076219038563192,0.015069546107551911,0.03408524343851534,0.031830121108689775,0.03278688524590164,0.0,0.020252885713197315,0.9993694829760403,0.020240115923970833
fhvhv_avg_trip_speed,FHVHV average speed,FHVHV,weekend_midday,Queens,Second half of 2025,2025-07-01,2025-12-31,52,69,0.9966555183946488,5.259921308033206,15.186131005162546,10.259799093446906,7.068353715280402,0.05341163310961969,0.0,,0.020783148869072128,0.004855333715568132,0.060208878565457195,0.01924146410945591,0.0,0.0,0.020298458532216287,0.9966555183946488,0.020230570711038304
fhvhv_avg_trip_speed,FHVHV average speed,FHVHV,All temporal buckets,Queens,First six months post-CP,2025-01-05,2025-06-30,177,69,0.995987881765332,6.737460857296752,15.940776517124268,7.744124435217412,4.997134838382391,0.06478132193357448,0.014492753623188406,,0.03556906439322098,0.0,0.03491731875503233,0.031609401025666777,0.014492753623188406,0.0,0.020287962145819523,0.995987881765332,0.020206564442950027
fhvhv_avg_trip_duration,FHVHV average trip duration,FHVHV,weekday_am_peak,Brooklyn,First six months post-CP,2025-01-05,2025-06-30,126,61,0.9994795732500651,4.2905892017639236,17.160372020179725,12.27933753006607,4.907412792872332,0.07029419422025514,0.03278688524590164,,0.011082926194635653,0.00924337090881065,0.03382172692471364,0.037606298366000226,0.03278688524590164,0.0,0.02021140663056272,0.9994795732500651,0.020200888073898363
fhvhv_avg_trip_duration,FHVHV average trip duration,FHVHV,All temporal buckets,Staten Island,First six months post-CP,2025-01-05,2025-06-30,177,20,0.9827683615819209,4.097783009117471,20.010648323347638,12.088057119363112,4.288291435636861,0.07387180224202357,0.05,,0.009153491494614148,0.008827758340471323,0.02626166409838233,0.04149801704091564,0.05,0.0,0.020514673259854475,0.9827683615819209,0.020161171827975628
fhvhv_avg_trip_speed,FHVHV average speed,FHVHV,weekend_midday,Bronx,Second half of 2025,2025-07-01,2025-12-31,52,43,0.9785330948121646,4.766870352026021,13.676947100453,8.694807898752487,8.113084850537524,0.033820840950639856,0.023255813953488372,,0.01584912880290418,0.0014549331859736792,0.07296604309687607,0.0,0.023255813953488372,0.0,0.02045234907179831,0.9785330948121646,0.0200133004334055
fhvhv_avg_trip_speed,FHVHV average speed,FHVHV,weekday_midday,Queens,First six months post-CP,2025-01-05,2025-06-30,126,69,0.9903381642512077,5.350031097099576,17.117145396397895,11.366062684357031,4.63059335530639,0.07537746806039489,0.014492753623188406,,0.021684888338379938,0.007259014524223652,0.03044149732175993,0.043135878916192014,0.014492753623188406,0.0,0.02015968796283153,0.9903381642512077,0.019964908368987747
avg_bus_speed,Average bus speed,Bus,weekend_evening,Queens,Early 2026,2026-01-01,2026-03-31,26,65,1.0,4.282660515899391,17.82381946735734,17.538703305113437,2.600254924510137,0.06745562130177515,0.06153846153846154,,0.01100358288401569,0.020670879400507967,0.005649126785434358,0.03451850138831536,0.06153846153846154,0.0,0.01982988314611046,1.0,0.01982988314611046
fhvhv_avg_trip_speed,FHVHV average speed,FHVHV,weekday_overnight,Citywide,CP launch transition,2024-11-01,2025-04-30,129,261,0.9768629896937836,3.859099683250305,15.831171173907078,14.034610465094822,4.805999519010937,0.055640012161751295,0.05747126436781609,1.2625663487012617,0.006764958818751864,0.013057214103640904,0.03258337403499982,0.021665492767487637,0.05747126436781609,0.000921496636649577,0.020223070112230273,0.9768629896937836,0.019755168730620266
fhvhv_avg_trip_speed,FHVHV average speed,FHVHV,All temporal buckets,Brooklyn,Second half of 2025,2025-07-01,2025-12-31,184,61,1.0,6.526777360430786,16.176268697058212,8.135921419932732,5.263627318537758,0.06815751960085531,0.0,,0.0334607293652042,0.00024058905100047705,0.03817144634920151,0.03528202570450676,0.0,0.0,0.019678886261307277,1.0,0.019678886261307277
avg_bus_speed,Average bus speed,Bus,weekday_am_peak,Citywide,Early 2026,2026-01-01,2026-03-31,64,251,1.0,4.461705914609807,17.62336159656681,14.9440839847089,2.5255605735131716,0.07476344621513945,0.05976095617529881,,0.012795311668290392,0.015033310996858057,0.00473703745155869,0.04246794652464806,0.05976095617529881,0.0,0.019611085169411423,1.0,0.019611085169411423
fhvhv_avg_trip_duration,FHVHV average trip duration,FHVHV,weekend_overnight,Brooklyn,CP launch transition,2024-11-01,2025-04-30,52,61,1.0,3.7514030672454677,16.605060164634562,13.797210008153453,4.648645919161156,0.06084489281210593,0.03278688524590164,2.4885733412770024,0.005687225862447635,0.012541392262440691,0.03066193636060653,0.027327357092601257,0.03278688524590164,0.017706554883235893,0.01955362808702495,1.0,0.01955362808702495
fhvhv_avg_trip_speed,FHVHV average speed,FHVHV,All temporal buckets,Brooklyn,CP launch transition,2024-11-01,2025-04-30,181,61,1.0,6.444401386692028,16.08967442259093,8.307864344505873,5.167592858528417,0.06530205597319083,0.0,1.6226450154968157,0.03263638311367552,0.0006141852819317905,0.036998773911595256,0.03217585502909819,0.0,0.005851273899027741,0.019492083369804607,1.0,0.019492083369804607
avg_bus_speed,Average bus speed,Bus,weekend_overnight,Manhattan,CP launch transition,2024-11-01,2025-04-30,52,59,0.9973924380704041,3.8849260360681295,15.955720022582346,15.026311160899718,5.172601672438182,0.05915032679738562,0.0,3.396306014612329,0.007023406229686856,0.015211973557014447,0.03705993631118087,0.025484009759624244,0.0,0.030134172251267907,0.019455680586497583,0.9973924380704041,0.019404948694485852
avg_bus_speed,Average bus speed,Bus,weekday_overnight,Manhattan,Second half of 2025,2025-07-01,2025-12-31,132,62,1.0,4.040171764979103,18.103395728164738,15.691168854491883,3.367305063530144,0.07001466275659823,0.04838709677419355,,0.008576968863124788,0.016656571111978446,0.015015541260023215,0.03730222430011017,0.04838709677419355,0.0,0.019316688125060093,1.0,0.019316688125060093
avg_bus_speed,Average bus speed,Bus,weekday_pm_peak,Citywide,Early 2026,2026-01-01,2026-03-31,64,252,1.0,3.9508287455936903,18.619327222410064,16.288369227014336,2.544339187906542,0.07434275793650794,0.05952380952380952,,0.007682902550000686,0.017954163373125876,0.00496634226061785,0.04201032220686185,0.05952380952380952,0.0,0.019272319088815406,1.0,0.019272319088815406
fhvhv_avg_trip_speed,FHVHV average speed,FHVHV,weekend_midday,Brooklyn,CP launch transition,2024-11-01,2025-04-30,52,61,1.0,4.539155261419906,15.203317062414046,11.696736654615911,6.401043868101952,0.05296343001261034,0.0,2.1268201614794204,0.01357035657311573,0.007977500319800893,0.05206038827297986,0.018753909197857743,0.0,0.012753852141277345,0.019208995642975738,1.0,0.019208995642975738
fhvhv_avg_trip_speed,FHVHV average speed,FHVHV,weekend_overnight,Manhattan,CP launch transition,2024-11-01,2025-04-30,52,67,0.9827784156142365,4.2119698983674265,16.392535419137552,10.769472180732315,4.016980355102379,0.06425233644859812,0.04477611940298507,2.835510951979331,0.010296173393895096,0.0059627473814090745,0.022948696793427273,0.03103397110765578,0.04477611940298507,0.02245642012775269,0.01951801050203889,0.9827784156142365,0.01918187943713581
fhvhv_avg_trip_speed,FHVHV average speed,FHVHV,weekend_midday,Brooklyn,Second half of 2025,2025-07-01,2025-12-31,52,61,1.0,4.813378119274911,15.069883252803999,11.907728985704328,6.6922386945821275,0.0510718789407314,0.0,,0.016314537609119634,0.008435942793346892,0.05561615509828014,0.016696281703119292,0.0,0.0,0.018999566495284573,1.0,0.018999566495284573
fhvhv_avg_trip_speed,FHVHV average speed,FHVHV,weekday_overnight,Brooklyn,Second half of 2025,2025-07-01,2025-12-31,132,61,0.9967709885742673,4.22528986919326,16.36535113197597,13.264942518449946,4.699162157928655,0.06254672314976327,0.03278688524590164,,0.010429467939894263,0.011384885657157763,0.03127878786212402,0.029178606549305257,0.03278688524590164,0.0,0.01884335208167905,0.9967709885742673,0.018782506682508204
avg_bus_speed,Average bus speed,Bus,weekday_evening,Queens,Early 2026,2026-01-01,2026-03-31,64,66,1.0,4.604208300699173,19.646771939028724,17.977700673502213,2.0199822467822814,0.06297348484848485,0.06060606060606061,,0.014221350141343262,0.021624729421530764,0.0,0.029642837527810394,0.06060606060606061,0.0,0.018757484073428962,1.0,0.018757484073428962
fhvhv_avg_trip_duration,FHVHV average trip duration,FHVHV,All temporal buckets,Citywide,Second half of 2025,2025-07-01,2025-12-31,184,262,0.988217723199469,4.5529743795191475,16.96004874438903,12.316459539482095,4.505706795133989,0.06838790931989924,0.026717557251908396,,0.013708646145760646,0.009324029318203498,0.028916513197026098,0.03553264342636344,0.026717557251908396,0.0,0.01885769143725358,0.988217723199469,0.018635504896920854
fhvhv_avg_trip_duration,FHVHV average trip duration,FHVHV,weekday_am_peak,Bronx,First six months post-CP,2025-01-05,2025-06-30,126,43,0.9771133259505352,4.22876718710512,17.483214079294193,10.344652402502895,5.00823000055446,0.07461276917264828,0.023255813953488372,,0.010464265877398545,0.0050397023165097915,0.03505280127733413,0.042304040178123815,0.023255813953488372,0.0,0.01903452643214139,0.9771133259505352,0.01859888943000305
fhvhv_avg_trip_speed,FHVHV average speed,FHVHV,weekday_overnight,Brooklyn,CP launch transition,2024-11-01,2025-04-30,129,61,0.9952980048290762,4.053054112712649,15.644743911635466,13.653555857087506,5.038262598595296,0.054775280898876406,0.03278688524590164,1.3771802406588889,0.0087058840623395,0.012229261655559884,0.035419527970531245,0.02072483890489653,0.03278688524590164,0.0024906564081896843,0.01851887782160773,0.9952980048290762,0.0184318021475196
avg_bus_speed,Average bus speed,Bus,weekend_overnight,Queens,Second half of 2025,2025-07-01,2025-12-31,52,65,0.9923076923076923,4.340515387209183,16.985612332197263,17.346385221570387,2.4954183988504166,0.06082289803220036,0.06153846153846154,,0.011582543521836498,0.020253012184802598,0.004368972723198801,0.02730343119149965,0.06153846153846154,0.0,0.018502917127778813,0.9923076923076923,0.01836058699602667
fhvhv_avg_trip_speed,FHVHV average speed,FHVHV,weekday_overnight,Manhattan,CP launch transition,2024-11-01,2025-04-30,129,67,0.9800995024875622,3.804712009273756,15.406900583240589,11.926133756422498,4.77758926258284,0.05324046747727541,0.05970149253731343,1.2594641893835972,0.00622069484059099,0.00847593253406192,0.03223645768168961,0.019055270293966683,0.05970149253731343,0.0008790254883180366,0.01872675598462975,0.9800995024875622,0.018354084223741594
fhvhv_avg_trip_duration,FHVHV average trip duration,FHVHV,weekend_overnight,Brooklyn,First six months post-CP,2025-01-05,2025-06-30,51,61,1.0,3.697892874984144,16.664356997352925,13.970781731943799,4.740731479243475,0.06171648987463838,0.03278688524590164,,0.005151742949079088,0.012918527535469852,0.03178638896022096,0.028275479565667012,0.03278688524590164,0.0,0.018137268725167688,1.0,0.018137268725167688
fhvhv_avg_trip_duration,FHVHV average trip duration,FHVHV,weekday_overnight,Bronx,Early 2026,2026-01-01,2026-03-31,64,42,0.9996279761904762,4.400202318427713,17.630793461465085,15.073028208572117,4.655853751729603,0.07071082992184592,0.0,,0.01217983780294914,0.015313479989884398,0.03074995087734433,0.038059514294254956,0.0,0.0,0.018123254877668037,0.9996279761904762,0.018116512595347477
avg_bus_speed,Average bus speed,Bus,weekday_midday,Citywide,Second half of 2025,2025-07-01,2025-12-31,132,250,1.0,3.5629990227959514,18.329276398932656,15.801951262256875,2.229342448533165,0.0753030303030303,0.064,,0.0038018439875414562,0.016897278254172546,0.0011199313560001354,0.043054905593040926,0.064,0.0,0.018066910471207592,1.0,0.018066910471207592
fhvhv_avg_trip_duration,FHVHV average trip duration,FHVHV,weekend_overnight,Manhattan,CP launch transition,2024-11-01,2025-04-30,52,67,0.9827784156142365,3.547327893971365,16.399090158713094,10.309611901221933,4.3248737466149265,0.05899532710280374,0.04477611940298507,2.8786184927391494,0.003645021121389494,0.004963566591582404,0.026708369039335256,0.025315401236180604,0.04477611940298507,0.02304659831344191,0.01789115163711034,0.9827784156142365,0.017583037659433354
avg_bus_speed,Average bus speed,Bus,weekday_pm_peak,Citywide,Second half of 2025,2025-07-01,2025-12-31,132,252,1.0,3.5464571837057464,18.457077606465333,14.95031596140917,2.3218891784711566,0.07635882635882636,0.05952380952380952,,0.003636307819305726,0.01504685178670011,0.0022500152798157844,0.0442033995594684,0.05952380952380952,0.0,0.017521868452800543,1.0,0.017521868452800543
fhvhv_avg_trip_speed,FHVHV average speed,FHVHV,weekday_evening,Queens,CP launch transition,2024-11-01,2025-04-30,129,69,0.9767441860465116,3.9365573465045642,14.370229051959143,11.567398532995817,4.991836079327849,0.04635380722337244,0.057971014492753624,1.0923700126463518,0.007540086947231602,0.007696475468833858,0.03485261584842805,0.0115639676820433,0.057971014492753624,0.0,0.017934356027922253,0.9767441860465116,0.01751727798076127
fhvhv_avg_trip_speed,FHVHV average speed,FHVHV,weekday_overnight,Brooklyn,First six months post-CP,2025-01-05,2025-06-30,126,61,0.9957064793130367,4.069309180830012,15.467173102650857,13.516915193443486,4.758660085414679,0.05409643277146217,0.03278688524590164,,0.008868550479047199,0.011932369898855792,0.032005314357412995,0.019986388543980962,0.03278688524590164,0.0,0.017434512248193295,0.9957064793130367,0.01735965680918856
fhvhv_avg_trip_speed,FHVHV average speed,FHVHV,All temporal buckets,Brooklyn,First six months post-CP,2025-01-05,2025-06-30,177,61,1.0,6.526877989103422,15.517654601335554,8.289914676315199,4.8911720882850895,0.058997869778642215,0.0,,0.0334617363684033,0.000575184384400523,0.03362341241724504,0.025318167156590174,0.0,0.0,0.017358550926718327,1.0,0.017358550926718327
avg_bus_speed,Average bus speed,Bus,weekend_evening,Citywide,CP launch transition,2024-11-01,2025-04-30,52,248,0.9979838709677419,3.3779061333685156,15.621836226797496,12.80940846039077,4.553625005018807,0.05687645687645688,0.036290322580645164,2.1327523643358575,0.0019495972381676175,0.010395104847192768,0.02950164028563463,0.02301049617687222,0.036290322580645164,0.012835068945976531,0.017253137295751644,0.9979838709677419,0.017218352744752145
avg_bus_speed,Average bus speed,Bus,All temporal buckets,Citywide,Second half of 2025,2025-07-01,2025-12-31,184,252,0.9943926846100759,4.012518817863955,17.9196806360114,14.28268496334622,2.4761478523669815,0.0788366444001041,0.04365079365079365,,0.008300242503927075,0.01359622841764645,0.0041336609536888076,0.046898767717636916,0.04365079365079365,0.0,0.017285732318659694,0.9943926846100759,0.017188805765803165
fhvhv_avg_trip_speed,FHVHV average speed,FHVHV,weekend_overnight,Citywide,Second half of 2025,2025-07-01,2025-12-31,52,261,0.9851900972590628,4.109802256719372,16.248653510562356,13.179650430387234,4.610433864784868,0.060578864707202154,0.02681992337164751,,0.009273769547268725,0.011199563680649588,0.030195330696899707,0.027037971967789676,0.02681992337164751,0.0,0.017431399101329285,0.9851900972590628,0.017173241776000138
fhvhv_avg_trip_speed,FHVHV average speed,FHVHV,weekday_overnight,Citywide,Second half of 2025,2025-07-01,2025-12-31,132,261,0.9796238244514106,3.956602435143278,15.462202599523437,13.985483684443306,4.586318550583915,0.05333333333333334,0.038314176245210725,,0.007740680553970472,0.012950471821952025,0.029900859688420853,0.019156289685717705,0.038314176245210725,0.0,0.017470787081345,0.9796238244514106,0.017114799256803488
fhvhv_avg_trip_speed,FHVHV average speed,FHVHV,weekday_overnight,Citywide,First six months post-CP,2025-01-05,2025-06-30,126,261,0.9776196557805753,3.7274319569007535,15.010078232385197,13.806640130609939,4.57164486583214,0.05004665629860031,0.04980842911877394,,0.005447344085507276,0.01256188195816798,0.02972167998912483,0.015581045467609222,0.04980842911877394,0.0,0.017492275036487197,0.9776196557805753,0.017100791899989764
fhvhv_avg_trip_duration,FHVHV average trip duration,FHVHV,weekday_am_peak,Manhattan,First six months post-CP,2025-01-05,2025-06-30,126,66,0.9989177489177489,4.4499302483861864,16.28193868882493,12.514943942703638,4.698548356246175,0.062236667870470684,0.015151515151515152,,0.012677471163709783,0.009755294664691636,0.03127129275760497,0.028841328705187883,0.015151515151515152,0.0,0.017069927271365557,0.9989177489177489,0.017051453324102173
avg_bus_speed,Average bus speed,Bus,weekend_evening,Bronx,Second half of 2025,2025-07-01,2025-12-31,52,42,1.0,3.790984585469148,15.320055831590729,9.3062103347757,4.167935972525079,0.05357142857142857,0.07142857142857142,,0.00608332286375268,0.002783383578727885,0.024792008994445724,0.019415289464023665,0.07142857142857142,0.0,0.016926062828782344,1.0,0.016926062828782344
fhvhv_avg_trip_speed,FHVHV average speed,FHVHV,weekday_evening,Queens,First six months post-CP,2025-01-05,2025-06-30,126,69,0.979296066252588,4.318638789385559,14.976478286530277,11.53496707596788,4.767474824698609,0.04991778247592201,0.043478260869565216,,0.011363621782965202,0.007626008654689995,0.03211295073920704,0.015440856643296107,0.043478260869565216,0.0,0.017265771251557885,0.979296066252588,0.01690830186746766
fhvhv_avg_trip_speed,FHVHV average speed,FHVHV,weekend_overnight,Queens,Second half of 2025,2025-07-01,2025-12-31,52,69,0.9841137123745819,4.27577165904058,16.729674705038377,10.481755018113196,4.352458147831718,0.059473237043330504,0.043478260869565216,,0.01093464526700023,0.005337597798804236,0.02704520091209903,0.025835271224496532,0.043478260869565216,0.0,0.017153485456151914,0.9841137123745819,0.01688098025241706
fhvhv_avg_trip_duration,FHVHV average trip duration,FHVHV,All temporal buckets,Queens,Second half of 2025,2025-07-01,2025-12-31,184,69,0.9974007561436673,4.280158985458595,17.29354695847372,11.714563148729153,4.141318782343985,0.0652294085129906,0.028985507246376812,,0.010978549768795778,0.008016233585667809,0.024466987691791897,0.03209682918953551,0.028985507246376812,0.0,0.016806240991602495,0.9974007561436673,0.016762557472957025
fhvhv_avg_trip_speed,FHVHV average speed,FHVHV,weekend_overnight,Queens,Early 2026,2026-01-01,2026-03-31,26,69,0.9765886287625418,5.210410672812584,14.449998328835735,11.455942724782766,3.6414452437431777,0.046232876712328765,0.057971014492753624,,0.020287690002821167,0.007454305167455236,0.018363054572900387,0.011432419584730194,0.057971014492753624,0.0,0.01710568959399301,0.9765886287625418,0.016705221944635317
fhvhv_avg_trip_speed,FHVHV average speed,FHVHV,weekend_overnight,Manhattan,Second half of 2025,2025-07-01,2025-12-31,52,67,0.9850746268656716,4.301402071466166,16.395098896826465,11.78735445245011,4.620188826293662,0.06701631701631702,0.014925373134328358,,0.011191131878923882,0.00817439395651318,0.030314448089658094,0.03404062659563679,0.014925373134328358,0.0,0.016943345785623044,0.9850746268656716,0.01669046002762867
avg_bus_speed,Average bus speed,Bus,weekday_evening,Queens,Second half of 2025,2025-07-01,2025-12-31,132,66,1.0,4.396502813595601,15.720699165586375,17.447687704557104,1.9624956677429495,0.0539485766758494,0.06060606060606061,,0.012142816414278999,0.020473121421177267,0.0,0.019825550820844414,0.06060606060606061,0.0,0.016581282321882843,1.0,0.016581282321882843
avg_bus_speed,Average bus speed,Bus,weekday_am_peak,Citywide,Second half of 2025,2025-07-01,2025-12-31,132,251,1.0,3.763658012397412,17.768385099685087,13.7290187039845,2.1538792880273183,0.07065676687190632,0.06374501992031872,,0.00580986256876121,0.012393226734355967,0.000198454124064257,0.03800070455886957,0.06374501992031872,0.0,0.016374577698016396,1.0,0.016374577698016396
fhvhv_avg_trip_duration,FHVHV average trip duration,FHVHV,All temporal buckets,Citywide,First six months post-CP,2025-01-05,2025-06-30,177,262,0.9873851727260965,4.695788524201698,16.367188521935233,11.515990185454523,4.02105482302391,0.064797222040228,0.022900763358778626,,0.01513780442445598,0.007584775816594521,0.022998449936507636,0.03162669714687965,0.022900763358778626,0.0,0.016557525734251163,0.9873851727260965,0.01634865540703037
fhvhv_avg_trip_speed,FHVHV average speed,FHVHV,weekday_evening,Brooklyn,CP launch transition,2024-11-01,2025-04-30,129,61,0.9982208666920829,4.1373837015515305,14.309031664447414,12.309278535270902,5.155670818327539,0.04455760661998727,0.03278688524590164,1.185033369551745,0.009549780374542712,0.009308426488867753,0.036853194419168844,0.009610062338150132,0.03278688524590164,0.0,0.016327899456271933,0.9982208666920829,0.016298849946500958
fhvhv_avg_trip_speed,FHVHV average speed,FHVHV,weekend_overnight,Citywide,Early 2026,2026-01-01,2026-03-31,26,260,0.9866863905325444,4.7506297344112784,14.69138218413619,12.933619803745296,3.812063087782094,0.047976011994003,0.046153846153846156,,0.015686606994109772,0.010664990274763394,0.020446461331774027,0.013328600521076116,0.046153846153846156,0.0,0.016507535927413643,0.9866863905325444,0.016287761040806065
avg_bus_speed,Average bus speed,Bus,weekend_evening,Citywide,First six months post-CP,2025-01-05,2025-06-30,51,248,0.9986559139784946,3.6280838117207033,15.38323578499073,14.297422868028992,4.604062097576784,0.052489905787348586,0.03225806451612903,,0.0044531552782802394,0.013628250820748977,0.03011752533637561,0.018238809986523486,0.03225806451612903,0.0,0.01628282677770984,0.9986559139784946,0.016260941257847328
fhvhv_avg_trip_speed,FHVHV average speed,FHVHV,weekday_overnight,Queens,CP launch transition,2024-11-01,2025-04-30,129,69,0.9683181664981463,3.713564555287616,14.790831369030016,12.340673488594172,4.321582644553086,0.04872955099199443,0.057971014492753624,1.1670941298467592,0.005308571333946418,0.00937664119593381,0.02666818154125494,0.014148299541459772,0.057971014492753624,0.0,0.01665885725451805,0.9683181664981463,0.016131074112649264
fhvhv_avg_trip_speed,FHVHV average speed,FHVHV,weekend_overnight,Brooklyn,Second half of 2025,2025-07-01,2025-12-31,52,61,0.9996847414880202,4.302958835496912,16.07681403317442,12.016413662900275,4.691458819827449,0.058971933144118575,0.01639344262295082,,0.01120671060333848,0.008672092003098878,0.03118472274978864,0.02528995330970535,0.01639344262295082,0.0,0.016079146930151028,0.9996847414880202,0.016074077842215925
avg_bus_speed,Average bus speed,Bus,weekday_pm_peak,Bronx,CP launch transition,2024-11-01,2025-04-30,129,42,1.0,2.52437903509758,15.745177685604878,9.426992490866875,2.2207211981316477,0.060538944259874494,0.09523809523809523,2.2995728279904277,0.0,0.003045818095248077,0.001014657658177727,0.02699454654235717,0.09523809523809523,0.015118980225537617,0.016049275583164425,1.0,0.016049275583164425
fhvhv_avg_trip_duration,FHVHV average trip duration,FHVHV,weekend_overnight,Manhattan,Early 2026,2026-01-01,2026-03-31,26,66,0.9982517482517482,3.766901330455324,15.522416015084062,11.160879448426723,4.401537971739946,0.053706946876824285,0.045454545454545456,,0.005842318841654977,0.006813194006838851,0.027644512416887514,0.019562706150450006,0.045454545454545456,0.0,0.015880525221440258,0.9982517482517482,0.015852762065458718
fhvhv_avg_trip_speed,FHVHV average speed,FHVHV,weekend_evening,Bronx,First six months post-CP,2025-01-05,2025-06-30,51,43,0.9772001823985408,4.123877314299383,15.616755663473233,8.538616727946884,5.64625153120234,0.055062995800279985,0.023255813953488372,,0.009414620337001767,0.0011155622414431876,0.042843653264395404,0.0210378149067477,0.023255813953488372,0.0,0.016211798912001224,0.9772001823985408,0.01584217285381606
fhvhv_avg_trip_duration,FHVHV average trip duration,FHVHV,weekend_overnight,Manhattan,First six months post-CP,2025-01-05,2025-06-30,51,67,0.983611354989757,3.8945691573584655,15.498961666472022,10.685810923272378,4.393045721258026,0.05534067241892294,0.04477611940298507,,0.007119906101286976,0.0057809688607772984,0.027540813931235305,0.021339871273958658,0.04477611940298507,0.0,0.01605597885309109,0.983611354989757,0.01579284311537581
avg_bus_speed,Average bus speed,Bus,weekday_midday,Manhattan,First six months post-CP,2025-01-05,2025-06-30,126,64,1.0,4.553289606802059,16.814500156397308,14.352840215324091,3.178111917619801,0.06932043650793651,0.015625,,0.013711800662997329,0.01374866119604682,0.012705312332079019,0.03654704563322038,0.015625,0.0,0.01576514474301003,1.0,0.01576514474301003
fhvhv_avg_trip_speed,FHVHV average speed,FHVHV,All temporal buckets,Staten Island,CP launch transition,2024-11-01,2025-04-30,181,20,0.9748618784530386,5.575481918020906,15.715414510589744,7.624432372920181,5.088324490004415,0.05894020969113063,0.0,1.3195953574731956,0.023941001749797134,0.0,0.036030831457052666,0.025255444567083243,0.0,0.0017022713302513796,0.015952910459457584,0.9748618784530386,0.015551884257299947
avg_bus_speed,Average bus speed,Bus,weekday_overnight,Manhattan,Early 2026,2026-01-01,2026-03-31,64,62,1.0,3.7625044795326508,16.536636959870506,14.623589733586702,3.1432122742536235,0.05720766129032258,0.04838709677419355,,0.005798319026998696,0.014336943614765087,0.012279154369053831,0.02337078002988595,0.04838709677419355,0.0,0.015544057264804024,1.0,0.015544057264804024
fhvhv_avg_trip_duration,FHVHV average trip duration,FHVHV,All temporal buckets,Bronx,CP launch transition,2024-11-01,2025-04-30,181,43,0.9800848002055762,4.927697408634609,14.713743539500735,8.122471326624648,4.719154297583771,0.046670162558993186,0.023255813953488372,2.53921584442573,0.0174585444521823,0.0002113647942998936,0.03152291097314113,0.011908098721568365,0.023255813953488372,0.018399892988362407,0.015800917786059993,0.9800848002055762,0.015486239351415344
fhvhv_avg_trip_speed,FHVHV average speed,FHVHV,weekend_overnight,Citywide,CP launch transition,2024-11-01,2025-04-30,52,261,0.9820218096080165,3.492179299944275,15.05645166098777,12.539276178164936,4.290558680128448,0.05102040816326531,0.0421455938697318,1.6912752217166442,0.0030931425249982377,0.009808163554068978,0.026289349318087216,0.016640291839316892,0.0421455938697318,0.00679087866135856,0.015718230286140906,0.9820218096080165,0.015435644949431624
avg_bus_speed,Average bus speed,Bus,weekday_pm_peak,Bronx,First six months post-CP,2025-01-05,2025-06-30,126,42,1.0,2.6279321854844566,16.382578714423556,9.993742680057967,2.194462374898058,0.06349206349206349,0.09523809523809523,,0.0,0.004277248438119397,0.0006940123580738844,0.030206946893438915,0.09523809523809523,0.0,0.015262966138969988,1.0,0.015262966138969988
fhvhv_avg_trip_speed,FHVHV average speed,FHVHV,weekend_evening,Bronx,CP launch transition,2024-11-01,2025-04-30,52,43,0.9771914132379249,3.8949769247106074,14.735227997847074,8.911340098818549,5.903650724616988,0.04897025171624714,0.023255813953488372,1.044530856573112,0.007123986678098122,0.0019254126431585228,0.04598674314640319,0.014410133565181829,0.023255813953488372,0.0,0.015590600555816004,0.9771914132379249,0.01523500099036582
avg_bus_speed,Average bus speed,Bus,weekend_overnight,Citywide,Early 2026,2026-01-01,2026-03-31,26,242,0.9979338842975206,3.824690616256845,15.418336009299738,15.820250740271746,3.110080922343211,0.05303392259913999,0.045454545454545456,,0.006420623157426478,0.016937039215731964,0.011874588932832341,0.018830590967847994,0.045454545454545456,0.0,0.015263345412616501,0.9979338842975206,0.015231809574987128
fhvhv_avg_trip_speed,FHVHV average speed,FHVHV,weekend_overnight,Brooklyn,Early 2026,2026-01-01,2026-03-31,26,61,0.9993694829760403,5.345666562667306,14.652294972459934,11.230979918701276,3.831234267968252,0.04605678233438486,0.03278688524590164,,0.021641211918720007,0.006965507755986146,0.020680559743932583,0.011240864284366919,0.03278688524590164,0.0,0.015170549438772257,0.9993694829760403,0.01516098414908829
fhvhv_avg_trip_speed,FHVHV average speed,FHVHV,weekday_evening,Bronx,Early 2026,2026-01-01,2026-03-31,64,43,0.9781976744186046,4.970293984193692,15.442531167740857,10.15732795046775,4.175292621207234,0.05646359583952452,0.023255813953488372,,0.01788481349394741,0.004632685223975494,0.02488184069800168,0.02256138632531828,0.023255813953488372,0.0,0.015421291488530272,0.9781976744186046,0.015085071470611734
fhvhv_avg_trip_speed,FHVHV average speed,FHVHV,weekday_evening,Brooklyn,First six months post-CP,2025-01-05,2025-06-30,126,61,0.9988290398126464,4.527422243717368,14.37119645161349,11.866614220097707,5.036068142765108,0.044678911032955584,0.01639344262295082,,0.013452942857401963,0.00834660895478162,0.03539273156987095,0.009742017165628713,0.01639344262295082,0.0,0.014956433961289378,0.9988290398126464,0.014938920572575924
fhvhv_avg_trip_speed,FHVHV average speed,FHVHV,weekday_overnight,Queens,First six months post-CP,2025-01-05,2025-06-30,126,69,0.9706694271911663,3.5728192750055667,14.257420717021555,12.034885993413994,4.174899505308962,0.0458585140419481,0.057971014492753624,,0.00390011642950051,0.008712228537205038,0.024877040377589154,0.011025188220464784,0.057971014492753624,0.0,0.015384368178064274,0.9706694271911663,0.014933135847099656
avg_bus_speed,Average bus speed,Bus,weekday_midday,Manhattan,CP launch transition,2024-11-01,2025-04-30,129,64,1.0,4.055964556925881,15.737055657374363,13.788944792677437,3.1360390503168993,0.05692829457364341,0.0,4.180095030110267,0.008735009226735972,0.012523433667416555,0.012191562456749063,0.023066885175604873,0.0,0.040864897571625064,0.014862695287054384,1.0,0.014862695287054384
fhvhv_avg_trip_speed,FHVHV average speed,FHVHV,weekend_overnight,Citywide,First six months post-CP,2025-01-05,2025-06-30,51,261,0.9839981969799414,3.5615256851064503,14.383716575140161,12.61613549866178,4.304778899625499,0.04695373339441136,0.04597701149425287,,0.003787100120532031,0.009975162879693153,0.02646299177371493,0.012216566812299214,0.04597701149425287,0.0,0.01497399527004285,0.9839981969799414,0.014734384347308335
fhvhv_avg_trip_duration,FHVHV average trip duration,FHVHV,weekend_overnight,Bronx,Early 2026,2026-01-01,2026-03-31,26,43,0.9794275491949911,3.5881419120695686,15.581556583601106,13.864154490696496,4.409857080618094,0.0547945205479452,0.023255813953488372,,0.004053451896797103,0.01268684870632646,0.027746096678265164,0.020745767777239243,0.023255813953488372,0.0,0.014969068453528793,0.9794275491949911,0.014661118029171761
fhvhv_avg_trip_speed,FHVHV average speed,FHVHV,All temporal buckets,Staten Island,Second half of 2025,2025-07-01,2025-12-31,184,20,0.9877717391304348,5.510990782777654,15.212867271073694,7.65334757946275,5.070910806773359,0.05364511691884457,0.0,,0.023295631222667437,0.0,0.03581819376053956,0.01949544757973047,0.0,0.0,0.014747082133600972,0.9877717391304348,0.014566750966206396
avg_bus_speed,Average bus speed,Bus,weekday_evening,Manhattan,First six months post-CP,2025-01-05,2025-06-30,126,63,1.0,4.127316160515472,15.545009783170597,13.335375278441077,3.3290518125695496,0.05580750818846057,0.031746031746031744,,0.00944903328363116,0.0115379214027815,0.014548432546693012,0.021847694789383934,0.031746031746031744,0.0,0.014135730909770973,1.0,0.014135730909770973
fhvhv_avg_trip_speed,FHVHV average speed,FHVHV,weekend_overnight,Queens,First six months post-CP,2025-01-05,2025-06-30,51,69,0.9820971867007673,3.611557900037592,14.522162272139372,11.379501640586035,4.336235172364868,0.04774305555555555,0.043478260869565216,,0.004287778497518045,0.0072882145823666145,0.026847102894115835,0.013075190724242207,0.043478260869565216,0.0,0.014358134619511284,0.9820971867007673,0.014101083616092924
avg_bus_speed,Average bus speed,Bus,weekday_evening,Manhattan,CP launch transition,2024-11-01,2025-04-30,129,63,1.0,4.02748363756156,15.325674823200512,13.335375278441077,3.3534022517593787,0.05217177310200566,0.015873015873015872,2.8386294070105915,0.008449997249912177,0.0115379214027815,0.014845774655752014,0.017892745547625547,0.015873015873015872,0.022499114377994362,0.01406475958907307,1.0,0.01406475958907307
avg_bus_speed,Average bus speed,Bus,weekday_evening,Bronx,Second half of 2025,2025-07-01,2025-12-31,132,42,1.0,2.867934924274279,18.057351862531334,9.22167639059677,2.1643309417853818,0.07088744588744589,0.07142857142857142,,0.0,0.0025997088912732553,0.0003260787942950555,0.03825163697718483,0.07142857142857142,0.0,0.013595745671112193,1.0,0.013595745671112193
avg_bus_speed,Average bus speed,Bus,weekday_evening,Citywide,Early 2026,2026-01-01,2026-03-31,64,249,1.0,3.4739034185315356,15.835013952411902,14.399140806236293,2.3686370066558027,0.05622489959839357,0.05622489959839357,,0.0029102535872145997,0.013849262754951519,0.002820850890540889,0.022301732776469674,0.05622489959839357,0.0,0.013576286460598785,1.0,0.013576286460598785
fhvhv_avg_trip_duration,FHVHV average trip duration,FHVHV,All temporal buckets,Queens,First six months post-CP,2025-01-05,2025-06-30,177,69,0.995987881765332,4.151512570787222,16.520457019970788,10.310456518478178,3.611455124996241,0.05927326537323249,0.028985507246376812,,0.009691169663969726,0.004965401769297893,0.017996846592435348,0.025617742227960524,0.028985507246376812,0.0,0.013520165752437247,0.995987881765332,0.01346592124888616
avg_bus_speed,Average bus speed,Bus,weekday_evening,Bronx,Early 2026,2026-01-01,2026-03-31,64,42,1.0,2.4773468004261034,16.229411952495997,10.043598526245862,1.99647830105196,0.0665922619047619,0.07142857142857142,,0.0,0.0043855748276578396,0.0,0.03357933984013119,0.07142857142857142,0.0,0.013276151825791279,1.0,0.013276151825791279
fhvhv_avg_trip_speed,FHVHV average speed,FHVHV,weekend_overnight,Brooklyn,First six months post-CP,2025-01-05,2025-06-30,51,61,1.0,3.431672856234022,14.701621872757618,11.765956234259118,4.38278062186909,0.04757312761170042,0.03278688524590164,,0.002487647284067202,0.008127900076729254,0.027415467267948784,0.01289034326513904,0.03278688524590164,0.0,0.013224837943946532,1.0,0.013224837943946532
avg_bus_speed,Average bus speed,Bus,weekday_pm_peak,Manhattan,First six months post-CP,2025-01-05,2025-06-30,126,64,1.0,4.193039183215902,15.92858554201773,14.485940417417158,3.246344210260507,0.056671626984126984,0.015625,,0.010106731456329577,0.014037860265805654,0.013538493764313427,0.022787682410715934,0.015625,0.0,0.013219162472187405,1.0,0.013219162472187405
avg_bus_speed,Average bus speed,Bus,weekend_evening,Brooklyn,Second half of 2025,2025-07-01,2025-12-31,52,58,1.0,3.4100082662544335,12.953045462245033,10.731711950208005,5.188770339085475,0.03779840848806366,0.034482758620689655,,0.002270847133124926,0.0058807022502238215,0.037257371166630464,0.0022574129038340084,0.034482758620689655,0.0,0.0131627070201511,1.0,0.0131627070201511
fhvhv_avg_trip_speed,FHVHV average speed,FHVHV,weekday_evening,Bronx,Second half of 2025,2025-07-01,2025-12-31,132,43,0.97815362931642,4.147273865279198,14.05620929872541,10.506017944002714,4.805304565512589,0.04340778097982709,0.023255813953488372,,0.009648752429449925,0.005390316092890445,0.032574887989336096,0.008359283077403721,0.023255813953488372,0.0,0.013371780963939211,0.97815362931642,0.013079656080301356
fhvhv_avg_trip_speed,FHVHV average speed,FHVHV,weekday_overnight,Manhattan,First six months post-CP,2025-01-05,2025-06-30,126,67,0.98045486851457,3.5905573499343078,13.11569803495894,11.775604027015028,4.47263005261762,0.03757400024163344,0.04477611940298507,,0.004077623473280227,0.00814886272476704,0.028512614593639643,0.0020133018223170876,0.04477611940298507,0.0,0.013334870508221804,0.98045486851457,0.013074238710797425
fhvhv_avg_trip_speed,FHVHV average speed,FHVHV,weekend_overnight,Manhattan,Early 2026,2026-01-01,2026-03-31,26,66,0.9982517482517482,3.9094829584030495,15.090765371387244,11.66956294879763,3.799778088420892,0.05137186223000584,0.030303030303030304,,0.0072691502974907875,0.00791845750603377,0.02029644976149508,0.017022603245873107,0.030303030303030304,0.0,0.013076427905489614,0.9982517482517482,0.013053567017542953
avg_bus_speed,Average bus speed,Bus,weekend_overnight,Citywide,Second half of 2025,2025-07-01,2025-12-31,52,242,0.9955499046408137,3.4695761410462294,14.948193995517075,14.762556919848533,3.1122057685483258,0.049249680715197953,0.04132231404958678,,0.0028669500022925035,0.014638890421471085,0.01190053533351651,0.01471409617006001,0.04132231404958678,0.0,0.012952565502997252,0.9955499046408137,0.012894925351362808
fhvhv_avg_trip_duration,FHVHV average trip duration,FHVHV,All temporal buckets,Bronx,Second half of 2025,2025-07-01,2025-12-31,184,43,0.981041456016178,4.481807030064362,14.46313992104078,8.768500830494487,4.765929295121355,0.044060809069827366,0.023255813953488372,,0.01299646594209671,0.001615052607074828,0.032094078347603285,0.00906964642566181,0.023255813953488372,0.0,0.013107900368906815,0.981041456016178,0.012859393663227338
avg_bus_speed,Average bus speed,Bus,weekday_evening,Citywide,Second half of 2025,2025-07-01,2025-12-31,132,249,1.0,3.443740585921768,16.044930556814027,13.940162970034327,2.3898108564666707,0.05823293172690763,0.04819277108433735,,0.002608410502771033,0.01285199933098828,0.00307940381069897,0.02448606825615855,0.04819277108433735,0.0,0.012842750042298588,1.0,0.012842750042298588
fhvhv_avg_trip_speed,FHVHV average speed,FHVHV,weekday_overnight,Manhattan,Second half of 2025,2025-07-01,2025-12-31,132,67,0.98202170963365,3.926636643638272,14.333144770499551,11.98504629709714,4.8202722030959855,0.04409902130109384,0.014925373134328358,,0.0074408092835005065,0.008603937237979071,0.032757657133333166,0.0091112136552535,0.014925373134328358,0.0,0.013049896954582365,0.98202170963365,0.012815282117881936
fhvhv_avg_trip_duration,FHVHV average trip duration,FHVHV,All temporal buckets,Bronx,First six months post-CP,2025-01-05,2025-06-30,177,43,0.9812114045460517,4.511634675113523,14.860644848221527,8.055043099184442,4.506685727203014,0.04860739153722549,0.023255813953488372,,0.013294954764410137,6.485727331536564e-05,0.028928466892142655,0.014015414600306619,0.023255813953488372,0.0,0.01288879223503423,0.9812114045460517,0.012646629931840181
avg_bus_speed,Average bus speed,Bus,weekday_am_peak,Brooklyn,Early 2026,2026-01-01,2026-03-31,64,59,1.0,4.280825820226454,15.976790619525834,10.752579809933989,2.3425571442843225,0.06620762711864407,0.03389830508474576,,0.010985222864315315,0.005926043771316273,0.002502390873411362,0.0331609344779314,0.03389830508474576,0.0,0.01254300437053869,1.0,0.01254300437053869
fhvhv_avg_trip_speed,FHVHV average speed,FHVHV,All temporal buckets,Staten Island,First six months post-CP,2025-01-05,2025-06-30,177,20,0.9827683615819209,5.4760842253812925,14.679286105141031,7.587013780251238,4.749687484715717,0.04656510491520552,0.0,,0.022946317115198227,0.0,0.0318957503370364,0.011793817114476883,0.0,0.0,0.012737486057618458,0.9827683615819209,0.012517998303518253
avg_bus_speed,Average bus speed,Bus,weekend_evening,Bronx,CP launch transition,2024-11-01,2025-04-30,52,42,1.0,2.8044412675722326,15.38038465456296,9.527160184023728,3.4638371807603283,0.0554029304029304,0.047619047619047616,1.4431667558342365,0.0,0.003263461669226988,0.016194290567392713,0.021407595450992634,0.047619047619047616,0.003394066835222005,0.012367174293861149,1.0,0.012367174293861149
fhvhv_avg_trip_speed,FHVHV average speed,FHVHV,weekend_overnight,Brooklyn,CP launch transition,2024-11-01,2025-04-30,52,61,1.0,3.287596508085251,14.121993119884687,11.71780514914121,4.248813921052669,0.04319041614123581,0.03278688524590164,1.5554352410144079,0.0010458579838637635,0.00802327777860351,0.0257796059574444,0.008122833808375779,0.03278688524590164,0.004931116031855174,0.012361137431944561,1.0,0.012361137431944561
fhvhv_avg_trip_speed,FHVHV average speed,FHVHV,weekday_overnight,Queens,Second half of 2025,2025-07-01,2025-12-31,132,69,0.9741985068072024,3.89779518768417,14.003871077987334,12.103337250732816,4.058284745084327,0.04406626845486307,0.028985507246376812,,0.0071521893737706,0.008860958889444354,0.02345306282702875,0.009075585139620333,0.028985507246376812,0.0,0.012596178658101689,0.9741985068072024,0.012271178440199416
avg_bus_speed,Average bus speed,Bus,weekday_pm_peak,Manhattan,CP launch transition,2024-11-01,2025-04-30,129,64,1.0,3.81664169142108,15.19309533029115,12.977853052553144,3.1724992977945776,0.05184108527131783,0.0,3.436080880527884,0.006340076600996796,0.010761099929042475,0.012636776885832311,0.017533023633311707,0.0,0.030678723338811158,0.012183471558504314,1.0,0.012183471558504314
fhvhv_avg_trip_speed,FHVHV average speed,FHVHV,weekend_overnight,Queens,CP launch transition,2024-11-01,2025-04-30,52,69,0.9774247491638796,3.290351790395116,14.049003131155642,11.432467326731693,4.460630817217782,0.044767607641859136,0.028985507246376812,1.4258740819187157,0.0010734304244790756,0.007403298007647609,0.028366092474138266,0.009838501254207259,0.028985507246376812,0.0031573157068280054,0.012428786565086941,0.9774247491638796,0.0121482035907915
fhvhv_avg_trip_speed,FHVHV average speed,FHVHV,weekend_overnight,Manhattan,First six months post-CP,2025-01-05,2025-06-30,51,67,0.983611354989757,3.7899010760400462,13.312925994262217,10.336897622936403,4.067589019375503,0.03927402558762273,0.04477611940298507,,0.006072480054911247,0.005022852792605642,0.023566676898603988,0.0038625878107652386,0.04477611940298507,0.0,0.012240544700767752,0.983611354989757,0.01203993875893486
fhvhv_avg_trip_duration,FHVHV average trip duration,FHVHV,weekend_overnight,Bronx,First six months post-CP,2025-01-05,2025-06-30,51,42,1.0,3.3156674369907266,14.372273242935385,11.385184704080487,4.443691874674651,0.04668534080298786,0.023809523809523808,,0.0013267671369809363,0.0073005626979226424,0.028159251814643807,0.011924609601253085,0.023809523809523808,0.0,0.011891988285945954,1.0,0.011891988285945954
fhvhv_avg_trip_duration,FHVHV average trip duration,FHVHV,weekend_overnight,Bronx,Second half of 2025,2025-07-01,2025-12-31,52,42,1.0,3.6931751906358894,15.4796210336578,12.077880020472648,4.481148848725086,0.052655677655677656,0.0,,0.005104532515843874,0.008805645620237374,0.02861663722672199,0.018419136470539183,0.0,0.0,0.011708515824153394,1.0,0.011708515824153394
fhvhv_avg_trip_duration,FHVHV average trip duration,FHVHV,All temporal buckets,Brooklyn,CP launch transition,2024-11-01,2025-04-30,181,61,1.0,4.59118258319226,14.073499228622374,8.931325863120717,3.6334493502126737,0.03776831808712979,0.0,4.344351674138961,0.014091000223606953,0.0019688375542684625,0.018265417079480376,0.0022246805937157707,0.0,0.04311370802222297,0.011608565740464243,1.0,0.011608565740464243
avg_bus_speed,Average bus speed,Bus,weekend_evening,Bronx,First six months post-CP,2025-01-05,2025-06-30,51,42,1.0,2.999250346699025,15.362906532510562,9.190263764981184,3.678991993604758,0.05042016806722689,0.047619047619047616,,0.0,0.0025314557859897804,0.018821536233338623,0.015987351221738826,0.047619047619047616,0.0,0.011557178638330756,1.0,0.011557178638330756
avg_bus_speed,Average bus speed,Bus,weekday_evening,Bronx,CP launch transition,2024-11-01,2025-04-30,129,42,1.0,2.483771822720452,16.019771741355605,8.205818527710642,2.092708637440749,0.060723514211886306,0.07142857142857142,1.2390116777579372,0.0,0.000392460935718356,0.0,0.027195321564299782,0.07142857142857142,0.000599013546294404,0.011380171966061139,1.0,0.011380171966061139
fhvhv_avg_trip_speed,FHVHV average speed,FHVHV,weekday_overnight,Bronx,First six months post-CP,2025-01-05,2025-06-30,126,43,0.9765596160944998,3.2219813058158833,13.022069604620054,11.234424010043732,4.12452745706358,0.03761103761103761,0.046511627906976744,,0.00038923878315378556,0.006972991050502154,0.024261949580000598,0.0020535910382688963,0.046511627906976744,0.0,0.011632686881694426,0.9765596160944998,0.011360012235335032
fhvhv_avg_trip_speed,FHVHV average speed,FHVHV,weekday_overnight,Bronx,Second half of 2025,2025-07-01,2025-12-31,132,43,0.9769203664552502,3.1932866122022063,12.829881317890816,11.272395557334395,4.0629706149554305,0.0369702434625789,0.046511627906976744,,0.00010208754177101885,0.00705549532909134,0.02351028177159842,0.0013565357602285178,0.046511627906976744,0.0,0.011340990849678675,0.9769203664552502,0.01107924493683373
avg_bus_speed,Average bus speed,Bus,weekday_overnight,Queens,Early 2026,2026-01-01,2026-03-31,64,65,0.9855769230769231,4.404244080660382,14.2352968728331,16.727485793963776,1.6520575230162358,0.041707317073170734,0.03076923076923077,,0.012220284202485941,0.018908272387841537,0.0,0.006509520023070293,0.03076923076923077,0.0,0.011224476017841194,0.9855769230769231,0.01106258453681464
fhvhv_avg_trip_speed,FHVHV average speed,FHVHV,weekend_overnight,Bronx,Early 2026,2026-01-01,2026-03-31,26,43,0.9794275491949911,4.350251915119288,13.336772798321933,9.794715829397514,3.4532317527760457,0.03561643835616438,0.046511627906976744,,0.011679978124686276,0.0038448044661125997,0.016064788167056657,0.0,0.046511627906976744,0.0,0.01116131716557441,0.9794275491949911,0.01093170151726653
fhvhv_avg_trip_speed,FHVHV average speed,FHVHV,weekend_evening,Bronx,Second half of 2025,2025-07-01,2025-12-31,52,43,0.9785330948121646,3.9488207434897538,11.08648106795385,9.075601039738007,4.849835121193903,0.02056672760511883,0.023255813953488372,,0.007662808232054396,0.0022823175205711225,0.03311864858603948,0.0,0.023255813953488372,0.0,0.011052452139110394,0.9785330948121646,0.010815190196947022
avg_bus_speed,Average bus speed,Bus,weekday_evening,Bronx,First six months post-CP,2025-01-05,2025-06-30,126,42,1.0,2.5712426335871457,16.42749689279403,8.694095117408757,2.120797952348675,0.0691609977324263,0.047619047619047616,,0.0,0.0014533844602895225,0.0,0.036373608281676205,0.047619047619047616,0.0,0.010581292119228574,1.0,0.010581292119228574
avg_bus_speed,Average bus speed,Bus,weekday_midday,Bronx,CP launch transition,2024-11-01,2025-04-30,129,42,1.0,2.5616215105989975,15.507745852003186,7.555869851868527,2.3682277217371066,0.052417866371354746,0.07142857142857142,1.27543051736584,0.0,0.0,0.0028158531309529647,0.018160445576882362,0.07142857142857142,0.0010976178346822363,0.010539856389048315,1.0,0.010539856389048315
avg_bus_speed,Average bus speed,Bus,weekend_evening,Brooklyn,Early 2026,2026-01-01,2026-03-31,26,58,1.0,3.104027976220026,14.589133235449792,12.380437565822136,3.7661663330067023,0.03912466843501326,0.034482758620689655,,0.0,0.009463040269438635,0.019886018139867286,0.003700117239225334,0.034482758620689655,0.0,0.01034625714328588,1.0,0.01034625714328588
fhvhv_avg_trip_speed,FHVHV average speed,FHVHV,weekday_overnight,Bronx,CP launch transition,2024-11-01,2025-04-30,129,42,0.9996308600959763,3.3410342233092,13.388479364402105,11.29303562158437,4.309186518876318,0.03858936484490399,0.023809523809523808,1.028831121890636,0.0015806156108245171,0.007100341897969436,0.02651681301257435,0.003117814492333637,0.023809523809523808,0.0,0.01024319575397456,0.9996308600959763,0.010239414581677042
fhvhv_avg_trip_speed,FHVHV average speed,FHVHV,weekday_evening,Bronx,First six months post-CP,2025-01-05,2025-06-30,126,43,0.9795127353266888,4.054445447896592,12.838192181381688,10.274995891010384,4.2163503505068345,0.034294328245713206,0.023255813953488372,,0.008719807320438281,0.004888353197503991,0.025383194769192974,0.0,0.023255813953488372,0.0,0.010368270112651087,0.9795127353266888,0.010155852618648821
avg_bus_speed,Average bus speed,Bus,weekend_midday,Queens,CP launch transition,2024-11-01,2025-04-30,52,66,0.9924242424242424,2.9438109997255175,10.896328516925088,9.547403418658321,4.305094180857969,0.01790957134468585,0.015151515151515152,3.055608450832536,0.0,0.0033074460098453497,0.026466841658551853,0.0,0.015151515151515152,0.025469738453464265,0.010182355194669649,0.9924242424242424,0.010105216140164576
fhvhv_avg_trip_speed,FHVHV average speed,FHVHV,weekday_evening,Bronx,CP launch transition,2024-11-01,2025-04-30,129,43,0.9787272399495223,3.7269983353908382,12.716925508726868,10.366306809090318,4.440431139109508,0.03076072941609873,0.023255813953488372,1.0814349280074576,0.00544300478303767,0.00508675284042172,0.02811943512047805,0.0,0.023255813953488372,0.0,0.010309757586157412,0.9787272399495223,0.010090440586848493
avg_bus_speed,Average bus speed,Bus,weekday_pm_peak,Brooklyn,Early 2026,2026-01-01,2026-03-31,64,60,1.0,4.060291408722851,14.527382053014467,12.929260213853553,3.0931484398229414,0.0453125,0.016666666666666666,,0.008778308551743825,0.010655517792217194,0.01166782715638419,0.010431234654035471,0.016666666666666666,0.0,0.00998445845445189,1.0,0.00998445845445189
avg_bus_speed,Average bus speed,Bus,weekday_am_peak,Manhattan,First six months post-CP,2025-01-05,2025-06-30,126,64,1.0,3.1730532941327416,14.36500808030374,11.46842335709777,2.7935688588618124,0.046875,0.046875,,0.0,0.007481422986953192,0.008009674474226349,0.012130920699168374,0.046875,0.0,0.009979428746458824,1.0,0.009979428746458824
avg_bus_speed,Average bus speed,Bus,weekday_midday,Bronx,First six months post-CP,2025-01-05,2025-06-30,126,42,1.0,2.7144816191087315,15.290020943701954,7.97381390269535,2.2416848389415716,0.05102040816326531,0.07142857142857142,,0.0,0.0,0.0012706437257547656,0.016640291839316892,0.07142857142857142,0.0,0.00989302966390563,1.0,0.00989302966390563
avg_bus_speed,Average bus speed,Bus,All temporal buckets,Bronx,Early 2026,2026-01-01,2026-03-31,90,42,1.0,4.361074324861282,14.308515750584426,10.868881176715995,2.9546731632694336,0.04417989417989418,0.023809523809523808,,0.011788279277296783,0.006178742464151609,0.009976911831943268,0.009199187097510567,0.023809523809523808,0.0,0.009658554283464878,1.0,0.009658554283464878
avg_bus_speed,Average bus speed,Bus,All temporal buckets,Bronx,First six months post-CP,2025-01-05,2025-06-30,177,42,1.0,3.396296533380706,15.600207129239513,8.795835613583527,2.5207122381737426,0.05421038471885929,0.047619047619047616,,0.002133632177314311,0.0016744454082659374,0.004677834648520407,0.02011034536625719,0.047619047619047616,0.0,0.009559361284076768,1.0,0.009559361284076768
fhvhv_avg_trip_duration,FHVHV average trip duration,FHVHV,weekend_overnight,Bronx,CP launch transition,2024-11-01,2025-04-30,52,42,1.0,3.3887593280200976,13.687233250563455,11.544665272440254,4.559764040661283,0.04120879120879121,0.0,1.4898706546914124,0.0020582064590615157,0.007647080819525534,0.029576603771561592,0.005967224051983125,0.0,0.004033482162709988,0.009537164075074473,1.0,0.009537164075074473
avg_bus_speed,Average bus speed,Bus,weekday_overnight,Manhattan,First six months post-CP,2025-01-05,2025-06-30,126,63,0.9918115394305871,3.85713840858264,14.13246920068052,13.817356919693376,3.2736401191907,0.040010161310809096,0.015873015873015872,,0.006745332107866055,0.012585167312998354,0.01387180287084388,0.004663355565020393,0.015873015873015872,0.0,0.009556523746046222,0.9918115394305871,0.009478270528171065
avg_bus_speed,Average bus speed,Bus,weekend_midday,Queens,First six months post-CP,2025-01-05,2025-06-30,51,66,0.9949494949494949,3.3523073024962304,11.146494552567908,10.948721229327761,4.596104072946713,0.024186324275903254,0.015151515151515152,,0.0016934266666365607,0.006352218301015285,0.030020350258382063,0.0,0.015151515151515152,0.0,0.009445961475409062,0.9949494949494949,0.009398254599270631
avg_bus_speed,Average bus speed,Bus,weekend_evening,Brooklyn,CP launch transition,2024-11-01,2025-04-30,52,58,1.0,3.2425802648410147,12.648961665541469,10.60159605451759,4.857353314688953,0.026525198938992044,0.0,2.0971269540251942,0.0005953750372952106,0.005597987457888687,0.03321045290598233,0.0,0.0,0.012347327366406317,0.009395395189768313,1.0,0.009395395189768313
avg_bus_speed,Average bus speed,Bus,weekday_midday,Bronx,Early 2026,2026-01-01,2026-03-31,64,42,1.0,2.991451784771196,15.316761591691611,10.808253167489967,2.3711374190457257,0.050595238095238096,0.047619047619047616,,0.0,0.006047010403690594,0.0028513833128820647,0.016177792235199093,0.047619047619047616,0.0,0.009270602860683687,1.0,0.009270602860683687
avg_bus_speed,Average bus speed,Bus,weekday_pm_peak,Bronx,Early 2026,2026-01-01,2026-03-31,64,42,1.0,3.2054628425314244,14.381086745697559,11.446778763426192,2.342494041406206,0.047619047619047616,0.047619047619047616,,0.0002239365394104623,0.007434393784467448,0.002501620327027348,0.012940295006374516,0.047619047619047616,0.0,0.009106658832265364,1.0,0.009106658832265364
avg_bus_speed,Average bus speed,Bus,weekend_evening,Bronx,Early 2026,2026-01-01,2026-03-31,26,42,1.0,2.9222312178310563,15.30194736846136,10.18169706250519,2.4388881537126714,0.05036630036630037,0.047619047619047616,,0.0,0.004685634238486748,0.0036786844625295427,0.015928753986827974,0.047619047619047616,0.0,0.009058363312056554,1.0,0.009058363312056554
avg_bus_speed,Average bus speed,Bus,All temporal buckets,Citywide,First six months post-CP,2025-01-05,2025-06-30,177,252,0.9950452874181688,3.5448162208014846,15.580973799180754,11.507659685813287,2.4747404602108816,0.053917040308226125,0.023809523809523808,,0.0036198865066628468,0.007566675372650889,0.004116475351872531,0.019791245589507796,0.023809523809523808,0.0,0.008788580434248348,0.9950452874181688,0.008745035544194342
avg_bus_speed,Average bus speed,Bus,weekday_overnight,Queens,Second half of 2025,2025-07-01,2025-12-31,132,65,0.985081585081585,3.9092556805126417,13.654063499620836,15.640786533490918,1.5488648082272745,0.03620444865120682,0.03076923076923077,,0.007266875900375834,0.01654710080211684,0.0,0.0005235048774609604,0.03076923076923077,0.0,0.008745599189146597,0.985081585081585,0.008615128711732756
avg_bus_speed,Average bus speed,Bus,weekend_evening,Brooklyn,First six months post-CP,2025-01-05,2025-06-30,51,58,1.0,3.30115648080747,12.83013922154072,10.628853825312087,4.950236012649532,0.024002704530087897,0.0,,0.0011815542576321567,0.00565721292737337,0.034344639320091234,0.0,0.0,0.0,0.00851954194738802,1.0,0.00851954194738802
avg_bus_speed,Average bus speed,Bus,All temporal buckets,Brooklyn,Early 2026,2026-01-01,2026-03-31,90,60,0.9903703703703703,4.754592303941881,14.513134453142362,9.259547129181152,3.041354688530272,0.0400149588631264,0.016666666666666666,,0.015726260902776557,0.002681994133500202,0.011035376007335822,0.004668574337964084,0.016666666666666666,0.0,0.008389778732758806,0.9903703703703703,0.008308988270887795
avg_bus_speed,Average bus speed,Bus,weekday_overnight,Manhattan,CP launch transition,2024-11-01,2025-04-30,129,63,0.9972929740371601,3.550363922510492,13.436877404340658,13.274530420804854,3.273023100702706,0.03454657618753856,0.0,2.5046696975192946,0.003675403023201063,0.011405718175804425,0.013864268486058528,0.0,0.0,0.01792692742492675,0.0081520565882957,0.9972929740371601,0.008129988759460643
avg_bus_speed,Average bus speed,Bus,weekend_midday,Staten Island,CP launch transition,2024-11-01,2025-04-30,52,19,1.0,2.7366658571921523,7.926235107597228,6.113795365110878,4.726010012207987,0.004048582995951417,0.0,2.2298530286887788,0.0,0.0,0.031606625793624644,0.0,0.0,0.014164458025170811,0.00773777096124201,1.0,0.00773777096124201
avg_bus_speed,Average bus speed,Bus,weekend_evening,Queens,First six months post-CP,2025-01-05,2025-06-30,51,66,0.9949494949494949,3.256318052825666,11.80826893408609,11.716397804745128,3.646897117353258,0.020603165123917588,0.015151515151515152,,0.0007328507297265667,0.008020219911795069,0.018429627154401152,0.0,0.015151515151515152,0.0,0.0073527020699258264,0.9949494949494949,0.007315567210986807
fhvhv_avg_trip_duration,FHVHV average trip duration,FHVHV,All temporal buckets,Brooklyn,First six months post-CP,2025-01-05,2025-06-30,177,61,1.0,4.388435589491669,13.792696764704958,9.17316108670338,3.6951414202040738,0.03612114476243401,0.0,,0.012062086734877481,0.002494295221463613,0.019018736149434588,0.0004328869848193985,0.0,0.0,0.006904671429951228,1.0,0.006904671429951228
avg_bus_speed,Average bus speed,Bus,All temporal buckets,Bronx,CP launch transition,2024-11-01,2025-04-30,181,42,1.0,3.391130589952155,15.314306709513822,8.22107268696146,2.6654616703531318,0.05130228887134965,0.023809523809523808,1.2691968007214425,0.002081935961686679,0.0004256050526762321,0.006445363402880213,0.016946921411107697,0.023809523809523808,0.0010122730547563884,0.0068360790341766104,1.0,0.0068360790341766104
avg_bus_speed,Average bus speed,Bus,All temporal buckets,Citywide,CP launch transition,2024-11-01,2025-04-30,181,252,0.994869771112865,3.452351647458078,14.83897587159159,10.909372999211262,2.6295881797052942,0.04848164308695844,0.007936507936507936,1.6469918463877262,0.0026945824286004217,0.006266722776835756,0.006007313834846474,0.013878625553192378,0.007936507936507936,0.006184602319745107,0.006800964805502479,0.994869771112865,0.006766074299396902
avg_bus_speed,Average bus speed,Bus,weekend_midday,Staten Island,First six months post-CP,2025-01-05,2025-06-30,51,19,1.0,3.1870509018056845,8.178076518576637,6.5511885974582444,4.88074887186891,0.0041279669762641896,0.0,,3.9686039759120596e-05,0.0,0.03349613499410683,0.0,0.0,0.0,0.0067071642067731896,1.0,0.0067071642067731896
fhvhv_avg_trip_duration,FHVHV average trip duration,FHVHV,All temporal buckets,Brooklyn,Second half of 2025,2025-07-01,2025-12-31,184,61,1.0,4.004626132923596,13.332831711594487,9.361650895930245,3.886069801868859,0.03225231646471846,0.0,,0.008221259458874206,0.0029038443929165145,0.021350153962512153,0.0,0.0,0.0,0.0066402437825064005,1.0,0.0066402437825064005
avg_bus_speed,Average bus speed,Bus,weekday_pm_peak,Citywide,CP launch transition,2024-11-01,2025-04-30,129,252,1.0,2.805487772972987,13.473052504896458,11.280337422011211,2.420447174764721,0.037929125138427465,0.015873015873015872,2.6933931567586398,0.0,0.007072751350048242,0.0034535025045882447,0.0023996063543875313,0.015873015873015872,0.020510708981648963,0.006457201777054323,1.0,0.006457201777054323
fhvhv_avg_trip_speed,FHVHV average speed,FHVHV,weekend_overnight,Bronx,Second half of 2025,2025-07-01,2025-12-31,52,42,1.0,3.058251279737805,13.20424034676728,9.915314378528851,4.112138102984845,0.03891941391941392,0.0,,0.0,0.004106840042877998,0.024110663738996608,0.0034768415682719157,0.0,0.0,0.006370368993759609,1.0,0.006370368993759609
avg_bus_speed,Average bus speed,Bus,weekday_pm_peak,Bronx,Second half of 2025,2025-07-01,2025-12-31,132,42,1.0,2.812471381157535,15.397519813037825,10.265280692485595,2.088987802027125,0.05266955266955267,0.023809523809523808,,0.0,0.004867244090743004,0.0,0.018434229697713193,0.023809523809523808,0.0,0.006362897858295111,1.0,0.006362897858295111
avg_bus_speed,Average bus speed,Bus,weekday_pm_peak,Citywide,First six months post-CP,2025-01-05,2025-06-30,126,252,1.0,2.8971544885333835,13.906952029593759,11.802176107904321,2.366095916969919,0.04116276140085664,0.027777777777777776,,0.0,0.008206598332631609,0.0027898217595827795,0.005917152869770943,0.027777777777777776,0.0,0.006274964643317877,1.0,0.006274964643317877
avg_bus_speed,Average bus speed,Bus,weekday_midday,Brooklyn,Early 2026,2026-01-01,2026-03-31,64,59,1.0,3.7517120932142913,12.973958743980099,11.248656400064167,2.7915346047544425,0.03548728813559322,0.01694915254237288,,0.005690318322390296,0.0070039150753317845,0.007984834289540894,0.0,0.01694915254237288,0.0,0.0061809245454564725,1.0,0.0061809245454564725
avg_bus_speed,Average bus speed,Bus,weekday_pm_peak,Queens,First six months post-CP,2025-01-05,2025-06-30,126,66,1.0,2.546334039992784,13.60346015162258,12.453950037572284,2.014265138845175,0.03932178932178932,0.030303030303030304,,0.0,0.009622767588492214,0.0,0.003914545156318126,0.030303030303030304,0.0,0.006023176700873803,1.0,0.006023176700873803
avg_bus_speed,Average bus speed,Bus,weekend_overnight,Citywide,First six months post-CP,2025-01-05,2025-06-30,51,244,0.9929283188685311,3.1050761856370688,11.226014960743187,11.837018408162926,3.3666599096520136,0.028811913240530916,0.00819672131147541,,0.0,0.008282303407940216,0.01500766331526438,0.0,0.00819672131147541,0.0,0.005891780646185471,0.9929283188685311,0.005850115852159087
avg_bus_speed,Average bus speed,Bus,weekend_overnight,Staten Island,Second half of 2025,2025-07-01,2025-12-31,52,19,0.9736842105263158,3.1602692474595333,10.686547384980443,9.387282831774922,2.1339318148651443,0.02286902286902287,0.05263157894736842,,0.0,0.002959537261040152,0.0,0.0,0.05263157894736842,0.0,0.00600304220999688,0.9736842105263158,0.005845067414996963
avg_bus_speed,Average bus speed,Bus,weekday_overnight,Citywide,Early 2026,2026-01-01,2026-03-31,64,248,0.9962197580645161,3.5171331764274005,12.658720984477029,13.552614854844451,2.177603346502082,0.02826966860612193,0.020161290322580645,,0.003342858960584307,0.012009937841695168,0.00048814752660756065,0.0,0.020161290322580645,0.0,0.005784814790120231,0.9962197580645161,0.0057629467906616105
avg_bus_speed,Average bus speed,Bus,weekday_am_peak,Staten Island,Early 2026,2026-01-01,2026-03-31,64,20,1.0,4.840893200277267,13.382495503417372,8.904581225507695,2.8416657959738494,0.02890625,0.0,,0.01658988432558738,0.001910727016514995,0.008596983992904142,0.0,0.0,0.0,0.005515055417827054,1.0,0.005515055417827054
avg_bus_speed,Average bus speed,Bus,weekend_overnight,Bronx,CP launch transition,2024-11-01,2025-04-30,52,42,1.0,2.7089304394699525,10.333649441715462,10.779092353892127,3.3526674323621717,0.017857142857142856,0.0,1.962522369946415,0.0,0.005983650017806209,0.014836801809404577,0.0,0.0,0.010504478347027451,0.005513720701035212,1.0,0.005513720701035212
avg_bus_speed,Average bus speed,Bus,weekday_evening,Brooklyn,Early 2026,2026-01-01,2026-03-31,64,58,1.0,2.91662039208982,11.73340200943289,10.107552993257503,2.5024998371372957,0.02209051724137931,0.034482758620689655,,0.0,0.004524534589369967,0.004455443845094265,0.0,0.034482758620689655,0.0,0.005470498278430311,1.0,0.005470498278430311
avg_bus_speed,Average bus speed,Bus,weekend_overnight,Citywide,CP launch transition,2024-11-01,2025-04-30,52,244,0.9940100882723834,2.742161372548778,10.698529137570501,11.21361217015485,3.200271328185244,0.02251823660006343,0.0,1.9104773484881232,0.0,0.006927771248870102,0.012975899889932406,0.0,0.0,0.009791938596510253,0.005306316649855032,0.9940100882723834,0.005274532281523618
avg_bus_speed,Average bus speed,Bus,weekday_midday,Citywide,CP launch transition,2024-11-01,2025-04-30,129,251,1.0,2.746865542732304,12.982081117152019,9.88967312531613,2.426326730021861,0.034528552456839307,0.01593625498007968,2.6223926638654524,0.0,0.004051126930050528,0.003525297487293,0.0,0.01593625498007968,0.019538653017885883,0.005265332029767788,1.0,0.005265332029767788
fhvhv_avg_trip_speed,FHVHV average speed,FHVHV,weekend_overnight,Bronx,CP launch transition,2024-11-01,2025-04-30,52,42,1.0,2.8460743857744144,12.131753360530732,9.897286783960645,3.868026416858065,0.03021978021978022,0.0,1.192956004744872,0.0,0.004067669827527992,0.02112982700611319,0.0,0.0,0.0,0.005242882858104637,1.0,0.005242882858104637
avg_bus_speed,Average bus speed,Bus,weekend_overnight,Bronx,Early 2026,2026-01-01,2026-03-31,26,42,1.0,3.3071806065929445,11.572112526155053,11.523451200667168,3.400518387392343,0.007326007326007326,0.0,,0.0012418384070583223,0.007600987051626641,0.015421107652031908,0.0,0.0,0.0,0.005232835974724707,1.0,0.005232835974724707
avg_bus_speed,Average bus speed,Bus,weekday_am_peak,Brooklyn,Second half of 2025,2025-07-01,2025-12-31,132,59,1.0,3.4292088639951013,13.612340255802524,9.499077868352433,2.060212175067064,0.03903441191576785,0.03389830508474576,,0.0024629898181367624,0.0032024446351346303,0.0,0.003601936281629366,0.03389830508474576,0.0,0.005223330073129992,1.0,0.005223330073129992
avg_bus_speed,Average bus speed,Bus,weekend_overnight,Bronx,Second half of 2025,2025-07-01,2025-12-31,52,42,0.9981684981684982,3.189408722666327,10.679301393975525,11.996033422067036,3.3582394311226786,0.022018348623853212,0.0,,6.328103597016129e-05,0.008627809976492241,0.014904841233671523,0.0,0.0,0.0,0.005150576948051397,0.9981684981684982,0.00514114365693775
avg_bus_speed,Average bus speed,Bus,weekday_midday,Citywide,First six months post-CP,2025-01-05,2025-06-30,126,251,1.0,2.8631840462969365,13.92229094715384,11.507117022173368,2.3142942046898867,0.03968253968253968,0.0199203187250996,,0.0,0.007565496277372379,0.002157273399278619,0.004306969062842316,0.0199203187250996,0.0,0.004960905981135126,1.0,0.004960905981135126
fhvhv_avg_trip_speed,FHVHV average speed,FHVHV,weekend_overnight,Bronx,First six months post-CP,2025-01-05,2025-06-30,51,42,1.0,2.9396172992595564,12.135663925716097,10.053969925896418,3.712951099387957,0.034080298786181136,0.0,,0.0,0.004408109723051465,0.01923620933457582,0.0,0.0,0.0,0.004949269297678031,1.0,0.004949269297678031
avg_bus_speed,Average bus speed,Bus,weekday_midday,Bronx,Second half of 2025,2025-07-01,2025-12-31,132,42,1.0,2.421809339929863,14.948057611094868,8.914290539124696,2.005686323921934,0.04816017316017316,0.023809523809523808,,0.0,0.0019318233365947367,0.0,0.013528930866160804,0.023809523809523808,0.0,0.004893247845025186,1.0,0.004893247845025186
avg_bus_speed,Average bus speed,Bus,weekday_am_peak,Bronx,Second half of 2025,2025-07-01,2025-12-31,132,42,1.0,3.180481552010378,14.380388372006214,10.477585858724323,2.0799324309807394,0.04292929292929293,0.023809523809523808,,0.0,0.005328539082153337,0.0,0.007838784221560036,0.023809523809523808,0.0,0.0048889047847247204,1.0,0.0048889047847247204
avg_bus_speed,Average bus speed,Bus,weekend_evening,Queens,CP launch transition,2024-11-01,2025-04-30,52,66,0.9924242424242424,2.8467153135955625,10.719850902098019,9.670513997402505,3.4176650665569053,0.015267175572519083,0.0,1.7783446970393089,0.0,0.003574939704748945,0.015630484973993254,0.0,0.0,0.007982932396484666,0.004818125160634354,0.9924242424242424,0.00478162421244773
avg_bus_speed,Average bus speed,Bus,weekday_midday,Queens,CP launch transition,2024-11-01,2025-04-30,129,66,1.0,2.5123995063756155,12.80606256677261,9.800578310242836,2.0049633260886264,0.0305379375146817,0.015151515151515152,2.8659950439577537,0.0,0.003857542418274088,0.0,0.0,0.015151515151515152,0.022873772771375978,0.004766914396857635,1.0,0.004766914396857635
avg_bus_speed,Average bus speed,Bus,weekend_midday,Staten Island,Early 2026,2026-01-01,2026-03-31,26,19,1.0,2.7115069332782418,10.059208670762274,7.083824640317502,4.086521398666499,0.0,0.0,,0.0,0.0,0.023797859323857376,0.0,0.0,0.0,0.0047595718647714755,1.0,0.0047595718647714755
avg_bus_speed,Average bus speed,Bus,weekend_overnight,Bronx,First six months post-CP,2025-01-05,2025-06-30,51,42,0.9981325863678805,3.031535540954955,10.286836926081762,11.04793978581393,3.3526674323621717,0.017305893358278764,0.0,,0.0,0.006567799598319035,0.014836801809404577,0.0,0.0,0.0,0.0046093102614606744,0.9981325863678805,0.0046007027726437544
avg_bus_speed,Average bus speed,Bus,weekday_am_peak,Bronx,Early 2026,2026-01-01,2026-03-31,64,42,1.0,4.085514965528722,12.639551136819541,12.356541745809388,2.3158483869511577,0.021205357142857144,0.0,,0.009030723710672098,0.009411119620107242,0.0021762514484146463,0.0,0.0,0.0,0.00459417493684416,1.0,0.00459417493684416
avg_bus_speed,Average bus speed,Bus,weekday_overnight,Citywide,Second half of 2025,2025-07-01,2025-12-31,132,248,0.9960899315738025,2.9439458599008677,12.9690724045957,12.799248834446512,1.9644981770123544,0.031771344455348384,0.020161290322580645,,0.0,0.010373030092038582,0.0,0.0,0.020161290322580645,0.0,0.00460938655526771,0.9960899315738025,0.004591363538433819
avg_bus_speed,Average bus speed,Bus,weekend_overnight,Queens,First six months post-CP,2025-01-05,2025-06-30,51,66,0.9872251931075461,2.950018515844894,10.313081844931848,10.336925566726082,2.903410899463644,0.014745711706289497,0.015151515151515152,,0.0,0.00502291350865155,0.009350950652503059,0.0,0.015151515151515152,0.0,0.004641070022815014,0.9872251931075461,0.004581781249499196
avg_bus_speed,Average bus speed,Bus,weekend_midday,Staten Island,Second half of 2025,2025-07-01,2025-12-31,52,19,1.0,3.2247223867377173,9.101356394717241,6.2956927377225345,3.8790571216212757,0.0,0.0,,0.0004166691087753873,0.0,0.021264522441917497,0.0,0.0,0.0,0.004336238310138577,1.0,0.004336238310138577
avg_bus_speed,Average bus speed,Bus,All temporal buckets,Brooklyn,First six months post-CP,2025-01-05,2025-06-30,177,60,0.9903954802259887,3.417797437690088,14.55042136627934,8.052829262687059,2.532004329134436,0.04297394942004183,0.016666666666666666,,0.002348794306118098,6.004706682752299e-05,0.0048157218593326495,0.007887361510616368,0.016666666666666666,0.0,0.004297685893056152,0.9903954802259887,0.004256408683913805
avg_bus_speed,Average bus speed,Bus,weekday_evening,Citywide,First six months post-CP,2025-01-05,2025-06-30,126,249,1.0,2.884372551074512,12.892571027591327,10.495563584393707,2.3226907261642147,0.035921463632307006,0.024096385542168676,,0.0,0.005367600942753144,0.002259802942358841,0.00021567403739332483,0.024096385542168676,0.0,0.00423585048398592,1.0,0.00423585048398592
avg_bus_speed,Average bus speed,Bus,weekday_pm_peak,Brooklyn,CP launch transition,2024-11-01,2025-04-30,129,60,1.0,2.851728233881472,12.268995752253788,9.801028884628943,2.6054420907728764,0.025193798449612403,0.0,2.65108184211177,0.0,0.003858521422747938,0.005712467037516829,0.0,0.0,0.01993143179551703,0.004100266942742053,1.0,0.004100266942742053
avg_bus_speed,Average bus speed,Bus,weekday_am_peak,Manhattan,CP launch transition,2024-11-01,2025-04-30,129,64,1.0,3.0511647552929273,13.087181162350456,11.16789528611957,2.7518327608646223,0.03718507751937984,0.0,1.5623714804345616,0.0,0.006828437963665691,0.007500036873621541,0.0015902320471813832,0.0,0.005026078934501389,0.003948259566168078,1.0,0.003948259566168078
avg_bus_speed,Average bus speed,Bus,weekday_evening,Citywide,CP launch transition,2024-11-01,2025-04-30,129,249,1.0,2.692710323203014,12.45340740912412,10.516637793576045,2.3404927250044993,0.031474736153918,0.01606425702811245,1.4839515129556033,0.0,0.005413390818317523,0.00247718234317257,0.0,0.01606425702811245,0.003952444175645475,0.003850454293589687,1.0,0.003850454293589687
avg_bus_speed,Average bus speed,Bus,weekday_pm_peak,Queens,CP launch transition,2024-11-01,2025-04-30,129,66,1.0,2.5571189968030437,13.030307496859367,11.1659691547092,2.050111268583348,0.03312191684284708,0.0,2.6569084231060778,0.0,0.0068242528805226715,0.0,0.0,0.0,0.02001120254883259,0.003707183475013927,1.0,0.003707183475013927
avg_bus_speed,Average bus speed,Bus,All temporal buckets,Brooklyn,Second half of 2025,2025-07-01,2025-12-31,184,60,0.9905797101449275,3.431089778218096,14.51484141513098,8.782730694474887,2.63091443189715,0.04508046817849305,0.0,,0.002481812352412227,0.0016459711433445855,0.006023508640237712,0.010178830654648512,0.0,0.0,0.0036393815825634113,0.9905797101449275,0.0036050975531624514
avg_bus_speed,Average bus speed,Bus,weekday_pm_peak,Brooklyn,Second half of 2025,2025-07-01,2025-12-31,132,60,1.0,2.8379115798208026,13.470605003748114,10.311260640115533,2.3779001618688564,0.036237373737373735,0.016666666666666666,,0.0,0.004967148958451921,0.002933962858917244,0.0005593207555362929,0.016666666666666666,0.0,0.00357914459139354,1.0,0.00357914459139354
avg_bus_speed,Average bus speed,Bus,All temporal buckets,Queens,First six months post-CP,2025-01-05,2025-06-30,177,66,0.9985447697312104,3.3076888245849227,12.416826729491898,11.269692388370625,1.8539534283787464,0.024946420917273896,0.015151515151515152,,0.0012469242054729825,0.007049621904878382,0.0,0.0,0.015151515151515152,0.0,0.0035269418324657075,0.9985447697312104,0.0035218093199548433
avg_bus_speed,Average bus speed,Bus,All temporal buckets,Queens,CP launch transition,2024-11-01,2025-04-30,181,66,0.9978235392600033,3.267424440191588,11.583310633023224,10.942047949208593,2.040899092277384,0.022063758389261744,0.0,2.383279696173764,0.0008439936804874129,0.0063377186505838455,0.0,0.0,0.0,0.01626499706443409,0.003379728105186853,0.9978235392600033,0.0033723722596540506
avg_bus_speed,Average bus speed,Bus,weekday_evening,Queens,First six months post-CP,2025-01-05,2025-06-30,126,66,1.0,2.5140624156503493,10.644012038141536,8.648809355634254,1.9359162718499476,0.02320827320827321,0.030303030303030304,,0.0,0.0013549879141344014,0.0,0.0,0.030303030303030304,0.0,0.0033690500088366312,1.0,0.0033690500088366312
avg_bus_speed,Average bus speed,Bus,weekday_am_peak,Citywide,First six months post-CP,2025-01-05,2025-06-30,126,251,1.0,2.535209559025728,11.264275335850728,10.240383109668691,1.9883240141674496,0.023366850060077153,0.0199203187250996,,0.0,0.004813146819088545,0.0,0.0,0.0199203187250996,0.0,0.003195318577282096,1.0,0.003195318577282096
avg_bus_speed,Average bus speed,Bus,weekend_overnight,Queens,CP launch transition,2024-11-01,2025-04-30,52,66,0.9848484848484849,2.6041344353761717,10.09073217166619,9.84180075861281,2.729275998642483,0.011242603550295858,0.0,1.782254056163393,0.0,0.0039471102290986135,0.007224597272701535,0.0,0.0,0.008036454783389423,0.0032353424901539027,0.9848484848484849,0.003186322149393995
avg_bus_speed,Average bus speed,Bus,All temporal buckets,Bronx,Second half of 2025,2025-07-01,2025-12-31,184,42,1.0,3.266086886362281,14.212615175121762,9.328213663086885,2.4056748067842584,0.045419254658385096,0.0,,0.0008306086188564088,0.002831192237010337,0.003273117788860359,0.010547362272025922,0.0,0.0,0.0031106476815998263,1.0,0.0031106476815998263
avg_bus_speed,Average bus speed,Bus,weekday_midday,Brooklyn,CP launch transition,2024-11-01,2025-04-30,129,59,1.0,2.5484633506306142,10.114631943659235,8.079319253429363,2.6253993226853387,0.013664433057416896,0.0,2.5407588275744706,0.0,0.00011760430986790374,0.005956163891670894,0.0,0.0,0.01842101771455235,0.0030627356272563896,1.0,0.0030627356272563896
avg_bus_speed,Average bus speed,Bus,weekday_midday,Queens,First six months post-CP,2025-01-05,2025-06-30,126,66,1.0,2.4821147086760704,13.475756188116552,10.863371474470217,1.8553692779357593,0.03270803270803271,0.015151515151515152,,0.0,0.0061667710265499364,0.0,0.0,0.015151515151515152,0.0,0.0030568442717889997,1.0,0.0030568442717889997
avg_bus_speed,Average bus speed,Bus,weekday_midday,Brooklyn,Second half of 2025,2025-07-01,2025-12-31,132,59,1.0,2.838643953546411,12.03144890436536,9.378627481560812,2.359611061172208,0.026322547508988187,0.01694915254237288,,0.0,0.0029407309843328703,0.0027106354794174353,0.0,0.01694915254237288,0.0,0.002972225096203993,1.0,0.002972225096203993
avg_bus_speed,Average bus speed,Bus,weekday_overnight,Queens,CP launch transition,2024-11-01,2025-04-30,129,64,1.0,2.092183930294262,9.108129429277259,8.836598317899348,1.6727454227651677,0.011022286821705427,0.015625,1.8219806650952495,0.0,0.001763014290834177,0.0,0.0,0.015625,0.0085803451925784,0.002861288091966384,1.0,0.002861288091966384
avg_bus_speed,Average bus speed,Bus,weekend_evening,Staten Island,CP launch transition,2024-11-01,2025-04-30,52,19,1.0,2.1301616939153547,6.900917308447031,6.628720496135939,3.0119801918896645,0.0,0.0,1.6724827631907027,0.0,0.0,0.010676685360502928,0.0,0.0,0.006533594230792803,0.002788696495179866,1.0,0.002788696495179866
avg_bus_speed,Average bus speed,Bus,weekday_am_peak,Queens,First six months post-CP,2025-01-05,2025-06-30,126,66,1.0,2.5336023155097136,9.894518222238206,10.192632348618421,1.7394742344290224,0.012866762866762867,0.015151515151515152,,0.0,0.004709394341940849,0.0,0.0,0.015151515151515152,0.0,0.0026925001006367277,1.0,0.0026925001006367277
avg_bus_speed,Average bus speed,Bus,weekend_evening,Staten Island,Second half of 2025,2025-07-01,2025-12-31,52,19,1.0,3.3189795020878123,9.23600914031229,8.117271819168995,3.100758287400886,0.004048582995951417,0.0,,0.0013599113697430308,0.00020006734549265774,0.011760750660178272,0.0,0.0,0.0,0.002674149242357425,1.0,0.002674149242357425
avg_bus_speed,Average bus speed,Bus,weekday_evening,Brooklyn,Second half of 2025,2025-07-01,2025-12-31,132,58,1.0,2.66134719010215,10.88122858863955,8.7233214696355,2.3678713014055144,0.022074190177638453,0.017241379310344827,,0.0,0.0015168872479900865,0.0028115008984416347,0.0,0.017241379310344827,0.0,0.0026656599227203315,1.0,0.0026656599227203315
avg_bus_speed,Average bus speed,Bus,weekday_am_peak,Queens,CP launch transition,2024-11-01,2025-04-30,129,66,1.0,2.3980543956493143,9.990113426147419,9.945230633374669,1.7518311489144383,0.011392999765092789,0.0,2.28292781485625,0.0,0.004171841845550161,0.0,0.0,0.0,0.014891096113404294,0.0025320700727279695,1.0,0.0025320700727279695
avg_bus_speed,Average bus speed,Bus,weekend_evening,Staten Island,Early 2026,2026-01-01,2026-03-31,26,19,1.0,3.1877784647322995,9.00722443677258,7.554720591195747,3.1591824094214807,0.0,0.0,,4.696684924864946e-05,0.0,0.012474164965608141,0.0,0.0,0.0,0.0025042263629713583,1.0,0.0025042263629713583
avg_bus_speed,Average bus speed,Bus,All temporal buckets,Brooklyn,CP launch transition,2024-11-01,2025-04-30,181,60,0.9904235727440147,3.3778887988003983,14.125821776454602,7.92093712676388,2.775231942383624,0.0392339159538862,0.0,1.1217405320478742,0.0019494237690649064,0.0,0.007785763218385807,0.0038189565885333185,0.0,0.0,0.0025198808857701408,0.9904235727440147,0.0024957494297738153
avg_bus_speed,Average bus speed,Bus,weekend_overnight,Brooklyn,Second half of 2025,2025-07-01,2025-12-31,52,58,1.0,2.535535316235613,9.713553994535168,9.152699868933137,2.8775021449876497,0.011604774535809019,0.0,,0.0,0.0024498372488066683,0.009034580026128407,0.0,0.0,0.0,0.0024193753174273484,1.0,0.0024193753174273484
avg_bus_speed,Average bus speed,Bus,weekday_pm_peak,Brooklyn,First six months post-CP,2025-01-05,2025-06-30,126,60,1.0,2.9563506462042293,12.247912598388558,11.048841596987945,2.446612628228448,0.024735449735449735,0.0,,0.0,0.006569759046528141,0.0037730076706650605,0.0,0.0,0.0,0.0023970412957650474,1.0,0.0023970412957650474
avg_bus_speed,Average bus speed,Bus,weekday_overnight,Queens,First six months post-CP,2025-01-05,2025-06-30,126,64,1.0,2.2226648944040486,10.244078354747739,9.18804588932112,1.7343688697271389,0.014632936507936508,0.015625,,0.0,0.0025266368032411095,0.0,0.0,0.015625,0.0,0.0021941592008102775,1.0,0.0021941592008102775
avg_bus_speed,Average bus speed,Bus,weekend_overnight,Brooklyn,Early 2026,2026-01-01,2026-03-31,26,58,1.0,2.7886263635471384,9.77545740034613,11.049693604432532,2.328198708936795,0.008620689655172414,0.0,,0.0,0.006571610281586597,0.002327060670299279,0.0,0.0,0.0,0.0021083147044565053,1.0,0.0021083147044565053
avg_bus_speed,Average bus speed,Bus,weekday_am_peak,Brooklyn,CP launch transition,2024-11-01,2025-04-30,129,59,1.0,2.2367610327482454,9.012401909193374,7.930885000698305,1.776617151376699,0.013533044278018658,0.01694915254237288,1.4785038556660914,0.0,0.0,0.0,0.0,0.01694915254237288,0.003877861203879717,0.00208270137462526,1.0,0.00208270137462526
avg_bus_speed,Average bus speed,Bus,weekend_overnight,Brooklyn,First six months post-CP,2025-01-05,2025-06-30,51,58,1.0,2.576441497372312,8.60558914443391,8.710240875663724,2.831095237507525,0.013184584178498986,0.0,,0.0,0.0014884658365343336,0.008467907382671122,0.0,0.0,0.0,0.002065697935667808,1.0,0.002065697935667808
avg_bus_speed,Average bus speed,Bus,weekday_am_peak,Citywide,CP launch transition,2024-11-01,2025-04-30,129,251,1.0,2.403189521941284,10.704606365812761,9.845806506572407,1.9678376403555011,0.018654065906914975,0.00398406374501992,1.6221909688349387,0.0,0.003955813886684302,0.0,0.0,0.00398406374501992,0.005845057621541213,0.001971865608327189,1.0,0.001971865608327189
avg_bus_speed,Average bus speed,Bus,weekday_overnight,Citywide,First six months post-CP,2025-01-05,2025-06-30,126,248,0.9979198668714798,2.468461557204762,10.727091298728176,10.120721778049235,2.019065858016644,0.018022640541320592,0.008064516129032258,,0.0,0.004553147621144031,0.0,0.0,0.008064516129032258,0.0,0.0019447385181892334,0.9979198668714798,0.0019406932031712388
avg_bus_speed,Average bus speed,Bus,weekday_overnight,Citywide,CP launch transition,2024-11-01,2025-04-30,129,248,0.9993123280820205,2.310750764511602,9.863352250301464,9.57477256132004,2.011724210023567,0.01445104785736628,0.004032258064516129,1.641201780942665,0.0,0.003366913467245088,0.0,0.0,0.004032258064516129,0.006105331494753547,0.0018554873227382396,0.9993123280820205,0.0018542113562122257
avg_bus_speed,Average bus speed,Bus,weekend_overnight,Brooklyn,CP launch transition,2024-11-01,2025-04-30,52,58,1.0,2.38665390578672,7.79242813097518,7.983847128240166,2.5994433038713822,0.004310344827586207,0.0,1.6572656931180643,0.0,0.0,0.00563921612260804,0.0,0.0,0.006325259850109536,0.0017603692095325618,1.0,0.0017603692095325618
avg_bus_speed,Average bus speed,Bus,All temporal buckets,Staten Island,Early 2026,2026-01-01,2026-03-31,90,20,0.9855555555555555,4.070393963927402,9.804665882304096,7.801467554104401,1.7892001665992396,0.016910935738444193,0.0,,0.008879406033639986,0.0,0.0,0.0,0.0,0.0,0.0017758812067279973,0.9855555555555555,0.0017502295892974818
avg_bus_speed,Average bus speed,Bus,weekday_am_peak,Brooklyn,First six months post-CP,2025-01-05,2025-06-30,126,59,1.0,2.2605540178660433,9.497066400177921,8.07674886557447,1.8946415072053988,0.01802528921172989,0.01694915254237288,,0.0,0.00011201939140147772,0.0,0.0,0.01694915254237288,0.0,0.0017229201020876577,1.0,0.0017229201020876577
avg_bus_speed,Average bus speed,Bus,weekday_overnight,Bronx,Early 2026,2026-01-01,2026-03-31,64,42,1.0,2.748704528672955,10.418736896252687,10.979434163506403,2.178311742424566,0.007068452380952381,0.0,,0.0,0.006418951122260867,0.0004967977171030237,0.0,0.0,0.0,0.0017040973239858216,1.0,0.0017040973239858216
avg_bus_speed,Average bus speed,Bus,weekend_evening,Staten Island,First six months post-CP,2025-01-05,2025-06-30,51,19,1.0,2.479405335637488,8.038452679523488,7.047252436502038,2.8186588563681236,0.0,0.0,,0.0,0.0,0.00831604729636123,0.0,0.0,0.0,0.0016632094592722462,1.0,0.0016632094592722462
avg_bus_speed,Average bus speed,Bus,weekend_overnight,Staten Island,Early 2026,2026-01-01,2026-03-31,26,19,1.0,3.025620088181059,10.471026882905624,8.62831960914586,2.5584965149921395,0.016194331983805668,0.0,,0.0,0.0013104679545035767,0.005139216739860428,0.0,0.0,0.0,0.00135546033659798,1.0,0.00135546033659798
avg_bus_speed,Average bus speed,Bus,weekday_evening,Brooklyn,CP launch transition,2024-11-01,2025-04-30,129,58,1.0,2.616498327168765,9.702251344388129,8.91256306125849,2.3851658529924387,0.013766372627639668,0.0,1.3837006444299478,0.0,0.001928069886306311,0.0030226838838488847,0.0,0.0,0.002579926173983229,0.0013445468657446776,1.0,0.0013445468657446776
avg_bus_speed,Average bus speed,Bus,weekday_pm_peak,Staten Island,CP launch transition,2024-11-01,2025-04-30,129,20,1.0,1.821812844581611,6.595826725652102,5.94373262702275,1.7174609336540883,0.0,0.0,2.098671433574914,0.0,0.0,0.0,0.0,0.0,0.012368472579573696,0.0012368472579573698,1.0,0.0012368472579573698
avg_bus_speed,Average bus speed,Bus,weekday_overnight,Bronx,Second half of 2025,2025-07-01,2025-12-31,132,42,1.0,2.5326493638043166,11.205535919812894,10.260632702074279,1.8174251163452217,0.018217893217893216,0.0,,0.0,0.004857144973821599,0.0,0.0,0.0,0.0,0.0012142862434553997,1.0,0.0012142862434553997
avg_bus_speed,Average bus speed,Bus,weekend_overnight,Staten Island,CP launch transition,2024-11-01,2025-04-30,52,19,0.9838056680161943,1.9223021881007871,7.187853177752749,6.06765135802528,2.462425786767907,0.013374485596707819,0.0,1.4637065931502378,0.0,0.0,0.003966101432726283,0.0,0.0,0.003675274338778058,0.0011607477204230625,0.9838056680161943,0.0011419501864890858
avg_bus_speed,Average bus speed,Bus,weekend_overnight,Staten Island,First six months post-CP,2025-01-05,2025-06-30,51,19,0.9845201238390093,2.590577619123514,7.472809058725701,7.466385085989089,2.565361858671065,0.0,0.0,,0.0,0.0,0.005223049140294475,0.0,0.0,0.0,0.001044609828058895,0.9845201238390093,0.0010284393972839897
avg_bus_speed,Average bus speed,Bus,weekday_overnight,Staten Island,Early 2026,2026-01-01,2026-03-31,64,20,1.0,3.5861762872071252,11.681666747322755,7.815170588105751,2.0311886573120814,0.01015625,0.0,,0.004033781652990269,0.0,0.0,0.0,0.0,0.0,0.0008067563305980538,1.0,0.0008067563305980538
avg_bus_speed,Average bus speed,Bus,weekday_evening,Staten Island,Early 2026,2026-01-01,2026-03-31,64,20,1.0,3.0257799903753444,9.687690631328884,9.445343100293208,1.8889980064668395,0.00390625,0.0,,0.0,0.0030856901547352033,0.0,0.0,0.0,0.0,0.0007714225386838008,1.0,0.0007714225386838008
avg_bus_speed,Average bus speed,Bus,weekday_evening,Brooklyn,First six months post-CP,2025-01-05,2025-06-30,126,58,1.0,2.762715410252683,10.052995966136718,8.510881127580685,2.322296356516922,0.01655719759168035,0.0,,0.0,0.0010552985476322714,0.0022549873124738627,0.0,0.0,0.0,0.0007148220994028405,1.0,0.0007148220994028405
avg_bus_speed,Average bus speed,Bus,weekday_midday,Brooklyn,First six months post-CP,2025-01-05,2025-06-30,126,59,1.0,2.5452527532780227,11.114382288721455,8.364095364653654,2.3522460800831384,0.02071563088512241,0.0,,0.0,0.0007363635991890228,0.002620702029218381,0.0,0.0,0.0,0.000708231305640932,1.0,0.000708231305640932
avg_bus_speed,Average bus speed,Bus,weekday_am_peak,Bronx,First six months post-CP,2025-01-05,2025-06-30,126,42,1.0,2.3462656445318615,12.483887140308193,9.315885362637516,1.8327412026158976,0.022675736961451247,0.0,,0.0,0.0028044054029890643,0.0,0.0,0.0,0.0,0.0007011013507472661,1.0,0.0007011013507472661
avg_bus_speed,Average bus speed,Bus,weekday_overnight,Brooklyn,Early 2026,2026-01-01,2026-03-31,64,59,1.0,3.180949701261467,9.374172087756811,9.069461895102494,2.1880461018311435,0.004502118644067797,0.0,,0.0,0.0022689784355074947,0.0006156635385252107,0.0,0.0,0.0,0.0006903773165819158,1.0,0.0006903773165819158
avg_bus_speed,Average bus speed,Bus,weekday_evening,Staten Island,Second half of 2025,2025-07-01,2025-12-31,132,20,1.0,2.7976422117643245,9.503694942980964,9.236312510623055,1.9384873319661473,0.003409090909090909,0.0,,0.0,0.0026315101374766287,0.0,0.0,0.0,0.0,0.0006578775343691572,1.0,0.0006578775343691572
avg_bus_speed,Average bus speed,Bus,weekday_overnight,Bronx,First six months post-CP,2025-01-05,2025-06-30,126,42,1.0,2.275067219798632,9.617683077307795,9.13411957504598,1.960206106008504,0.011904761904761904,0.0,,0.0,0.0024094661327338754,0.0,0.0,0.0,0.0,0.0006023665331834689,1.0,0.0006023665331834689
avg_bus_speed,Average bus speed,Bus,weekday_overnight,Bronx,CP launch transition,2024-11-01,2025-04-30,129,42,1.0,2.122877853593251,8.690624145340015,8.885421051876396,1.9787891466342553,0.0070136581764488745,0.0,0.613178488240057,0.0,0.0018690959423058443,0.0,0.0,0.0,0.0,0.0004672739855764611,1.0,0.0004672739855764611
avg_bus_speed,Average bus speed,Bus,weekday_am_peak,Staten Island,CP launch transition,2024-11-01,2025-04-30,129,20,1.0,1.9462336999575987,5.882196692072185,6.154526786879638,1.7104049419026537,0.0,0.0,1.4952592963120965,0.0,0.0,0.0,0.0,0.0,0.004107257160749059,0.0004107257160749059,1.0,0.0004107257160749059
avg_bus_speed,Average bus speed,Bus,weekday_overnight,Brooklyn,First six months post-CP,2025-01-05,2025-06-30,126,59,1.0,2.175390103435538,8.646865195889138,8.513521572349063,1.8145215038834055,0.00887812752219532,0.0,,0.0,0.001061035685207995,0.0,0.0,0.0,0.0,0.00026525892130199876,1.0,0.00026525892130199876
avg_bus_speed,Average bus speed,Bus,weekday_overnight,Brooklyn,CP launch transition,2024-11-01,2025-04-30,129,59,1.0,2.036993263543908,7.867147393598335,7.545541591795179,1.7876790436132741,0.0064380501905137305,0.0,1.3608660031584514,0.0,0.0,0.0,0.0,0.0,0.0022673008903568046,0.0002267300890356805,1.0,0.0002267300890356805
avg_bus_speed,Average bus speed,Bus,weekday_evening,Queens,CP launch transition,2024-11-01,2025-04-30,129,66,1.0,2.305688166948958,9.409814118214348,8.110286707821922,1.9842355757452577,0.01820530890298332,0.0,1.3091110836542605,0.0,0.00018489015062767415,0.0,0.0,0.0,0.001558732877542993,0.00020209582541121785,1.0,0.00020209582541121785
avg_bus_speed,Average bus speed,Bus,weekday_overnight,Brooklyn,Second half of 2025,2025-07-01,2025-12-31,132,59,1.0,2.074883474278343,8.323076110555256,8.28764226820005,1.8216220307603392,0.005007704160246533,0.0,,0.0,0.000570246913963372,0.0,0.0,0.0,0.0,0.000142561728490843,1.0,0.000142561728490843
avg_bus_speed,Average bus speed,Bus,weekday_evening,Staten Island,CP launch transition,2024-11-01,2025-04-30,129,20,1.0,2.0496781957170933,8.374802591116602,6.827715085287036,2.0078355938885633,0.0,0.0,0.908742034425748,0.0,0.0,0.0,0.0,0.0,0.0,0.0,1.0,0.0
avg_bus_speed,Average bus speed,Bus,weekday_evening,Staten Island,First six months post-CP,2025-01-05,2025-06-30,126,20,1.0,2.52305731164516,9.092153213491782,7.78865631400055,1.8930368081462738,0.0015873015873015873,0.0,,0.0,0.0,0.0,0.0,0.0,0.0,0.0,1.0,0.0
avg_bus_speed,Average bus speed,Bus,weekday_pm_peak,Staten Island,Second half of 2025,2025-07-01,2025-12-31,132,20,1.0,1.8340863294554266,6.509297350327669,5.774170956518977,1.7284605878402284,0.0,0.0,,0.0,0.0,0.0,0.0,0.0,0.0,0.0,1.0,0.0
avg_bus_speed,Average bus speed,Bus,weekday_overnight,Staten Island,First six months post-CP,2025-01-05,2025-06-30,126,20,1.0,1.724126289684074,6.240533998852406,6.819805548618168,1.6260963802003174,0.0,0.0,,0.0,0.0,0.0,0.0,0.0,0.0,0.0,1.0,0.0
avg_bus_speed,Average bus speed,Bus,weekday_pm_peak,Staten Island,Early 2026,2026-01-01,2026-03-31,64,20,1.0,2.1070982763551025,6.587261502598665,6.50079046729297,1.3838752550528357,0.0,0.0,,0.0,0.0,0.0,0.0,0.0,0.0,0.0,1.0,0.0
avg_bus_speed,Average bus speed,Bus,weekday_pm_peak,Staten Island,First six months post-CP,2025-01-05,2025-06-30,126,20,1.0,1.821812844581611,6.330715073449275,5.335058060568672,1.7564480331794647,0.0,0.0,,0.0,0.0,0.0,0.0,0.0,0.0,0.0,1.0,0.0
avg_bus_speed,Average bus speed,Bus,weekday_overnight,Staten Island,CP launch transition,2024-11-01,2025-04-30,129,20,1.0,1.576072901212787,5.55226847881378,5.449613674741472,1.5920067262414923,0.0015503875968992248,0.0,1.1392759325597128,0.0,0.0,0.0,0.0,0.0,0.0,0.0,1.0,0.0
avg_bus_speed,Average bus speed,Bus,weekday_overnight,Staten Island,Second half of 2025,2025-07-01,2025-12-31,132,20,1.0,2.2043989840870113,7.6082816536635445,6.547501161165576,1.467347025232835,0.006439393939393939,0.0,,0.0,0.0,0.0,0.0,0.0,0.0,0.0,1.0,0.0
avg_bus_speed,Average bus speed,Bus,weekday_midday,Staten Island,Second half of 2025,2025-07-01,2025-12-31,132,20,1.0,2.5130339030449447,7.240045186584394,6.64683918338406,1.7685550638587564,0.0,0.0,,0.0,0.0,0.0,0.0,0.0,0.0,0.0,1.0,0.0
avg_bus_speed,Average bus speed,Bus,weekday_midday,Staten Island,Early 2026,2026-01-01,2026-03-31,64,20,1.0,2.7082298012168216,8.832640766073494,6.784364457083606,1.761834632748625,0.0,0.0,,0.0,0.0,0.0,0.0,0.0,0.0,0.0,1.0,0.0
avg_bus_speed,Average bus speed,Bus,weekday_midday,Staten Island,First six months post-CP,2025-01-05,2025-06-30,126,20,1.0,2.2688509525669525,6.774467659967819,5.953335242358143,1.9527656017912252,0.0,0.0,,0.0,0.0,0.0,0.0,0.0,0.0,0.0,1.0,0.0
avg_bus_speed,Average bus speed,Bus,weekday_midday,Staten Island,CP launch transition,2024-11-01,2025-04-30,129,20,1.0,2.0942264616909645,6.077911704261359,5.915522749120041,1.9674176289824086,0.0,0.0,1.0930221894217684,0.0,0.0,0.0,0.0,0.0,0.0,0.0,1.0,0.0
avg_bus_speed,Average bus speed,Bus,All temporal buckets,Staten Island,Second half of 2025,2025-07-01,2025-12-31,184,20,0.9858695652173913,2.796479154715414,8.074112762860738,7.039922294929971,1.613018228639487,0.014332965821389196,0.0,,0.0,0.0,0.0,0.0,0.0,0.0,0.0,0.9858695652173913,0.0
avg_bus_speed,Average bus speed,Bus,All temporal buckets,Staten Island,CP launch transition,2024-11-01,2025-04-30,181,20,0.9856353591160221,2.194586745312828,8.472719009940576,5.555450700731731,1.7653848992464318,0.010930493273542601,0.0,0.8550360820588414,0.0,0.0,0.0,0.0,0.0,0.0,0.0,0.9856353591160221,0.0
avg_bus_speed,Average bus speed,Bus,All temporal buckets,Staten Island,First six months post-CP,2025-01-05,2025-06-30,177,20,0.985593220338983,2.423696740026352,8.496171376321387,5.727732536222807,1.6707140415047506,0.01347090856979077,0.0,,0.0,0.0,0.0,0.0,0.0,0.0,0.0,0.985593220338983,0.0
avg_bus_speed,Average bus speed,Bus,weekday_am_peak,Staten Island,Second half of 2025,2025-07-01,2025-12-31,132,20,1.0,3.120750848447238,9.018588833408089,7.286445210155969,1.9208164383498656,0.006818181818181818,0.0,,0.0,0.0,0.0,0.0,0.0,0.0,0.0,1.0,0.0
avg_bus_speed,Average bus speed,Bus,weekday_am_peak,Bronx,CP launch transition,2024-11-01,2025-04-30,129,42,1.0,2.1806987415508723,12.278465260250613,8.015669022489908,1.8046766806033516,0.01790328534514581,0.0,1.11623035891916,0.0,0.0,0.0,0.0,0.0,0.0,0.0,1.0,0.0
avg_bus_speed,Average bus speed,Bus,weekday_am_peak,Staten Island,First six months post-CP,2025-01-05,2025-06-30,126,20,1.0,2.2376847280175594,6.722715952952771,6.715873380649967,1.712678470261487,0.0,0.0,,0.0,0.0,0.0,0.0,0.0,0.0,0.0,1.0,0.0
