{"type": "FeatureCollection", "features": [{"id": "0", "type": "Feature", "properties": {"taxi_zone_id": 1, "zone": "Newark Airport", "borough": "EWR"}, "geometry": {"type": "Polygon", "coordinates": [[[-74.18445299999996, 40.69499599999994], [-74.18284199999994, 40.70346499999992], [-74.18157299999996, 40.7044999999999], [-74.17699199999998, 40.70613799999991], [-74.17565999999994, 40.70737999999993], [-74.17133999999999, 40.70796499999994], [-74.16081899999995, 40.70764099999997], [-74.15306999999996, 40.705282999999945], [-74.15513999999996, 40.70155699999992], [-74.16290699999996, 40.689874999999915], [-74.16417599999994, 40.69008199999995], [-74.16479699999996, 40.689757999999934], [-74.16587699999997, 40.687876999999965], [-74.16604799999999, 40.68655399999993], [-74.17283399999997, 40.676563999999935], [-74.17709099999996, 40.67178499999995], [-74.17888199999999, 40.671001999999916], [-74.18384999999995, 40.67264899999991], [-74.18503799999996, 40.67335999999994], [-74.18935799999997, 40.679758999999905], [-74.18991599999998, 40.68154099999994], [-74.18922299999997, 40.68862399999994], [-74.18870099999998, 40.68944299999991], [-74.18563199999994, 40.691647999999915], [-74.18445299999996, 40.69499599999994]]]}}, {"id": "1", "type": "Feature", "properties": {"taxi_zone_id": 2, "zone": "Jamaica Bay", "borough": "Queens"}, "geometry": {"type": "MultiPolygon", "coordinates": [[[[-73.86896292210412, 40.58169379478872], [-73.8705059791835, 40.58334195301378], [-73.87115922675414, 40.58687388796734], [-73.86981356482106, 40.58946092678821], [-73.86849671647202, 40.59008985028957], [-73.86635052164085, 40.5918926765647], [-73.86430826692539, 40.59141474432643], [-73.86274156028652, 40.59036640710002], [-73.86125299377363, 40.587988085921275], [-73.86192220398715, 40.58566854822556], [-73.86327471071941, 40.5838768485319], [-73.86449245335685, 40.58361493817881], [-73.86651827430362, 40.58230053828566], [-73.86896292210412, 40.58169379478872]]], [[[-73.83624456552002, 40.594496397755094], [-73.83527199389948, 40.59447351751453], [-73.83422463139402, 40.59334824199583], [-73.83308377330324, 40.592986626450696], [-73.83312434323057, 40.59226407007014], [-73.8325749810638, 40.59211820911398], [-73.83314190531755, 40.59158177393061], [-73.83355999167891, 40.59208471902898], [-73.83422638358282, 40.591932562815465], [-73.8341504267253, 40.591301171794136], [-73.83256110970056, 40.591325729776685], [-73.83253569485043, 40.59021893579839], [-73.83463980875666, 40.59005274667422], [-73.83495422767699, 40.58972815561804], [-73.8333280477052, 40.58983659582873], [-73.83359681259313, 40.58932862547895], [-73.83719541135855, 40.58969911736297], [-73.83865480129, 40.590928817168354], [-73.83866743647685, 40.591533251750974], [-73.83946303818477, 40.59225656848911], [-73.83996340087272, 40.59187353901194], [-73.83943345735968, 40.592439609473644], [-73.8398907019092, 40.592800211493916], [-73.84081016081028, 40.59291968620372], [-73.84135823835017, 40.59213335791965], [-73.84116650852377, 40.592446064371984], [-73.84220507443722, 40.59315800469287], [-73.84385894083933, 40.59342531196064], [-73.84331153839406, 40.59442303297706], [-73.83902964248091, 40.59625348474871], [-73.83743435500348, 40.59580044301389], [-73.83624456552002, 40.594496397755094]]], [[[-73.87020899836229, 40.596954232789415], [-73.86952707548932, 40.59871375035444], [-73.86967070711478, 40.59668856362215], [-73.87020899836229, 40.596954232789415]]], [[[-73.85269029351811, 40.597170750463334], [-73.8549264858144, 40.59630166437332], [-73.85716132350703, 40.59604369786469], [-73.86044420534076, 40.59647190559633], [-73.86054977985192, 40.59706302019172], [-73.86328663134141, 40.5998100421633], [-73.86297506260962, 40.601018272615626], [-73.86187189847233, 40.60216432581595], [-73.86078169166855, 40.6026084002563], [-73.85905914327755, 40.60206143157397], [-73.85482595782968, 40.60186719535367], [-73.85276838155842, 40.60094885402596], [-73.85076748001559, 40.59883944383745], [-73.85269029351811, 40.597170750463334]]], [[[-73.87108141811476, 40.59890114747013], [-73.87049411914771, 40.60260444620463], [-73.87019491489939, 40.598996405901936], [-73.87108141811476, 40.59890114747013]]], [[[-73.86702607287029, 40.60417158400825], [-73.8676819415421, 40.60307076667738], [-73.8683080846461, 40.60313916114619], [-73.86793505372694, 40.603961135452984], [-73.86702607287029, 40.60417158400825]]], [[[-73.82598212776448, 40.60715799759938], [-73.82590092720766, 40.606465930649485], [-73.82861671457653, 40.60583848413765], [-73.82815085191196, 40.60795028983296], [-73.82629763015808, 40.607817072229764], [-73.82639117752838, 40.607357433651266], [-73.82598212776448, 40.60715799759938]]], [[[-73.87300122724774, 40.6105554584599], [-73.8710387011171, 40.609723582526584], [-73.86966442958492, 40.60654012341294], [-73.87109330768071, 40.604694173994744], [-73.87105656646135, 40.6062850884943], [-73.87245579811875, 40.608185530348585], [-73.87300122724774, 40.6105554584599]]], [[[-73.86874317559169, 40.607035179279336], [-73.86868468826752, 40.608241158183965], [-73.86777501561137, 40.60853948877834], [-73.86702399475149, 40.608068178769464], [-73.86874317559169, 40.607035179279336]]], [[[-73.8337327597319, 40.60928603307344], [-73.83380311515586, 40.60955059185811], [-73.83252192275347, 40.610384993603866], [-73.83032947905777, 40.60848787991653], [-73.83045815392721, 40.60666920140326], [-73.83454144109655, 40.60547738376595], [-73.83587601623029, 40.605636907545616], [-73.83610156628845, 40.60736279382334], [-73.83428342685944, 40.609185681854], [-73.8337327597319, 40.60928603307344]]], [[[-73.82607472604538, 40.60843779954616], [-73.82661051008785, 40.60819620584169], [-73.82771104235977, 40.608398668130754], [-73.82805077260065, 40.610046296865335], [-73.82688326414805, 40.60959667806945], [-73.82607472604538, 40.60843779954616]]], [[[-73.83825667290532, 40.61384721621645], [-73.8407944240835, 40.605643266382714], [-73.8471480968766, 40.60361424219201], [-73.85179402215192, 40.606897168583714], [-73.85124092910449, 40.607719613415], [-73.84779013405834, 40.60923538526283], [-73.84816769367677, 40.6125342282975], [-73.84731105470064, 40.613438461926876], [-73.84614804513843, 40.61772842036636], [-73.84304421296773, 40.61773769639046], [-73.84283573528793, 40.61660943616367], [-73.84400850201834, 40.61704136615358], [-73.84454193473682, 40.614867921675184], [-73.8409994253963, 40.61302912621617], [-73.83825667290532, 40.61384721621645]]], [[[-73.84973986306498, 40.615156058143334], [-73.85010857555366, 40.61021219334601], [-73.8551559228834, 40.60612051300154], [-73.85708638173246, 40.606468242933566], [-73.85704052727723, 40.60829948887601], [-73.85901755318278, 40.60947575392513], [-73.85924855452187, 40.611254830874294], [-73.85802093146347, 40.61264381691064], [-73.85648360749232, 40.61319069486385], [-73.85858056782772, 40.61691708722188], [-73.85523067631884, 40.61613145335802], [-73.85530325465119, 40.61314541357285], [-73.85236704384849, 40.613155989076745], [-73.85376845962072, 40.614087596516846], [-73.85263195046835, 40.615094081909014], [-73.84973986306498, 40.615156058143334]]], [[[-73.86606533106142, 40.621493326749146], [-73.86626127665735, 40.618456348024], [-73.87084603194215, 40.61696742645762], [-73.8782477932424, 40.6154446083316], [-73.87481386865049, 40.62358718918368], [-73.86684384142526, 40.62782924286028], [-73.86498193495926, 40.62566070604107], [-73.86606533106142, 40.621493326749146]]], [[[-73.8461475400832, 40.6222236096078], [-73.84847781581286, 40.62241878479057], [-73.85665510191748, 40.619993649188395], [-73.86107132214268, 40.617712079370605], [-73.86364988794934, 40.61787877364242], [-73.86404106276487, 40.61920759671408], [-73.86343910789503, 40.618942175130684], [-73.86151825485233, 40.619049218399255], [-73.86102883383384, 40.62413898699414], [-73.86347880947005, 40.623388609315874], [-73.86334955670225, 40.625924908777804], [-73.86137632465496, 40.62597915399311], [-73.86041082270874, 40.62516691297757], [-73.85861338934723, 40.627962022328084], [-73.8576777902821, 40.6279837589485], [-73.85786309317031, 40.62844490266746], [-73.8565055097758, 40.62909735372662], [-73.8561347984124, 40.628280911272924], [-73.8539654419115, 40.627610943897906], [-73.85436931062769, 40.628817676543925], [-73.85071696108572, 40.62800299210949], [-73.84846868196168, 40.629643330753225], [-73.84734350666976, 40.6290947397163], [-73.84984630167418, 40.62622449074597], [-73.8472783772798, 40.626621669791994], [-73.84504991718353, 40.625411061883646], [-73.84358010755503, 40.62317816418444], [-73.8461475400832, 40.6222236096078]]], [[[-73.83623731597828, 40.63111086123176], [-73.84110205447425, 40.62455643651518], [-73.84445711462237, 40.62984779444002], [-73.842423745765, 40.63153254924429], [-73.83765174362401, 40.63283973295602], [-73.83623731597828, 40.63111086123176]]], [[[-73.84352007697278, 40.63650368532793], [-73.84504859278633, 40.63317483899971], [-73.84721834832125, 40.63196568670611], [-73.84858996643929, 40.63013198680658], [-73.8585583634798, 40.63045828819564], [-73.8561374187591, 40.635081546014725], [-73.84667914840234, 40.63873171175718], [-73.84352007697278, 40.63650368532793]]], [[[-73.8245173365546, 40.59896580873307], [-73.82395871079126, 40.59887689683858], [-73.82452271276402, 40.59895126399064], [-73.82477088992478, 40.598391843874225], [-73.8245173365546, 40.59896580873307]]], [[[-73.82303195183424, 40.59993051694218], [-73.82292757811202, 40.60006142816312], [-73.8230043654241, 40.599925619198125], [-73.82303195183424, 40.59993051694218]]], [[[-73.8231174097477, 40.60007949252539], [-73.82317356168163, 40.59997800515582], [-73.82318015964296, 40.600083849028174], [-73.8231174097477, 40.60007949252539]]], [[[-73.80992146111767, 40.60178709534231], [-73.81029011586071, 40.59899167007237], [-73.81157550345522, 40.5981411992596], [-73.81444738136224, 40.600543168853704], [-73.81501471568424, 40.60205629156358], [-73.8142869369858, 40.604455666221725], [-73.81339665223344, 40.60436407224538], [-73.81184130264785, 40.60313466508582], [-73.81085365186647, 40.60322371301436], [-73.80992146111767, 40.60178709534231]]], [[[-73.81558381764519, 40.606172902762076], [-73.81552536723665, 40.606407380281965], [-73.81574174081904, 40.60646524511777], [-73.81546066483351, 40.6064281370075], [-73.81558381764519, 40.606172902762076]]], [[[-73.79696327795033, 40.60411784876784], [-73.8012001966788, 40.60391220065212], [-73.80428530678597, 40.60451927953062], [-73.80520676583323, 40.60673953810021], [-73.80419695590167, 40.60874419903563], [-73.80159206744115, 40.61023096250131], [-73.79878198680099, 40.610333275689136], [-73.79630654215427, 40.609338032538204], [-73.79609453981675, 40.60882648394276], [-73.79420172624032, 40.60773067561341], [-73.79352152715475, 40.606327591395974], [-73.79399754952593, 40.606080153462656], [-73.79509002319158, 40.60727106010563], [-73.79424799033224, 40.605900380031706], [-73.79696327795033, 40.60411784876784]]], [[[-73.81450261566708, 40.61105847350547], [-73.81520720849484, 40.60981673379671], [-73.81559858789666, 40.610672516164755], [-73.8154036618984, 40.61038480201552], [-73.81450261566708, 40.61105847350547]]], [[[-73.81486725972125, 40.61401064975282], [-73.814857222891, 40.614299226214825], [-73.81549526637583, 40.61403981513321], [-73.81479563255313, 40.61319402998132], [-73.81503638494628, 40.612976213749434], [-73.81546948317194, 40.61334292900843], [-73.81615626666235, 40.61294211575502], [-73.81643150389779, 40.61428233496498], [-73.81420926754464, 40.614703443270024], [-73.81416449897701, 40.61429106964078], [-73.81486725972125, 40.61401064975282]]], [[[-73.79142802632143, 40.62227765834799], [-73.78949653224412, 40.62274664610797], [-73.78419483298926, 40.620892669955175], [-73.78521543076681, 40.620063493744475], [-73.78515920006002, 40.618647282483366], [-73.78435569021109, 40.61776449058744], [-73.78446087067887, 40.617027835129754], [-73.78322554530014, 40.615578730723335], [-73.78248993127501, 40.61556754988687], [-73.78229527471422, 40.615168153677594], [-73.78098597748865, 40.61474950353711], [-73.78070887195283, 40.61402680900591], [-73.78114906072878, 40.6139982719825], [-73.78088360834359, 40.61364035463629], [-73.7812605110188, 40.61331793350507], [-73.78355221437404, 40.61192445198093], [-73.78497523353337, 40.61192957008818], [-73.78577809315796, 40.61099347707074], [-73.78865910627547, 40.61009059422683], [-73.78901840238645, 40.60922220694459], [-73.78995389362336, 40.60898156632595], [-73.79087659100047, 40.607695589287545], [-73.79139721011911, 40.607610855249966], [-73.79117287672476, 40.608474599108845], [-73.79365104095642, 40.60898581496918], [-73.79480633875043, 40.61037836048125], [-73.79745676195705, 40.61131820439628], [-73.79898529394339, 40.611482457719205], [-73.79917318059519, 40.61202624693184], [-73.80025700070239, 40.61159728288813], [-73.80080125919478, 40.61193390448162], [-73.80023948919161, 40.61208196016921], [-73.7999343527159, 40.613143870030356], [-73.79931694077327, 40.613358220591586], [-73.799685101531, 40.61377747404309], [-73.79903903505591, 40.61555054248405], [-73.79854465671518, 40.61588959618313], [-73.79816300611748, 40.615716090283634], [-73.7980609038916, 40.616326916541105], [-73.79727592537725, 40.61666041291683], [-73.7972429814662, 40.61759376347245], [-73.79678304336664, 40.61770472285118], [-73.79700484778857, 40.61837994395798], [-73.7963556790422, 40.618454684535386], [-73.79618830890925, 40.61960985302925], [-73.79501188737623, 40.621330743662185], [-73.79523751343378, 40.62165715546332], [-73.79444015482304, 40.621851573315254], [-73.79456630193827, 40.62261586582286], [-73.79352550682152, 40.622771009756775], [-73.79142802632143, 40.62227765834799]]], [[[-73.7667193110134, 40.61500363286471], [-73.76825288003378, 40.614877725169364], [-73.77397692018825, 40.616003575671506], [-73.76873454755719, 40.62090086822027], [-73.76745926975256, 40.620511322031305], [-73.7667193110134, 40.61500363286471]]], [[[-73.79921493427757, 40.624084712988555], [-73.79403741688607, 40.62563519595498], [-73.7936292748135, 40.62515647619499], [-73.79809093107173, 40.623062948244346], [-73.79951085673736, 40.621175533020995], [-73.79992057632683, 40.61857524016603], [-73.80172498640164, 40.61996700873172], [-73.80096292242341, 40.61777236939706], [-73.80128049504093, 40.61587983974758], [-73.80270343867807, 40.61358065232175], [-73.8033982096119, 40.61317210434859], [-73.80508906012292, 40.613432560419476], [-73.80466968986522, 40.614301827300906], [-73.80476592616557, 40.61580099137092], [-73.80575302222282, 40.61669485753833], [-73.80565945060563, 40.61760025534375], [-73.80764116896117, 40.62119965469229], [-73.80728331329274, 40.621666435621975], [-73.80768917829106, 40.622277660424736], [-73.80698502381061, 40.62387199883003], [-73.80557147888442, 40.624969001573824], [-73.8051624884695, 40.624656224186], [-73.80271345029576, 40.62593478734807], [-73.80251577946906, 40.62632913769234], [-73.8001117714566, 40.626927441987135], [-73.80092841565032, 40.627524104895706], [-73.79783533398513, 40.627408716571566], [-73.79783848156961, 40.627013466303715], [-73.79744863612672, 40.62711047626098], [-73.79566256726106, 40.62611400432784], [-73.79921493427757, 40.624084712988555]]], [[[-73.7718065553057, 40.62348190999073], [-73.77203131431351, 40.62299121290302], [-73.77511891254431, 40.6192338474874], [-73.7723626016271, 40.62314732600436], [-73.7718065553057, 40.62348190999073]]], [[[-73.81135581995851, 40.62293751504071], [-73.81210045334294, 40.621100596814955], [-73.8102406650499, 40.61648764065424], [-73.81089990481605, 40.616218471341014], [-73.81200717773355, 40.61717937148335], [-73.81370354000288, 40.621386744586125], [-73.81449543302412, 40.62239494530534], [-73.81418278559646, 40.62369463155813], [-73.81679073502552, 40.626348918121224], [-73.81383288662272, 40.62592623399765], [-73.81627026043981, 40.62714580591716], [-73.81720935727391, 40.62910635115238], [-73.8173057692762, 40.63062197379788], [-73.81637181200166, 40.63137272824917], [-73.81391733219806, 40.630776392218145], [-73.81307233892618, 40.62926109964269], [-73.81352502122874, 40.627306172686005], [-73.81258556038132, 40.62837191618377], [-73.81129432207656, 40.62470377900044], [-73.81135581995851, 40.62293751504071]]], [[[-73.77348616522502, 40.62508511816358], [-73.77383258726537, 40.624944848253485], [-73.77348560409436, 40.625113148109264], [-73.77348616522502, 40.62508511816358]]], [[[-73.82337597260663, 40.63898704717677], [-73.8218460425281, 40.632040188437365], [-73.82059122816396, 40.62892422501733], [-73.81973384601805, 40.62771230408714], [-73.81796414839563, 40.627105565696844], [-73.81769796593258, 40.62596162249626], [-73.81611483429543, 40.62460465517307], [-73.8167299805857, 40.623871514072604], [-73.81795284720685, 40.62409328011749], [-73.81891708039824, 40.62309026716337], [-73.81889389047457, 40.62262915803269], [-73.81778718310667, 40.621626331776135], [-73.8169700782087, 40.62149155710108], [-73.81653074259579, 40.62200251874803], [-73.81571468044605, 40.62148955151697], [-73.81543174704264, 40.62011653124224], [-73.81718053878453, 40.61926727449323], [-73.81777429834523, 40.617501121695675], [-73.81711893622217, 40.61528219234549], [-73.81652681189121, 40.61494700958009], [-73.82141601599992, 40.61505476299997], [-73.82379847999995, 40.612129420999985], [-73.8238246859766, 40.61149866495511], [-73.82410048459042, 40.612319568794526], [-73.82432166316987, 40.612588470367314], [-73.82467451637949, 40.61241991412264], [-73.82468584347531, 40.61307641875664], [-73.82575322105271, 40.61419208154012], [-73.82725636632989, 40.61337871412459], [-73.82787525471795, 40.61369762859843], [-73.82724153726997, 40.614065020571964], [-73.82750222609539, 40.61420466672027], [-73.82845503182496, 40.61421603915176], [-73.83054575285917, 40.6149330607807], [-73.8314812223769, 40.615006311228186], [-73.83434168122284, 40.61436543719747], [-73.83542288683323, 40.614610454435834], [-73.83585572623771, 40.61520899905298], [-73.83779167484144, 40.6155596503429], [-73.83594162529523, 40.616545261917175], [-73.83496222645587, 40.6177803088118], [-73.83497585229192, 40.61859185621795], [-73.83574706558578, 40.61961152632985], [-73.83551236293482, 40.61995810614532], [-73.83495815063702, 40.61983928773376], [-73.83510471762443, 40.61949783402083], [-73.83477206006914, 40.61984414546826], [-73.83531201853388, 40.62014537181388], [-73.8346451380572, 40.621997727389754], [-73.83534733990399, 40.62369577884396], [-73.83514355859735, 40.6254870827967], [-73.83342230809956, 40.62678198346212], [-73.83464377224975, 40.627427079424415], [-73.83304100907748, 40.62826127106064], [-73.83289548956779, 40.628903478733015], [-73.83196080768154, 40.629652729879396], [-73.83115393179625, 40.63256052752955], [-73.83340607979227, 40.638501355899], [-73.8322165881916, 40.63892849022083], [-73.82866782109734, 40.636614718448], [-73.82808567353285, 40.63587972683658], [-73.8254739404821, 40.63579501939499], [-73.82443032497055, 40.63621652104083], [-73.82413577690048, 40.63878799670459], [-73.82457379890309, 40.63935387323926], [-73.82419327293157, 40.6399532744878], [-73.82337597260663, 40.63898704717677]]], [[[-73.79811872226199, 40.63103750926114], [-73.79119486069375, 40.63414821967488], [-73.7908111127525, 40.63431035575531], [-73.79811872226199, 40.63103750926114]]]]}}, {"id": "2", "type": "Feature", "properties": {"taxi_zone_id": 3, "zone": "Allerton/Pelham Gardens", "borough": "Bronx"}, "geometry": {"type": "Polygon", "coordinates": [[[-73.84792614099985, 40.871342233999954], [-73.83089329699999, 40.862212848999974], [-73.82950892699994, 40.8618412129999], [-73.82847346699994, 40.860731352999956], [-73.829874887, 40.859740419999945], [-73.83681918499988, 40.85727680899992], [-73.84739746999989, 40.85868254599998], [-73.8566377469999, 40.85811917199993], [-73.85735319699984, 40.85971160599998], [-73.85780378799993, 40.86303621699991], [-73.85961281199982, 40.865512717999906], [-73.86156274099987, 40.86554946399995], [-73.86137924099984, 40.871336511999935], [-73.85661382499993, 40.87125016699994], [-73.85651292399993, 40.87421779300001], [-73.84792614099985, 40.871342233999954]]]}}, {"id": "3", "type": "Feature", "properties": {"taxi_zone_id": 4, "zone": "Alphabet City", "borough": "Manhattan"}, "geometry": {"type": "Polygon", "coordinates": [[[-73.97162697285862, 40.72662845299847], [-73.97347975574512, 40.71886142911289], [-73.97722379199992, 40.719309774999964], [-73.9838238729998, 40.721472871999914], [-73.97802697999985, 40.72943306000003], [-73.97205015299988, 40.72688094599993], [-73.97162697285862, 40.72662845299847]]]}}, {"id": "4", "type": "Feature", "properties": {"taxi_zone_id": 5, "zone": "Arden Heights", "borough": "Staten Island"}, "geometry": {"type": "Polygon", "coordinates": [[[-74.18180816599994, 40.565384578999954], [-74.17185166499996, 40.56152092299994], [-74.17512402999996, 40.55762003799997], [-74.18018524699995, 40.54837960899996], [-74.18903145199995, 40.53815934199993], [-74.19135323799996, 40.53666485899986], [-74.19377169299999, 40.53583384699998], [-74.19985031599995, 40.54813241899994], [-74.2032648999999, 40.555628476999935], [-74.20314825999996, 40.5560617849999], [-74.20168314599995, 40.555875692999976], [-74.20046730799992, 40.55623049099992], [-74.19317388399995, 40.56260434399996], [-74.19101021699996, 40.56256940199996], [-74.18947754599994, 40.56358098999996], [-74.18525395999991, 40.56454935499996], [-74.18340311699991, 40.56540496199998], [-74.18180816599994, 40.565384578999954]]]}}, {"id": "5", "type": "Feature", "properties": {"taxi_zone_id": 6, "zone": "Arrochar/Fort Wadsworth", "borough": "Staten Island"}, "geometry": {"type": "Polygon", "coordinates": [[[-74.06367318899999, 40.60219816599997], [-74.0651709129999, 40.60421350799995], [-74.05685812390232, 40.60805635777259], [-74.0560104141088, 40.60678056613203], [-74.05552126122357, 40.60648289256875], [-74.05516001122314, 40.60673049135089], [-74.055059740958, 40.6062654204529], [-74.05381069805436, 40.605912718853034], [-74.05360729740819, 40.60523880941778], [-74.0540203995905, 40.60493472091638], [-74.05303330741077, 40.601466470699116], [-74.0534070583946, 40.60052266104396], [-74.05222826954189, 40.59977610230368], [-74.05291816194962, 40.59984625717825], [-74.05447422333906, 40.59875553954844], [-74.05964120596147, 40.593709388392995], [-74.06055353637058, 40.593379755423605], [-74.06215274432542, 40.59202504054206], [-74.06503332378131, 40.58899099843522], [-74.06577682899997, 40.590021390999944], [-74.06728410699992, 40.59098620299992], [-74.07043976099992, 40.596734746999914], [-74.07888191699986, 40.59394279099998], [-74.0784669379999, 40.59330001199994], [-74.08173342999991, 40.5921562859999], [-74.08376862299998, 40.59552095699999], [-74.08587511899997, 40.59589012099988], [-74.08497132899997, 40.59732510999989], [-74.08248303399992, 40.598329807999974], [-74.0814942209999, 40.59908199099998], [-74.08116420899995, 40.60020655399999], [-74.08184498199992, 40.601535196999976], [-74.08218729299988, 40.60194100799991], [-74.08383802499996, 40.60192576699998], [-74.08947630599992, 40.60090432199998], [-74.09172051499995, 40.599220856999885], [-74.09288850399999, 40.60126785099995], [-74.09244145299986, 40.604119585999904], [-74.09269213899992, 40.6065138469999], [-74.09045495899996, 40.60909452599996], [-74.08542756299994, 40.60702238999994], [-74.08341933399991, 40.606522508999944], [-74.07656734699997, 40.60612166399995], [-74.07298106899998, 40.6054699299999], [-74.06367318899999, 40.60219816599997]]]}}, {"id": "6", "type": "Feature", "properties": {"taxi_zone_id": 7, "zone": "Astoria", "borough": "Queens"}, "geometry": {"type": "Polygon", "coordinates": [[[-73.90413637799996, 40.76752031699993], [-73.90202516599992, 40.76741678399994], [-73.90779405499987, 40.76051779999997], [-73.90631505099988, 40.75984387599996], [-73.90901259099992, 40.754279815000004], [-73.91023124699991, 40.75297652299991], [-73.91763192900005, 40.75385784899997], [-73.92562743799995, 40.75213724499994], [-73.92415699999985, 40.75396114199989], [-73.93679091699993, 40.75988288099997], [-73.93398092100001, 40.7628259819999], [-73.93700478599986, 40.764239954], [-73.93600532399995, 40.7658848949999], [-73.93858976899998, 40.76681735899994], [-73.93618379699993, 40.76769180099999], [-73.93493511099992, 40.76701302399992], [-73.93344468499993, 40.768817789999964], [-73.92425288799978, 40.764724563999984], [-73.92218946199995, 40.76726735699992], [-73.91977764799998, 40.76615218399994], [-73.91849336999998, 40.767734657], [-73.91995596899991, 40.768440064999886], [-73.91811686499992, 40.770028485999944], [-73.90577352999988, 40.76802858899994], [-73.90413637799996, 40.76752031699993]]]}}, {"id": "7", "type": "Feature", "properties": {"taxi_zone_id": 8, "zone": "Astoria Park", "borough": "Queens"}, "geometry": {"type": "Polygon", "coordinates": [[[-73.92302571499998, 40.77538430899999], [-73.92398142899997, 40.774615111999935], [-73.92827730816353, 40.7768989751622], [-73.92631833401951, 40.778241775092475], [-73.92423363003755, 40.77910119388273], [-73.91996458796496, 40.7826350687683], [-73.91796581399997, 40.78125629099992], [-73.92375761299998, 40.77654701199993], [-73.92302571499998, 40.77538430899999]]]}}, {"id": "8", "type": "Feature", "properties": {"taxi_zone_id": 9, "zone": "Auburndale", "borough": "Queens"}, "geometry": {"type": "Polygon", "coordinates": [[[-73.78571993599994, 40.76292146499989], [-73.78212461999979, 40.75533931199996], [-73.78052037799993, 40.753330742999914], [-73.77573836999991, 40.74332564699996], [-73.78036603499996, 40.742591662999935], [-73.79640218700004, 40.73828235799989], [-73.79725670899992, 40.74021304299996], [-73.79723084999992, 40.74169550699998], [-73.79501285899983, 40.74373704499988], [-73.79445869199989, 40.745436954], [-73.79472264899997, 40.74759932999992], [-73.79729524699995, 40.7494350529999], [-73.7947190109999, 40.750647616999956], [-73.79493246199993, 40.75779802999999], [-73.79031517, 40.75782345099993], [-73.79076004599987, 40.760985768999966], [-73.79343991199988, 40.76076412799998], [-73.79302551399985, 40.764621191999915], [-73.7939591469999, 40.76469531999994], [-73.79317944599984, 40.770403177999945], [-73.78836856600003, 40.76443842899993], [-73.78571993599994, 40.76292146499989]]]}}, {"id": "9", "type": "Feature", "properties": {"taxi_zone_id": 10, "zone": "Baisley Park", "borough": "Queens"}, "geometry": {"type": "Polygon", "coordinates": [[[-73.78326624999988, 40.689994292999955], [-73.78234452799988, 40.68840743699998], [-73.78148675699995, 40.68869718299996], [-73.77966850599998, 40.68537712299999], [-73.77699767599997, 40.68628268899994], [-73.77418414899984, 40.68323792099995], [-73.77328703999997, 40.68345473099993], [-73.77220275299987, 40.68161033899995], [-73.7777421129999, 40.6794465759999], [-73.78025859499995, 40.67784092399994], [-73.78397384099986, 40.67511760900001], [-73.78573730899993, 40.67238503499992], [-73.78808647399985, 40.67300962699995], [-73.78940999399991, 40.666841157999976], [-73.79711069, 40.66694966899997], [-73.79919289299993, 40.66651807499994], [-73.80155565300004, 40.66675336399994], [-73.80113236199993, 40.67054866799999], [-73.80142836799988, 40.67366683399993], [-73.80576840199991, 40.68293239099995], [-73.79898209099989, 40.68485873699993], [-73.79995042799996, 40.686827718999965], [-73.79561486799987, 40.68865689099996], [-73.793908417, 40.68630469099988], [-73.79038468299986, 40.68775361399993], [-73.78326624999988, 40.689994292999955]]]}}, {"id": "10", "type": "Feature", "properties": {"taxi_zone_id": 11, "zone": "Bath Beach", "borough": "Brooklyn"}, "geometry": {"type": "Polygon", "coordinates": [[[-74.00493448899992, 40.60507440599992], [-74.00032353799993, 40.60262029199998], [-74.00002266099992, 40.60290731599992], [-73.99559320799995, 40.600232221999924], [-74.00200394754667, 40.59413237113784], [-74.00328997205449, 40.595764667918125], [-74.00552621986131, 40.59753915407075], [-74.01041238886523, 40.60047518174626], [-74.01478363716735, 40.60208210297085], [-74.01832347216846, 40.60241765113054], [-74.01942760861903, 40.602871578425315], [-74.01549854999998, 40.606841523999975], [-74.01701910199995, 40.60765441699997], [-74.01050403599997, 40.61389661099991], [-74.00094408399997, 40.60863970999992], [-74.00493448899992, 40.60507440599992]]]}}, {"id": "11", "type": "Feature", "properties": {"taxi_zone_id": 12, "zone": "Battery Park", "borough": "Manhattan"}, "geometry": {"type": "Polygon", "coordinates": [[[-74.01668613099999, 40.70479933799998], [-74.01425861399994, 40.704489442999936], [-74.01442983199998, 40.703150647999955], [-74.01376867799992, 40.70114326299995], [-74.01415893499998, 40.70109628999993], [-74.01395152778244, 40.70099098222996], [-74.014220631955, 40.70011149186834], [-74.01428920741124, 40.700644144765135], [-74.01467119992019, 40.700210401699735], [-74.01432384363005, 40.700661304127195], [-74.01464323234902, 40.70081730432515], [-74.0150681826931, 40.70031825755499], [-74.0150983227013, 40.7003342655235], [-74.014673656285, 40.700834609531015], [-74.01613890635998, 40.701646017102746], [-74.0176479750685, 40.7034945998796], [-74.01757035703022, 40.704183880993206], [-74.01668613099999, 40.70479933799998]]]}}, {"id": "12", "type": "Feature", "properties": {"taxi_zone_id": 13, "zone": "Battery Park City", "borough": "Manhattan"}, "geometry": {"type": "Polygon", "coordinates": [[[-74.01244109299991, 40.71905767299995], [-74.01495415399995, 40.70943269199998], [-74.01668714699993, 40.70474394199992], [-74.01781758697946, 40.7039379224967], [-74.01784441106724, 40.70424203993794], [-74.01844770243774, 40.704162168231626], [-74.01866830837966, 40.70443524062129], [-74.01748086152578, 40.704667487696206], [-74.01888746649365, 40.70472914883742], [-74.01934254624483, 40.706093673029756], [-74.019122759634, 40.706975814337454], [-74.01863058372689, 40.70713971526932], [-74.01884889814508, 40.70697031235027], [-74.01853513269664, 40.70691832201411], [-74.01819029259642, 40.70782162611003], [-74.01885500911972, 40.70804753444739], [-74.01777014254499, 40.71283457478919], [-74.01780037888389, 40.71234512415869], [-74.01662424425285, 40.71215731899534], [-74.01632006627581, 40.71340798247829], [-74.01754443334657, 40.71361122266431], [-74.01772496219284, 40.71307018162278], [-74.01671018605829, 40.71862417605804], [-74.01321322719183, 40.71831571989585], [-74.01303068113208, 40.71913145590958], [-74.01244109299991, 40.71905767299995]]]}}, {"id": "13", "type": "Feature", "properties": {"taxi_zone_id": 14, "zone": "Bay Ridge", "borough": "Brooklyn"}, "geometry": {"type": "Polygon", "coordinates": [[[-74.03407329297129, 40.64431393298187], [-74.02905968899994, 40.641726672999965], [-74.02890829899998, 40.64117341099996], [-74.02626267299999, 40.64009438099992], [-74.02695244699993, 40.63944606500002], [-74.02475437599998, 40.63812141799995], [-74.02321780199998, 40.63990151499994], [-74.02108051399998, 40.64149093699998], [-74.02176040899997, 40.639824345999905], [-74.02141038399992, 40.638584902999916], [-74.016835401, 40.635355429000015], [-74.0161423149999, 40.634360157999964], [-74.016020101, 40.63331711400001], [-74.01560204999993, 40.633516977999946], [-74.01514630699995, 40.63322193799996], [-74.01970491599991, 40.62218496499993], [-74.020086673, 40.6224209519999], [-74.02525327199992, 40.616678457999996], [-74.02754297299998, 40.61293718299995], [-74.02637609099996, 40.61245060299998], [-74.02710660599995, 40.61024395599995], [-74.02478376299999, 40.609699628999884], [-74.0245785549999, 40.61022330199995], [-74.02430437599992, 40.609456968999964], [-74.02150602899994, 40.60782209899996], [-74.02247769499994, 40.60667421599991], [-74.02078541, 40.605673685999925], [-74.02139467299999, 40.604493997999946], [-74.01869135799996, 40.60360792399998], [-74.01942760861903, 40.602871578425315], [-74.0210166299108, 40.603555553160994], [-74.03005146547684, 40.604759173812006], [-74.03213159551309, 40.605901836264295], [-74.03603977777905, 40.60929563900189], [-74.03691628433882, 40.61118079106553], [-74.039205576474, 40.61343951273373], [-74.04038132338673, 40.615341782328485], [-74.04161740773601, 40.62056271454582], [-74.04189123741789, 40.62406041492984], [-74.04108656611493, 40.63009852389531], [-74.03680662048858, 40.6389842215456], [-74.03876297920752, 40.63958825898057], [-74.03672484374877, 40.63914119020673], [-74.03571276150724, 40.64064015404652], [-74.03675840317513, 40.64161176271399], [-74.03407329297129, 40.64431393298187]]]}}, {"id": "14", "type": "Feature", "properties": {"taxi_zone_id": 15, "zone": "Bay Terrace/Fort Totten", "borough": "Queens"}, "geometry": {"type": "Polygon", "coordinates": [[[-73.7774039129087, 40.796598241267866], [-73.77613963747997, 40.796071546282576], [-73.77437784429107, 40.794495188274546], [-73.77363248188914, 40.79274975621511], [-73.7723264817354, 40.79148082462653], [-73.77213292826468, 40.79017877433449], [-73.77063124537418, 40.78846290603721], [-73.77173756350666, 40.787463608911864], [-73.77426836058959, 40.78675665865479], [-73.7742301148687, 40.787065041675994], [-73.77633728818715, 40.78848722575381], [-73.77426466694423, 40.78665122914524], [-73.77407638297778, 40.78591728401927], [-73.76820055460033, 40.77944417919102], [-73.76702392346498, 40.780086234158304], [-73.76677570373937, 40.77981245869838], [-73.76816173051576, 40.77939682124205], [-73.76782207615057, 40.778810376156684], [-73.76833788999983, 40.77868252499995], [-73.7685730499999, 40.77910542899996], [-73.77553732199992, 40.777025597999966], [-73.77583958299994, 40.77861237199992], [-73.79163526099994, 40.77423865599993], [-73.7936523029999, 40.77336043899994], [-73.79565702099984, 40.77303608599996], [-73.79741522800005, 40.77401031899991], [-73.79853009399987, 40.77519072899996], [-73.80379022899989, 40.77561011199996], [-73.80242791699987, 40.78606827399993], [-73.7978420549998, 40.78589425899993], [-73.79491977600001, 40.78633880799991], [-73.79058298999988, 40.78819290999995], [-73.79179280401884, 40.789351616549304], [-73.79028202353196, 40.7903169633998], [-73.78568101301406, 40.79034067166004], [-73.7838384251435, 40.79064095467156], [-73.7825308066352, 40.791276789431954], [-73.78434153059591, 40.791749353794906], [-73.78174708763096, 40.79113340664451], [-73.78107845970229, 40.79167732177909], [-73.78077503139015, 40.79299070534057], [-73.78166011555379, 40.79348202031307], [-73.7807243506983, 40.79333361882425], [-73.78079182072646, 40.79403591986441], [-73.78190385421033, 40.79490120389419], [-73.78325271025878, 40.794920329765986], [-73.78200326103362, 40.79497546250363], [-73.78154150032744, 40.795659737320015], [-73.7798030505206, 40.79620552893682], [-73.77936246804822, 40.79668539253495], [-73.7774039129087, 40.796598241267866]]]}}, {"id": "15", "type": "Feature", "properties": {"taxi_zone_id": 16, "zone": "Bayside", "borough": "Queens"}, "geometry": {"type": "Polygon", "coordinates": [[[-73.7685730499999, 40.77910542899996], [-73.76833788999983, 40.77868252499995], [-73.76782207615057, 40.778810376156684], [-73.76709113484746, 40.77684484110923], [-73.76510436820205, 40.773799038723084], [-73.75893512093685, 40.768334328516005], [-73.75864264358073, 40.76735717003548], [-73.75787030567056, 40.76694642845218], [-73.7573902080387, 40.76716667235852], [-73.75650071937817, 40.766344505018154], [-73.75547310439798, 40.76636558041655], [-73.75377036482266, 40.76530463124147], [-73.75567226899989, 40.7646911489999], [-73.75921689799992, 40.764324855999945], [-73.75886431399988, 40.76327454099997], [-73.75844672099987, 40.76411514599992], [-73.75784858699993, 40.762566799999966], [-73.75848075099995, 40.76199473699995], [-73.75800131799996, 40.76037986699993], [-73.76239510499991, 40.75949699799993], [-73.76176692899985, 40.7572788019999], [-73.76184343999986, 40.75553726899991], [-73.76080194199993, 40.754547730000006], [-73.75996192099981, 40.75277744699989], [-73.75910049199996, 40.752253821000004], [-73.75684127399991, 40.74932207699991], [-73.76073612099987, 40.74773738499998], [-73.76857701199981, 40.745522203999954], [-73.7724146099999, 40.74388484499995], [-73.77573836999991, 40.74332564699996], [-73.78052037799993, 40.753330742999914], [-73.78212461999979, 40.75533931199996], [-73.78428991899993, 40.75944029899996], [-73.78546383099984, 40.76259192499996], [-73.78836856600003, 40.76443842899993], [-73.79565702099984, 40.77303608599996], [-73.7936523029999, 40.77336043899994], [-73.79163526099994, 40.77423865599993], [-73.77678363299991, 40.77840958299992], [-73.77583958299994, 40.77861237199992], [-73.77553732199992, 40.777025597999966], [-73.7685730499999, 40.77910542899996]]]}}, {"id": "16", "type": "Feature", "properties": {"taxi_zone_id": 17, "zone": "Bedford", "borough": "Brooklyn"}, "geometry": {"type": "Polygon", "coordinates": [[[-73.94705205299991, 40.70366394899991], [-73.94193078899983, 40.70072523399994], [-73.94438788599986, 40.700424522999974], [-73.94032794, 40.679889974999924], [-73.9533701749999, 40.68064050799995], [-73.95468418899998, 40.687244853999914], [-73.95956770199984, 40.68668255499999], [-73.96029281699998, 40.690346249999976], [-73.95541057999996, 40.69090829199998], [-73.95614239299985, 40.694579018999946], [-73.96015854699986, 40.69411730899997], [-73.96105100699991, 40.69832607899995], [-73.95701993199991, 40.69897391399997], [-73.95745736399992, 40.70082260299997], [-73.95381196900003, 40.70318097999995], [-73.95128819399989, 40.700922364999904], [-73.94705205299991, 40.70366394899991]]]}}, {"id": "17", "type": "Feature", "properties": {"taxi_zone_id": 18, "zone": "Bedford Park", "borough": "Bronx"}, "geometry": {"type": "Polygon", "coordinates": [[[-73.88146889699983, 40.868573645999966], [-73.8881227879999, 40.86425457099992], [-73.8888956609999, 40.86475415299992], [-73.89177188799992, 40.86187171599995], [-73.89138023399983, 40.861700587999955], [-73.89381026099987, 40.85898656499999], [-73.8946932639999, 40.85942628199995], [-73.89573924699978, 40.858138206999904], [-73.89883814599983, 40.85930730799995], [-73.897143798, 40.86244506499995], [-73.89943670799998, 40.86211691199989], [-73.90107966999994, 40.862756382999954], [-73.8974032329998, 40.86747418999995], [-73.89438130299993, 40.866068851000016], [-73.89157400099995, 40.869684252000006], [-73.88785196299986, 40.872114175999926], [-73.88937163799983, 40.87338229799995], [-73.88773577599993, 40.877033881999914], [-73.88527683199987, 40.879217668999935], [-73.88345579299984, 40.87605609499998], [-73.883400353, 40.87394662600003], [-73.88255391499996, 40.87245728799996], [-73.88146889699983, 40.868573645999966]]]}}, {"id": "18", "type": "Feature", "properties": {"taxi_zone_id": 19, "zone": "Bellerose", "borough": "Queens"}, "geometry": {"type": "Polygon", "coordinates": [[[-73.72339596299987, 40.75038907599989], [-73.72258571899978, 40.74885045099994], [-73.72010148299994, 40.74977568599995], [-73.71544946799989, 40.73921680399998], [-73.71147804899985, 40.732501400999936], [-73.71075217299996, 40.73052537499995], [-73.71049995381028, 40.72722708720666], [-73.71828706789265, 40.726041111135224], [-73.72816233910696, 40.723084139891334], [-73.72836415399993, 40.723614351999906], [-73.72990512499977, 40.72327249500001], [-73.7314721509999, 40.72741179499996], [-73.74555667199989, 40.730636897999986], [-73.74649162199997, 40.731414588999925], [-73.74672140400004, 40.73247715099994], [-73.742947859, 40.73545655199997], [-73.73901210399985, 40.73974647900001], [-73.73375484899985, 40.742747628000025], [-73.7310646189999, 40.74488837599992], [-73.728962516, 40.747632887999906], [-73.72829094199989, 40.74745895699995], [-73.727664654, 40.749654641999975], [-73.72627213299992, 40.749306490999906], [-73.72339596299987, 40.75038907599989]]]}}, {"id": "19", "type": "Feature", "properties": {"taxi_zone_id": 20, "zone": "Belmont", "borough": "Bronx"}, "geometry": {"type": "Polygon", "coordinates": [[[-73.88386792099986, 40.86429088899995], [-73.88092572600007, 40.86116228799997], [-73.88060896899991, 40.860357092999934], [-73.88100678999979, 40.85826802299998], [-73.88073042799992, 40.85667660499995], [-73.88311982600001, 40.84822109199997], [-73.88987871399985, 40.85207022099996], [-73.88960978099986, 40.85362187999998], [-73.89109710400002, 40.85677981399993], [-73.89112568799987, 40.86006182499999], [-73.89027555599993, 40.861109073], [-73.89177188799992, 40.86187171599995], [-73.8888956609999, 40.86475415299992], [-73.8881227879999, 40.86425457099992], [-73.8868331699999, 40.86538999299992], [-73.88362518100003, 40.86725758799995], [-73.882676247, 40.86608914099991], [-73.88376749199992, 40.86531475299998], [-73.88386792099986, 40.86429088899995]]]}}, {"id": "20", "type": "Feature", "properties": {"taxi_zone_id": 21, "zone": "Bensonhurst East", "borough": "Brooklyn"}, "geometry": {"type": "Polygon", "coordinates": [[[-73.97477658, 40.61263847499995], [-73.97403097799986, 40.60870230999995], [-73.97299433999983, 40.6088141419999], [-73.97217742800002, 40.60419471199992], [-73.97291116900001, 40.59931580400001], [-73.9719108049999, 40.599423058999925], [-73.97148350899987, 40.597171584999984], [-73.98035785499995, 40.59619154099995], [-73.97995443499985, 40.594073811999955], [-73.98463965399982, 40.59355217599993], [-73.98601936799993, 40.594446048999934], [-73.98962150099992, 40.59098199299998], [-73.99036425099996, 40.591431931999985], [-73.99153934399993, 40.59039090299995], [-73.99330855, 40.58958389899999], [-73.99375761899992, 40.5903318439999], [-73.99801867061471, 40.58842540002058], [-73.99867293375554, 40.589195549939625], [-73.99923690396953, 40.588935328269066], [-73.99946446811052, 40.58923326938068], [-73.99837834882115, 40.589770445088575], [-73.99883618014556, 40.58962548954234], [-73.99844387079486, 40.589860399177624], [-73.99877800589593, 40.590314355341924], [-73.99844325936856, 40.59024010549447], [-73.99710730365224, 40.5913907559431], [-73.99722828062708, 40.59165447187033], [-73.99806438267662, 40.591209464731485], [-73.99728269703776, 40.59171481486814], [-73.99754851058395, 40.591917579175565], [-73.99916761862079, 40.59114913581578], [-74.00004314944917, 40.59120428665465], [-74.00023253344592, 40.59153130855938], [-73.99900651177178, 40.59234777939976], [-73.99948304886182, 40.592969199948804], [-73.99736802499984, 40.593974311000025], [-73.99633951299984, 40.59362247499999], [-73.99530829599992, 40.594427586999934], [-73.99674706899995, 40.595643125999956], [-73.9868476259999, 40.60509723599999], [-73.98913191499994, 40.60645613699995], [-73.97963821799982, 40.61556454699995], [-73.97477658, 40.61263847499995]]]}}, {"id": "21", "type": "Feature", "properties": {"taxi_zone_id": 22, "zone": "Bensonhurst West", "borough": "Brooklyn"}, "geometry": {"type": "Polygon", "coordinates": [[[-73.99678847599995, 40.62682605099992], [-73.9856935779999, 40.620131513999944], [-73.98627524699981, 40.619566616999926], [-73.97963821799982, 40.61556454699995], [-73.98913191499994, 40.60645613699995], [-73.9868476259999, 40.60509723599999], [-73.99674706899995, 40.595643125999956], [-73.99530829599992, 40.594427586999934], [-73.99633951299984, 40.59362247499999], [-73.99736802499984, 40.593974311000025], [-74.00105748445709, 40.59253700506234], [-74.00200394804673, 40.59413237113785], [-73.99559320799995, 40.600232221999924], [-74.00002266099992, 40.60290731599992], [-74.00032353899996, 40.60262029199998], [-74.00493448899992, 40.60507440599992], [-74.00094408399997, 40.60863970999992], [-74.01050403599997, 40.61389661099991], [-73.99932090299998, 40.62465524699999], [-73.99771358999998, 40.623680270000015], [-73.99678847599995, 40.62682605099992]]]}}, {"id": "22", "type": "Feature", "properties": {"taxi_zone_id": 23, "zone": "Bloomfield/Emerson Hill", "borough": "Staten Island"}, "geometry": {"type": "Polygon", "coordinates": [[[-74.19568609223377, 40.63501686464009], [-74.17993706099998, 40.62660129699994], [-74.17459706299995, 40.62236401099991], [-74.17236260999994, 40.62163579899994], [-74.16808086299993, 40.620936255999936], [-74.16163010299996, 40.617934935999926], [-74.15018666499996, 40.609497810999954], [-74.14954343599997, 40.609627171999904], [-74.14690609299997, 40.60846833999991], [-74.14391816399994, 40.60798983699991], [-74.13215051199998, 40.60855196399998], [-74.13210459699991, 40.608152923999974], [-74.13094002299995, 40.608214311999895], [-74.12650911499995, 40.608662907999914], [-74.12135179599994, 40.60976526799994], [-74.12116879899992, 40.608834375999926], [-74.117424665, 40.60928900899995], [-74.11706965299993, 40.608206249999974], [-74.11587716399993, 40.60725747099989], [-74.11487058499988, 40.6021366599999], [-74.12059546299996, 40.60180975799993], [-74.12070424299995, 40.600705980999926], [-74.12506115499997, 40.59818005599991], [-74.13091909399999, 40.59885504799993], [-74.13385485799995, 40.59635784599994], [-74.13639761399997, 40.591973456999945], [-74.13864458599996, 40.58906080499993], [-74.14790576499992, 40.58855634599997], [-74.16025756099997, 40.595343937999935], [-74.16189940599996, 40.59529877099999], [-74.1623107339999, 40.59360803399998], [-74.16369888199995, 40.59225833899998], [-74.16360268199993, 40.59337419899991], [-74.166390049, 40.593737925999946], [-74.16886362399997, 40.59472808699998], [-74.16719634899995, 40.602075311999954], [-74.17122684699991, 40.60249861199992], [-74.17260229799992, 40.602971490999984], [-74.17488959499995, 40.60221657299998], [-74.17822457299992, 40.59982806099993], [-74.17932277499995, 40.59676057899989], [-74.18730248699987, 40.58848822199995], [-74.185371048, 40.58745101499993], [-74.18760054199991, 40.586902766999934], [-74.18877046599995, 40.586005800999914], [-74.19078902199995, 40.585188366999965], [-74.19131783599987, 40.585704488999994], [-74.1923211319999, 40.58491324199994], [-74.19251747899993, 40.58515898199992], [-74.1942326139999, 40.58514680599995], [-74.19964981299998, 40.582262625999945], [-74.20048848899994, 40.57994977799995], [-74.2035415069999, 40.580436098], [-74.20583829199992, 40.57984126099995], [-74.20599255081491, 40.58041038393595], [-74.20508136987225, 40.581599468802686], [-74.20440076433692, 40.583712945841924], [-74.20463390208104, 40.58432323880136], [-74.20411999295422, 40.58585920699768], [-74.20458065694802, 40.588217603682665], [-74.20412200974495, 40.58888147441255], [-74.20432302142382, 40.58913661747333], [-74.20470529848622, 40.58877237083058], [-74.204646089432, 40.5892857454659], [-74.2038588660927, 40.590249525361685], [-74.20388550456512, 40.58978611074143], [-74.20201405533584, 40.59089579962761], [-74.20246775956575, 40.590838824857364], [-74.20305254911503, 40.591140541809835], [-74.20202733920699, 40.590999079292], [-74.20184092914558, 40.591636483381926], [-74.20200349813028, 40.59178076479506], [-74.20230284591744, 40.59146932177434], [-74.2023164576832, 40.5915239651027], [-74.20092540496347, 40.59286637930492], [-74.2004712682456, 40.59281175207511], [-74.19974060969567, 40.593564669243314], [-74.19751357718701, 40.596798986036816], [-74.1973059170801, 40.59805935586235], [-74.19875958205294, 40.601711975176286], [-74.20221849851052, 40.605969679616486], [-74.20281628374595, 40.60827082796738], [-74.20244374449518, 40.61328469393203], [-74.2003834842897, 40.61642809824382], [-74.20091423238277, 40.6177988223986], [-74.20035203856247, 40.61834219855474], [-74.20083991450633, 40.61880430260732], [-74.2010699746938, 40.620381540777636], [-74.2004280019192, 40.62049541101687], [-74.2008733158235, 40.620591155726316], [-74.20143239998035, 40.6216126089654], [-74.20127534263133, 40.62268827628609], [-74.20163201104123, 40.6231215654574], [-74.20107662790329, 40.624078346589805], [-74.20106080033608, 40.62589518001207], [-74.20141670667907, 40.62607051389571], [-74.20098625499442, 40.6293441481076], [-74.20042573785118, 40.6298211659534], [-74.20040812771613, 40.630250100694596], [-74.20077355840719, 40.63024597590626], [-74.2007872998309, 40.6303462744679], [-74.20040311643059, 40.630292362267376], [-74.20040380373977, 40.631445820694054], [-74.19834358263705, 40.633141487707555], [-74.19728675222868, 40.6332919310821], [-74.19719319610093, 40.63388231744668], [-74.19646965159124, 40.63413553368539], [-74.19568609223377, 40.63501686464009]]]}}, {"id": "23", "type": "Feature", "properties": {"taxi_zone_id": 24, "zone": "Bloomingdale", "borough": "Manhattan"}, "geometry": {"type": "Polygon", "coordinates": [[[-73.95817297099987, 40.80058254099989], [-73.96004456499999, 40.79804123499994], [-73.97287179090726, 40.803356187573954], [-73.97110765876137, 40.80579013958968], [-73.95817297099987, 40.80058254099989]]]}}, {"id": "24", "type": "Feature", "properties": {"taxi_zone_id": 25, "zone": "Boerum Hill", "borough": "Brooklyn"}, "geometry": {"type": "Polygon", "coordinates": [[[-73.98902944799994, 40.69212386099993], [-73.98092822899991, 40.6889024769999], [-73.97804289599988, 40.684856614999916], [-73.98175642299985, 40.67931462399992], [-73.98610388199985, 40.68100852199999], [-73.98653302999993, 40.68037263899995], [-73.9876680399999, 40.68081780999999], [-73.98722413899985, 40.68144730199992], [-73.99490113599975, 40.684430237999955], [-73.99236366999985, 40.68969012399996], [-73.99054474599986, 40.689168104999986], [-73.98930768499997, 40.69099168799996], [-73.98902944799994, 40.69212386099993]]]}}, {"id": "25", "type": "Feature", "properties": {"taxi_zone_id": 26, "zone": "Borough Park", "borough": "Brooklyn"}, "geometry": {"type": "Polygon", "coordinates": [[[-73.98834986699991, 40.64456224399998], [-73.98299419199992, 40.64132499699993], [-73.98042057899988, 40.64238522699997], [-73.97911188699993, 40.63544038599994], [-73.9768886119999, 40.63567486199995], [-73.97604935699994, 40.63127590599991], [-73.97716511999984, 40.63074665399992], [-73.97623453700001, 40.625976349999924], [-73.9772614999999, 40.625852772999956], [-73.97656583899989, 40.62199490299996], [-73.97705352899999, 40.621532521999896], [-73.97539380499998, 40.62076998699999], [-73.97785009299986, 40.61728760599995], [-73.97537335500002, 40.61575472199992], [-73.97548096999985, 40.61631192499994], [-73.97335879399992, 40.616541714999954], [-73.97290326899996, 40.6141529679999], [-73.97399319500002, 40.61402989399997], [-73.97517176999992, 40.61472418599994], [-73.97477658, 40.61263847499995], [-73.98627524699981, 40.619566616999926], [-73.9856935779999, 40.620131513999944], [-73.99489280599995, 40.62546179399995], [-73.99464972999995, 40.625697178999964], [-73.99678847599995, 40.62682605099992], [-73.99724067099987, 40.62528868699997], [-74.00251454799997, 40.628474209999915], [-74.00193011399998, 40.62903276699994], [-74.00702302499997, 40.63210999499999], [-74.00556490399993, 40.633083175999936], [-74.00735636699996, 40.63416362699994], [-73.99917564799992, 40.642025441999884], [-73.9955103369999, 40.63980966699996], [-73.98834986699991, 40.64456224399998]]]}}, {"id": "26", "type": "Feature", "properties": {"taxi_zone_id": 27, "zone": "Breezy Point/Fort Tilden/Riis Beach", "borough": "Queens"}, "geometry": {"type": "Polygon", "coordinates": [[[-73.86662812000003, 40.57305764899995], [-73.86454176099993, 40.569242921999965], [-73.86410310099991, 40.56935460999998], [-73.86268391251235, 40.566505656043574], [-73.86349306360215, 40.56703431173405], [-73.86553757257411, 40.56657161043741], [-73.86661720554638, 40.566091942910376], [-73.86630941232445, 40.565546064124845], [-73.86688401059845, 40.56608397627611], [-73.8684869484588, 40.565527010301615], [-73.8682511755017, 40.56506948945966], [-73.868623218271, 40.56553800877501], [-73.87062214815259, 40.56481330949416], [-73.87027588464693, 40.56417465359743], [-73.87091316206462, 40.56476458551076], [-73.87263971280453, 40.564084184026804], [-73.87237878047286, 40.56357511656156], [-73.8727492548171, 40.56410955604116], [-73.87321952830247, 40.564063906185666], [-73.88029675110954, 40.561374955249484], [-73.88128249221315, 40.56137213387958], [-73.88237441679736, 40.56076043080984], [-73.88324741562234, 40.560855921485235], [-73.88697510801153, 40.55940048299855], [-73.88789256106391, 40.55951065137957], [-73.89213864396103, 40.557871541996604], [-73.89252745099384, 40.558119293542575], [-73.89347065050556, 40.55794557863867], [-73.8949181726631, 40.55707879629833], [-73.89551188771064, 40.5574142701497], [-73.89707956116763, 40.55665743308468], [-73.89799514796813, 40.55710213718022], [-73.90058060462704, 40.556432922907746], [-73.90124279535341, 40.556761424307254], [-73.9027942267973, 40.5567329950956], [-73.906585749239, 40.55571062537734], [-73.9404740385729, 40.542850072149214], [-73.94073681682696, 40.5418200870776], [-73.94012975795786, 40.54800256129357], [-73.94065273238446, 40.552497817400635], [-73.93985107460422, 40.554560053745966], [-73.93830493156165, 40.55591008475872], [-73.9357061256084, 40.55722454588339], [-73.93340252623442, 40.557351465622425], [-73.93192118670594, 40.557819319455085], [-73.9261572327542, 40.561552609723115], [-73.92421461302578, 40.562001318824855], [-73.92107822881388, 40.56207985288489], [-73.92036810280446, 40.562218832467636], [-73.9202596317294, 40.56261229356115], [-73.92033120142663, 40.56222605488665], [-73.91766081900091, 40.56282614968645], [-73.91455336961286, 40.56435343243384], [-73.91188319663009, 40.56499040523871], [-73.91216181893262, 40.56583625156807], [-73.91197024752503, 40.5658694175325], [-73.91185809029383, 40.56499543800326], [-73.91079817683057, 40.56511099583154], [-73.91003762905792, 40.564793710601954], [-73.90977170611873, 40.56530540530758], [-73.90971684925964, 40.56528742546123], [-73.91002307642118, 40.564780209538505], [-73.90976258436969, 40.56428483692819], [-73.9087254513683, 40.56393129153761], [-73.9079482148663, 40.56415832398439], [-73.90797551796078, 40.5635557221131], [-73.90683894638656, 40.56285635934461], [-73.90549533617256, 40.56276575778525], [-73.90290669727533, 40.56347851099419], [-73.90220568630893, 40.56296548587069], [-73.90121507272005, 40.563008460632396], [-73.89628126208979, 40.56523272170745], [-73.89533259419743, 40.566340904174], [-73.89565980661514, 40.56705946098034], [-73.89261013445609, 40.568587247286715], [-73.88911103072223, 40.56791623669095], [-73.88430973105297, 40.5686961195387], [-73.8848870712472, 40.5684702056687], [-73.88433684774819, 40.568487934478036], [-73.88473689799127, 40.568268513240675], [-73.88445665776179, 40.567895763405986], [-73.88379103703075, 40.568123911324506], [-73.88402340092412, 40.56850311561088], [-73.88357670672721, 40.56820976975427], [-73.88390427884407, 40.56890620425924], [-73.88336927316277, 40.568331859248296], [-73.88192258910135, 40.56873144152558], [-73.87780808995733, 40.568800630063194], [-73.86288301945429, 40.576059761127354], [-73.86396642099993, 40.5750267869999], [-73.86340629400003, 40.5741143309999], [-73.86361132999997, 40.573823056999906], [-73.86662812000003, 40.57305764899995]]]}}, {"id": "27", "type": "Feature", "properties": {"taxi_zone_id": 28, "zone": "Briarwood/Jamaica Hills", "borough": "Queens"}, "geometry": {"type": "Polygon", "coordinates": [[[-73.79240413399991, 40.71619304099997], [-73.79362091299996, 40.71397534699996], [-73.79303800099989, 40.71071107499993], [-73.79776810199989, 40.70914318799992], [-73.79870150699992, 40.710663376999904], [-73.80130625, 40.709742149000014], [-73.80302414799988, 40.708139657], [-73.80165725599994, 40.70576147499989], [-73.8056477309999, 40.70467172799998], [-73.80694856299992, 40.707367099999956], [-73.81201248599982, 40.705944944999985], [-73.81152856899989, 40.70227287499996], [-73.81637824499992, 40.70245196399992], [-73.82045236499991, 40.70977454899996], [-73.82363860699984, 40.712666643999945], [-73.82591945199992, 40.71598987599999], [-73.82524731699984, 40.71645544499993], [-73.8218741769999, 40.716917117999884], [-73.81720417899986, 40.71584072799999], [-73.80494148499987, 40.715996231000005], [-73.8002167269999, 40.71673785899992], [-73.79315493500002, 40.71891757899989], [-73.79073248899982, 40.71920875699991], [-73.79201376599997, 40.71796768699998], [-73.79240413399991, 40.71619304099997]]]}}, {"id": "28", "type": "Feature", "properties": {"taxi_zone_id": 29, "zone": "Brighton Beach", "borough": "Brooklyn"}, "geometry": {"type": "Polygon", "coordinates": [[[-73.96004798699995, 40.58326987200001], [-73.95900739999992, 40.58283812799997], [-73.95703134199992, 40.583035331999994], [-73.95645729099982, 40.58265885099994], [-73.95414287899986, 40.583106139999934], [-73.95235846771321, 40.5742746858453], [-73.95408333385912, 40.574073272183355], [-73.95413360803454, 40.574333267495234], [-73.95569484044364, 40.57432699626326], [-73.95634506681625, 40.57420722198957], [-73.95634533454607, 40.57379757829189], [-73.9565675090591, 40.57417077849296], [-73.95843476359003, 40.57408881554896], [-73.9589663415273, 40.57394726876849], [-73.9589871897255, 40.57343065573193], [-73.95939182223685, 40.57391210937616], [-73.95941778299985, 40.57517798299996], [-73.96471128899991, 40.57478261799988], [-73.96756707299996, 40.57488152699995], [-73.9688899589999, 40.57526123899991], [-73.96514385199995, 40.591101915999964], [-73.9606798409999, 40.591597583000016], [-73.96004798699995, 40.58326987200001]]]}}, {"id": "29", "type": "Feature", "properties": {"taxi_zone_id": 30, "zone": "Broad Channel", "borough": "Queens"}, "geometry": {"type": "Polygon", "coordinates": [[[-73.82075892499992, 40.615232678999945], [-73.81652681189118, 40.614947010080016], [-73.81475287105245, 40.60863279675234], [-73.81598548513719, 40.605733505216165], [-73.81642529961537, 40.60522412378697], [-73.81739192103247, 40.60515812414341], [-73.81725370596759, 40.60394032459462], [-73.81831121077079, 40.60133971235745], [-73.81849066110368, 40.59938955923967], [-73.8192814220081, 40.5975296109383], [-73.81973591782804, 40.597516843134095], [-73.82038406369512, 40.59656876181514], [-73.82071206789055, 40.59517051496215], [-73.82135758260134, 40.59469100912116], [-73.82480251246255, 40.5950831611765], [-73.83048206013673, 40.59458593813556], [-73.83241209682478, 40.59461849281058], [-73.83465599507487, 40.5951684588261], [-73.83439612701622, 40.59646420572128], [-73.83215095202705, 40.597679598146016], [-73.83239364476839, 40.597803353191246], [-73.83154105970068, 40.59795102602753], [-73.83062852189495, 40.59743342586208], [-73.82948341811623, 40.59813394195132], [-73.82909777411142, 40.59776345511034], [-73.82806159687702, 40.59768040282443], [-73.8259798598142, 40.599472067181516], [-73.82556790737216, 40.598548147926564], [-73.82465420648664, 40.59814924685152], [-73.82395871079126, 40.59887689683858], [-73.82421870388677, 40.599074487959186], [-73.82376612290612, 40.60004007091041], [-73.82146929866911, 40.59999372263387], [-73.82443643781227, 40.6003449836748], [-73.82445218054455, 40.60079696284423], [-73.8235113029713, 40.601545771080296], [-73.82357799780264, 40.60227189587529], [-73.82294484720244, 40.60258290923391], [-73.82290283001802, 40.60468726877072], [-73.82246746751217, 40.60552498291135], [-73.8229046338875, 40.60585127721478], [-73.82126470321425, 40.60700285020521], [-73.82003243531851, 40.60892365587916], [-73.81961795381072, 40.61047904103217], [-73.82082274277886, 40.61228099237597], [-73.82128421076361, 40.611096929143045], [-73.82048700610763, 40.61022437914673], [-73.82161460094558, 40.608480319113944], [-73.82186205220738, 40.60986921253296], [-73.8228923332429, 40.61033702209705], [-73.8238246859766, 40.61149866495511], [-73.82379847999995, 40.612129420999985], [-73.82234961099986, 40.61426002599998], [-73.82075892499992, 40.615232678999945]]]}}, {"id": "30", "type": "Feature", "properties": {"taxi_zone_id": 31, "zone": "Bronx Park", "borough": "Bronx"}, "geometry": {"type": "Polygon", "coordinates": [[[-73.87094462199981, 40.85726608099996], [-73.86841539699994, 40.85778035799998], [-73.86990421600004, 40.855773292999906], [-73.86823466099995, 40.850913736999885], [-73.86941402799984, 40.848788024999955], [-73.86889243299994, 40.84811232199994], [-73.87109207899995, 40.84432478099998], [-73.87399295499982, 40.842561505999974], [-73.87459175399982, 40.841520647999964], [-73.878171756, 40.84262443699993], [-73.87732924099988, 40.84398312499999], [-73.88311982600001, 40.84822109199997], [-73.88073042799992, 40.85667660499995], [-73.88100678999979, 40.85826802299998], [-73.88060896899991, 40.860357092999934], [-73.88396922299982, 40.8648177409999], [-73.882676247, 40.86608914099991], [-73.8830900319999, 40.866591508999996], [-73.87619224900003, 40.870476710999945], [-73.87255250899982, 40.87517518299992], [-73.87094367500002, 40.878510767000016], [-73.86943471300005, 40.87812919899998], [-73.87031256699991, 40.8758330779999], [-73.87046131799995, 40.86327149799999], [-73.87094462199981, 40.85726608099996]]]}}, {"id": "31", "type": "Feature", "properties": {"taxi_zone_id": 32, "zone": "Bronxdale", "borough": "Bronx"}, "geometry": {"type": "Polygon", "coordinates": [[[-73.8566377469999, 40.85811917199993], [-73.86758752499986, 40.857830089999936], [-73.8681883059999, 40.85806383400002], [-73.86841539699994, 40.85778035799998], [-73.87104944999982, 40.857304837000015], [-73.87046131799995, 40.86327149799999], [-73.87056192499988, 40.871510778], [-73.86137924099984, 40.871336511999935], [-73.86156274099987, 40.86554946399995], [-73.85961281199982, 40.865512717999906], [-73.85780378799993, 40.86303621699991], [-73.85735319699984, 40.85971160599998], [-73.8566377469999, 40.85811917199993]]]}}, {"id": "32", "type": "Feature", "properties": {"taxi_zone_id": 33, "zone": "Brooklyn Heights", "borough": "Brooklyn"}, "geometry": {"type": "Polygon", "coordinates": [[[-73.99619227264343, 40.70337714093207], [-73.99325388199995, 40.70241197099992], [-73.99087453800003, 40.700673116999965], [-73.99143347099985, 40.698281859000005], [-73.99044474099998, 40.69382825099996], [-73.99097187, 40.692548799999976], [-73.98902944799994, 40.69212386099993], [-73.98930768499997, 40.69099168799996], [-73.99054474599986, 40.689168104999986], [-74.00110519399988, 40.692056594999976], [-74.00174362072502, 40.69240674985269], [-74.0009586845849, 40.6940690837911], [-74.00301393814541, 40.69477784423961], [-74.00239802583795, 40.69571165486452], [-74.00026872377785, 40.69496580257805], [-73.99941302433201, 40.69635767645335], [-74.00043147340423, 40.69705246617857], [-73.99947406820583, 40.69670413446202], [-73.99876458027717, 40.69712073309401], [-74.0010490305752, 40.69790823669749], [-74.00048768562507, 40.698757777634555], [-73.9983776068576, 40.69806329614612], [-73.99802102725101, 40.698761736573815], [-74.00001840433615, 40.69946604807363], [-73.9994746383893, 40.70032277801831], [-73.9974989831, 40.69963886932127], [-73.99716054243916, 40.69979281264412], [-73.99669768997464, 40.70087697691718], [-73.99813879899439, 40.70151878824844], [-73.99619227264343, 40.70337714093207]]]}}, {"id": "33", "type": "Feature", "properties": {"taxi_zone_id": 34, "zone": "Brooklyn Navy Yard", "borough": "Brooklyn"}, "geometry": {"type": "MultiPolygon", "coordinates": [[[[-73.97232032119902, 40.70908288315222], [-73.9702621853228, 40.70688750428406], [-73.97048881848585, 40.70540066562189], [-73.97018075572805, 40.70492927056688], [-73.96751516691086, 40.70343735687817], [-73.96747674493034, 40.70394987095626], [-73.96929693837701, 40.70508833122969], [-73.96929296374243, 40.7070933310478], [-73.96838933699995, 40.70682918699994], [-73.96720961999985, 40.70425570899996], [-73.96217978199998, 40.70022070999993], [-73.96305480199987, 40.697392871999966], [-73.9645507049999, 40.696107591999905], [-73.9693945009999, 40.6960803889999], [-73.9697278989999, 40.69780401399989], [-73.98054419199988, 40.69824651199991], [-73.98040482499992, 40.7006990069999], [-73.98074079499993, 40.70127731000003], [-73.97912179285028, 40.70552703403618], [-73.97886517755374, 40.70586795620034], [-73.97892765823725, 40.705496199169126], [-73.97863906658566, 40.70583064822183], [-73.97846557848953, 40.70556222186446], [-73.97839909439138, 40.70598274520242], [-73.97885303360711, 40.706065535284644], [-73.97834474852871, 40.705999964987654], [-73.97859313620127, 40.7049785841428], [-73.97802067326663, 40.70429096645623], [-73.97721196339239, 40.70421392662426], [-73.97751215494964, 40.70319675266353], [-73.97713562625376, 40.703005581402564], [-73.97623864768494, 40.70477564419068], [-73.97596096344841, 40.704715506440515], [-73.9769274918834, 40.702797820400406], [-73.97615937292022, 40.70217128035688], [-73.97532987393976, 40.70295192433838], [-73.97600587845436, 40.70194613378185], [-73.97455023388346, 40.70159034430482], [-73.97573541084542, 40.69957044770561], [-73.97411513926478, 40.70130527141931], [-73.97239201397464, 40.70016632275231], [-73.973757007132, 40.701534138881904], [-73.97318676670886, 40.70166980367371], [-73.97113824583214, 40.69991789325812], [-73.97078200587988, 40.69997866301126], [-73.9733245610394, 40.702412656010786], [-73.97283512788735, 40.702728740744085], [-73.96982556559514, 40.70024507036799], [-73.96948655218084, 40.70051906125821], [-73.9728388997495, 40.703346428601854], [-73.96924539207352, 40.70136474188363], [-73.96898517428966, 40.70174708878656], [-73.97231246276117, 40.70384453953862], [-73.97110342298826, 40.70345973583982], [-73.97101963118519, 40.70381561368643], [-73.97465569608046, 40.70607426299428], [-73.97439083502317, 40.706325774144794], [-73.97347629598461, 40.70568628339137], [-73.97254880057812, 40.70620449000385], [-73.97462966604415, 40.70768106076824], [-73.9742361696854, 40.708024386122446], [-73.97109655489108, 40.70585005655831], [-73.97105692306172, 40.70694643381674], [-73.97275756998387, 40.708831278547706], [-73.97232032119902, 40.70908288315222]]], [[[-73.98242287179853, 40.70582205595456], [-73.98102390618274, 40.70589891389358], [-73.98101733900947, 40.70579750646782], [-73.98245898620758, 40.70554241448618], [-73.98242287179853, 40.70582205595456]]], [[[-73.97893110285523, 40.7059249062304], [-73.97905767006142, 40.70595288905035], [-73.97892920137538, 40.70593158987925], [-73.97893110285523, 40.7059249062304]]]]}}, {"id": "34", "type": "Feature", "properties": {"taxi_zone_id": 35, "zone": "Brownsville", "borough": "Brooklyn"}, "geometry": {"type": "Polygon", "coordinates": [[[-73.90145114700002, 40.66365836499999], [-73.90066118699986, 40.66058615799996], [-73.89965233299985, 40.660735415999966], [-73.89880698499995, 40.657406661999914], [-73.90048767199994, 40.6571486789999], [-73.90317858399993, 40.65531163399995], [-73.90784346399994, 40.654591529999934], [-73.907400357, 40.65284398999994], [-73.90855790499995, 40.65209593799993], [-73.90933499299997, 40.652808591999936], [-73.91012255699995, 40.65585177099998], [-73.91236458899995, 40.65551356499987], [-73.91829936299985, 40.6611612569999], [-73.9195947979998, 40.6619956789999], [-73.92008167099986, 40.659857632999916], [-73.92637970499992, 40.66551489199995], [-73.90347422300006, 40.67550668299991], [-73.90041654099997, 40.66380652699999], [-73.90145114700002, 40.66365836499999]]]}}, {"id": "35", "type": "Feature", "properties": {"taxi_zone_id": 36, "zone": "Bushwick North", "borough": "Brooklyn"}, "geometry": {"type": "Polygon", "coordinates": [[[-73.92189184700005, 40.70939609699994], [-73.91180710099985, 40.70343495199998], [-73.912904041, 40.70236189099995], [-73.91067882699998, 40.70104596899996], [-73.91180820099987, 40.69993800299992], [-73.9042601839999, 40.695700370999944], [-73.90579597099993, 40.694127154999926], [-73.90123290699994, 40.69144227899999], [-73.904055772, 40.68854627799991], [-73.93115533899987, 40.70377233499992], [-73.93269784899994, 40.703170390999944], [-73.93391870799988, 40.70748702599997], [-73.92189184700005, 40.70939609699994]]]}}, {"id": "36", "type": "Feature", "properties": {"taxi_zone_id": 37, "zone": "Bushwick South", "borough": "Brooklyn"}, "geometry": {"type": "Polygon", "coordinates": [[[-73.93391870799988, 40.70748702599997], [-73.93269784899994, 40.703170390999944], [-73.93115533899987, 40.70377233499992], [-73.90482499699988, 40.68880857], [-73.904055772, 40.68854627799991], [-73.90180467199994, 40.69076629799994], [-73.90042465099988, 40.688183897999885], [-73.90116154999988, 40.68787793499994], [-73.89646625099994, 40.68233642199993], [-73.89749312100001, 40.680073775999965], [-73.89889928299989, 40.67956093399996], [-73.90047001100002, 40.67953524399997], [-73.9026226229999, 40.68066450299992], [-73.90404639799989, 40.679220597999915], [-73.93856854799981, 40.69884813599992], [-73.94394947299996, 40.69822127899996], [-73.94438788599986, 40.700424522999974], [-73.94042057899993, 40.70107659799992], [-73.94103009699987, 40.70463617699993], [-73.94273448399997, 40.704473305999926], [-73.94378799599994, 40.71090037899997], [-73.94042251999994, 40.711217648], [-73.94068803099992, 40.711962047999904], [-73.93480281900003, 40.71337249599994], [-73.93229708600005, 40.70774944699995], [-73.93391870799988, 40.70748702599997]]]}}, {"id": "37", "type": "Feature", "properties": {"taxi_zone_id": 38, "zone": "Cambria Heights", "borough": "Queens"}, "geometry": {"type": "Polygon", "coordinates": [[[-73.74077675800001, 40.702679837999966], [-73.73430403699984, 40.702478130999985], [-73.73426455399982, 40.70321954199997], [-73.72677759516957, 40.70305929119944], [-73.72586264191175, 40.68324108097392], [-73.7475517539999, 40.68934733599988], [-73.74467955599985, 40.69341226299994], [-73.7435928609999, 40.6962153249999], [-73.74507479999993, 40.6963909489999], [-73.74618157999997, 40.69612192599999], [-73.74773012199991, 40.69955313699997], [-73.74500119100004, 40.70026221299992], [-73.74590871000004, 40.70228727399993], [-73.74109293999989, 40.70348106299995], [-73.74050336499982, 40.70343355599997], [-73.74077675800001, 40.702679837999966]]]}}, {"id": "38", "type": "Feature", "properties": {"taxi_zone_id": 39, "zone": "Canarsie", "borough": "Brooklyn"}, "geometry": {"type": "MultiPolygon", "coordinates": [[[[-73.89056792961276, 40.64920863296716], [-73.89101577841615, 40.649342007892656], [-73.89110820334591, 40.64883267977259], [-73.88879690848671, 40.64605025805642], [-73.8893760297505, 40.64697475442316], [-73.88886541778207, 40.64722003573562], [-73.88859932552029, 40.64671246882095], [-73.88808138892033, 40.64662056981436], [-73.8882898142075, 40.64604421554564], [-73.88740960156501, 40.64532928012426], [-73.88805587182883, 40.64511978725736], [-73.88734361665684, 40.64522415387106], [-73.88623646791807, 40.64381678772098], [-73.88373578781892, 40.64245034909426], [-73.8795388800853, 40.63821783916032], [-73.87863863904012, 40.638293606130084], [-73.87863488118161, 40.637551781647154], [-73.87714434884276, 40.63597649800378], [-73.87820590489773, 40.63457294366258], [-73.88364451728225, 40.630943312138655], [-73.88345412923461, 40.629907669934965], [-73.88404726149369, 40.629560118546536], [-73.88263248433402, 40.62827427312692], [-73.88369231571497, 40.62755937391408], [-73.88512954023768, 40.62882725867142], [-73.88572166971262, 40.62844671572563], [-73.88604117197292, 40.62869724648158], [-73.88752673706195, 40.6283318244825], [-73.89048710394742, 40.626224779058084], [-73.89090471444746, 40.625016198463896], [-73.89237656551936, 40.62373323634778], [-73.89577374598754, 40.62251907138482], [-73.89826103011845, 40.62298915992182], [-73.90114685492415, 40.62568538759807], [-73.90412793207628, 40.626306200134266], [-73.91633195427576, 40.63203873255838], [-73.91716071492723, 40.63173012599848], [-73.91860649599991, 40.63209041499993], [-73.91995062999999, 40.64470762999992], [-73.90944846399994, 40.65152159899995], [-73.90398200599991, 40.64662856799992], [-73.895861549, 40.6518805269999], [-73.89761013299987, 40.65345381599997], [-73.89354677099988, 40.65520271399994], [-73.89000589199989, 40.651148696999975], [-73.89125147199995, 40.65002559699997], [-73.89056792961276, 40.64920863296716]]], [[[-73.88829183121514, 40.646718719035675], [-73.88853640000424, 40.64678842689965], [-73.88846787961647, 40.646899734025325], [-73.88829183121514, 40.646718719035675]]]]}}, {"id": "39", "type": "Feature", "properties": {"taxi_zone_id": 40, "zone": "Carroll Gardens", "borough": "Brooklyn"}, "geometry": {"type": "Polygon", "coordinates": [[[-74.00004865199998, 40.682803356], [-73.9962084629999, 40.681723424999944], [-73.99490113599975, 40.684430237999955], [-73.98722413899985, 40.68144730199992], [-73.99069861899994, 40.675807419], [-73.993491024, 40.6761833019999], [-73.99506451099982, 40.67584047499989], [-73.9986188799999, 40.671830171999936], [-74.00105973699986, 40.67555567799999], [-74.0006740919999, 40.67555578899993], [-74.00153194399996, 40.67727039699993], [-74.00329231299999, 40.67964328799995], [-74.00064737999996, 40.68525394699998], [-73.99908066099994, 40.68481599199991], [-74.00004865199998, 40.682803356]]]}}, {"id": "40", "type": "Feature", "properties": {"taxi_zone_id": 41, "zone": "Central Harlem", "borough": "Manhattan"}, "geometry": {"type": "Polygon", "coordinates": [[[-73.9521012519999, 40.811442853999985], [-73.9417714019999, 40.80708900000001], [-73.94275367199994, 40.80574401299992], [-73.94430194599991, 40.806390824999966], [-73.94478208199993, 40.80576125599995], [-73.94613131, 40.803877357999966], [-73.94459751299998, 40.80322814499995], [-73.94922045699984, 40.79690985899994], [-73.95964685399987, 40.801156422999966], [-73.95824878299987, 40.80310648599993], [-73.95818167299996, 40.80559679099995], [-73.954966572, 40.810064554999904], [-73.9535757779999, 40.80947669799994], [-73.9521012519999, 40.811442853999985]]]}}, {"id": "41", "type": "Feature", "properties": {"taxi_zone_id": 42, "zone": "Central Harlem North", "borough": "Manhattan"}, "geometry": {"type": "Polygon", "coordinates": [[[-73.93436121591056, 40.83620061961783], [-73.93491533578629, 40.83523082193879], [-73.93516725294582, 40.83287499277848], [-73.93383089287107, 40.81952106376158], [-73.93440039999986, 40.81966778299997], [-73.93407463999996, 40.81782651399996], [-73.93445400100003, 40.81718852899999], [-73.93901753299998, 40.81085655699995], [-73.93580780199986, 40.80949763799991], [-73.93854407899988, 40.80572965299995], [-73.9521012519999, 40.811442853999985], [-73.94919960099985, 40.8147208539999], [-73.94607828700005, 40.821263215999956], [-73.94515456999994, 40.82087626499998], [-73.94292366900005, 40.823260586999936], [-73.93924885599988, 40.828296350999935], [-73.93864026699997, 40.82973887399992], [-73.9401708989999, 40.83038439099999], [-73.93868316299985, 40.83280078899994], [-73.93436121591056, 40.83620061961783]]]}}, {"id": "42", "type": "Feature", "properties": {"taxi_zone_id": 43, "zone": "Central Park", "borough": "Manhattan"}, "geometry": {"type": "Polygon", "coordinates": [[[-73.94922045699984, 40.79690985899994], [-73.97301487199995, 40.764278878999946], [-73.98136213699995, 40.76783673899994], [-73.98164804599995, 40.76843632199997], [-73.95817297099987, 40.80058254099989], [-73.95786499299992, 40.80051527199993], [-73.94922045699984, 40.79690985899994]]]}}, {"id": "43", "type": "Feature", "properties": {"taxi_zone_id": 44, "zone": "Charleston/Tottenville", "borough": "Staten Island"}, "geometry": {"type": "Polygon", "coordinates": [[[-74.21050789400002, 40.55706418199999], [-74.213501756, 40.555667617999895], [-74.21509339699995, 40.55549893300001], [-74.21784397899994, 40.55443271799996], [-74.21778377699997, 40.55304918799999], [-74.22131562699998, 40.55025307399997], [-74.21776941599992, 40.54112662999997], [-74.21770976099997, 40.53831199299992], [-74.2183151519999, 40.53531207899996], [-74.21800676499996, 40.53229858999998], [-74.21574341099993, 40.526464004999966], [-74.2156723039999, 40.523957627999955], [-74.21409806799986, 40.524097195999964], [-74.21354593399995, 40.52123571599994], [-74.21760570099997, 40.52087168699994], [-74.22379595899992, 40.51819634599995], [-74.22549932099996, 40.51850518799995], [-74.22690993299994, 40.51917139799993], [-74.22663407199991, 40.517251010000024], [-74.22290251399997, 40.508936538999926], [-74.22321582499997, 40.508658610999916], [-74.22159300278173, 40.50250043822098], [-74.22304657854346, 40.50247817905681], [-74.22507057837701, 40.50176464524433], [-74.22729413510996, 40.50229749945579], [-74.23114494958575, 40.50185121588208], [-74.23678845619574, 40.50000083525633], [-74.23984851243979, 40.49758301320705], [-74.24421157785997, 40.497565436888806], [-74.2467610277419, 40.496133987611806], [-74.24871501543038, 40.496371317905805], [-74.25085489422248, 40.49800616359515], [-74.25116773245702, 40.49899309065374], [-74.25329771551169, 40.500314550516414], [-74.25530969765195, 40.50413641072465], [-74.25559136315209, 40.50771295072909], [-74.254628567099, 40.508674825727056], [-74.2549813000948, 40.50877117277577], [-74.2549729037097, 40.50880566213326], [-74.25399478574111, 40.50896808987823], [-74.25431454169312, 40.50941369464897], [-74.25368911881061, 40.50942559643913], [-74.25464651262905, 40.50982624592437], [-74.25452621732619, 40.509973015886104], [-74.25364812518256, 40.509470530436275], [-74.25331579805132, 40.509861504540936], [-74.25300847277559, 40.511193989705376], [-74.2535268507671, 40.51167776603182], [-74.25303635381549, 40.51143316045878], [-74.25308950870547, 40.51212196137839], [-74.25195197488479, 40.512997002547266], [-74.2521259139705, 40.513710379799996], [-74.2500458775657, 40.51510851049431], [-74.25055526413547, 40.51571634242893], [-74.25015626516773, 40.51536118819953], [-74.24988824874988, 40.51552154519299], [-74.25056007272197, 40.51610674153504], [-74.24921528676096, 40.515084861299314], [-74.24994158808036, 40.51613748819101], [-74.24943096899091, 40.51568788559746], [-74.24864764632096, 40.51611262849682], [-74.24875958315138, 40.516356221134274], [-74.24854589291672, 40.51616991714842], [-74.24828422083891, 40.516486949553716], [-74.24894624665603, 40.51719453978669], [-74.24940770789283, 40.51698083142367], [-74.24851449056031, 40.517475626265096], [-74.24891910653054, 40.517208433692424], [-74.24751811835522, 40.51573586477863], [-74.24644039651318, 40.51596502850858], [-74.24612857679293, 40.516137392573754], [-74.24674997194063, 40.51649561324055], [-74.24651040267673, 40.51666985530602], [-74.246995569966, 40.5171820851956], [-74.24647899705323, 40.516687327210924], [-74.24653682834257, 40.516959960379594], [-74.24634969801765, 40.51675337193502], [-74.24520861528356, 40.517289743624154], [-74.2456347316994, 40.518075580745816], [-74.24429835217606, 40.51851500310775], [-74.24232477833276, 40.51832652502179], [-74.24103122918532, 40.51954251268797], [-74.24049069687692, 40.51919162897015], [-74.23991937852388, 40.520046996529985], [-74.24117293552197, 40.52106013143204], [-74.24293235036517, 40.5212271611328], [-74.24258375639438, 40.52219864900059], [-74.24280157009576, 40.52400729628665], [-74.24335792685855, 40.52481891382046], [-74.24396500758859, 40.52490536633787], [-74.24150733322897, 40.531041342795206], [-74.24181061621528, 40.53256267542153], [-74.24217799663231, 40.532576138476664], [-74.24204570286014, 40.53434637705043], [-74.24412495988494, 40.536196295729056], [-74.24414782538688, 40.536881409917065], [-74.24493693114462, 40.5366638769171], [-74.24533651176053, 40.53690599443466], [-74.24444259671773, 40.53806676599294], [-74.24527100769255, 40.539241870189876], [-74.24560205698324, 40.54094959457731], [-74.24648614815786, 40.54221339265568], [-74.24803463735688, 40.543093240441486], [-74.24618422383882, 40.545633625854315], [-74.24336346552776, 40.54786513523587], [-74.24358447651343, 40.54762399087865], [-74.2422031846343, 40.54694867830016], [-74.24039182810051, 40.54766331017383], [-74.23761963467327, 40.55012346857856], [-74.23641623448965, 40.55050862684343], [-74.23641559733107, 40.552328066345204], [-74.23489865800803, 40.553005216671394], [-74.23332400080318, 40.55250914356586], [-74.2307103619811, 40.55555759425896], [-74.22931954185714, 40.55549158696272], [-74.22905162187638, 40.556107082105136], [-74.22833214371998, 40.55639035431149], [-74.22743682730538, 40.5560385335164], [-74.22640494542956, 40.556255712845896], [-74.22344265106312, 40.556046569903586], [-74.22378606709124, 40.55588026800977], [-74.22257486801372, 40.555406209779676], [-74.22157006613187, 40.555648982957706], [-74.22129864604456, 40.555366224685585], [-74.22086715093401, 40.55594020227771], [-74.21974356930723, 40.55461267207244], [-74.21908060899351, 40.55484700219802], [-74.21933701278975, 40.5556913669811], [-74.21921716370927, 40.5557969698786], [-74.21859325782798, 40.554674210247825], [-74.21870767560165, 40.55604101620118], [-74.21775342391726, 40.55500528477622], [-74.21474053198814, 40.55624238913219], [-74.21501817201802, 40.55675563837998], [-74.21462340478293, 40.556913362220925], [-74.2137646731758, 40.556396943325325], [-74.2056960519999, 40.558516005999905], [-74.20699885299997, 40.557567488999915], [-74.21050789400002, 40.55706418199999]]]}}, {"id": "44", "type": "Feature", "properties": {"taxi_zone_id": 45, "zone": "Chinatown", "borough": "Manhattan"}, "geometry": {"type": "Polygon", "coordinates": [[[-73.99750445299988, 40.71406913199997], [-73.99256242199989, 40.71438807699999], [-73.99190824271031, 40.70953292664338], [-73.99728287195568, 40.7087316198429], [-73.99919451154427, 40.70794737667576], [-74.00366118299998, 40.71148728299999], [-74.00510989999995, 40.712055593999914], [-74.0058917509999, 40.71200715999993], [-74.00485768099996, 40.712452540999934], [-74.00272286199994, 40.71438970899998], [-73.999956209, 40.71801709499992], [-73.99858925599978, 40.71709951199993], [-73.99605872699998, 40.71623163999994], [-73.99750445299988, 40.71406913199997]]]}}, {"id": "45", "type": "Feature", "properties": {"taxi_zone_id": 46, "zone": "City Island", "borough": "Bronx"}, "geometry": {"type": "MultiPolygon", "coordinates": [[[[-73.78951019872322, 40.83536404252581], [-73.78845700015209, 40.835309914315424], [-73.78833349834521, 40.83466712975939], [-73.78931223606624, 40.83446488655349], [-73.78951019872322, 40.83536404252581]]], [[[-73.79009141537634, 40.85853874532936], [-73.78898385013113, 40.85847084373994], [-73.78878402854569, 40.857420690336596], [-73.788043429758, 40.85755991768713], [-73.78877898544017, 40.857400925199656], [-73.78889654957185, 40.85657338670983], [-73.7883594322236, 40.85562648914825], [-73.7884773265335, 40.85440052053224], [-73.78834700683626, 40.85415351894989], [-73.78736269074899, 40.85441953057163], [-73.78832399449908, 40.854102515649735], [-73.78690734702697, 40.85406397229916], [-73.78796264288077, 40.853474720935544], [-73.7858818650663, 40.85178867244094], [-73.78338158610377, 40.851586733914374], [-73.78460077697598, 40.85109569219524], [-73.78384119307984, 40.850692899498334], [-73.78420047134377, 40.850060644240635], [-73.78303535537907, 40.84907190812789], [-73.78154449088599, 40.84940043464337], [-73.78214108697831, 40.849100662667695], [-73.78149386587489, 40.84858047582581], [-73.78267467078705, 40.84813967294669], [-73.78097820938946, 40.84845834791355], [-73.78263740397888, 40.84807264924588], [-73.78148431950568, 40.84788219384864], [-73.78216393435585, 40.84663633778081], [-73.780403269586, 40.84693113416612], [-73.78106043973004, 40.846802551854346], [-73.78115182578563, 40.84624630462712], [-73.78110675760784, 40.84674699714122], [-73.78174288903251, 40.84641229011597], [-73.78109301885183, 40.846798491587485], [-73.7825134511685, 40.846408771551204], [-73.78249597258944, 40.845661561949065], [-73.78309442048638, 40.845518285564715], [-73.78314644227363, 40.84530994202605], [-73.78307455830657, 40.84550976429201], [-73.78242487155511, 40.84567633666704], [-73.78181646104291, 40.84576497805106], [-73.78305074940779, 40.845496823175864], [-73.78306023126578, 40.84508570856708], [-73.7818153590045, 40.84548058288045], [-73.78307457446681, 40.84505636873397], [-73.78315245505728, 40.845295983327816], [-73.78297579244337, 40.844680948020496], [-73.7833653613534, 40.84444472298173], [-73.78301129829549, 40.8441726903472], [-73.78348428748797, 40.84367854599847], [-73.78290650949755, 40.843936125840166], [-73.78052736048552, 40.84452514033821], [-73.77992703744448, 40.8438830813559], [-73.78053302714567, 40.84445302176271], [-73.78039623282005, 40.843966408179796], [-73.78058464728879, 40.84443457269825], [-73.78106261364299, 40.84432831787674], [-73.78087690198716, 40.843862220487864], [-73.78108977797855, 40.84432012707763], [-73.78154602523335, 40.844215889747716], [-73.78137674098357, 40.84370448654007], [-73.78157590302521, 40.84420770397309], [-73.78200770536681, 40.84410960066977], [-73.78183306599355, 40.843575518304995], [-73.7820375758627, 40.844103474973544], [-73.78243679895444, 40.84400943109994], [-73.78224871668732, 40.84343616841759], [-73.78246939706243, 40.843999187835074], [-73.78282243971395, 40.843919481199535], [-73.78257210723775, 40.84329458244584], [-73.78278498635665, 40.84375454548099], [-73.7830918611237, 40.843685054811246], [-73.78287388243169, 40.84312410236238], [-73.78313252568665, 40.843697496731785], [-73.78280661506554, 40.84377931612208], [-73.78284151617696, 40.84389478720198], [-73.78347481249246, 40.843654738109834], [-73.78288778301486, 40.842494828849645], [-73.78281584526043, 40.84276452259668], [-73.78229941270918, 40.84260589641341], [-73.78244452404584, 40.84304203441679], [-73.78226682874738, 40.842612018228294], [-73.78180048362434, 40.8426961457937], [-73.7819330659365, 40.843228088076565], [-73.78177196927737, 40.842702273491966], [-73.78124656634496, 40.84279710728948], [-73.78142785188439, 40.84337087428163], [-73.78121601119268, 40.84280477739569], [-73.78067429925017, 40.84290730453775], [-73.7808290368131, 40.843507297145656], [-73.78064375993134, 40.8429103381235], [-73.78029552532065, 40.84297304489396], [-73.78022773872678, 40.84377818129775], [-73.78022662418076, 40.84288326893552], [-73.78286499304913, 40.84247810188275], [-73.78059735822595, 40.842786599941], [-73.78236855953504, 40.842428493149704], [-73.78162055021906, 40.84232949488808], [-73.78230643317583, 40.842211116312626], [-73.78233257215871, 40.841922844111394], [-73.78144003107849, 40.84214213349345], [-73.7823235128594, 40.841898330454576], [-73.78216624418963, 40.8416891441101], [-73.78034805158231, 40.842109098224476], [-73.7804257718152, 40.84249439420694], [-73.78019599955293, 40.84204621097619], [-73.78185048197766, 40.841653946394366], [-73.78166051213424, 40.84112417558823], [-73.78084223802306, 40.84127632402822], [-73.78089220610157, 40.84155308419834], [-73.78079752923469, 40.84125614604848], [-73.7816485529559, 40.841097763528836], [-73.78113875725964, 40.83949427880175], [-73.7818845572027, 40.83765027660483], [-73.78290629190879, 40.83732000607286], [-73.78282260139727, 40.83633815588786], [-73.7833816805932, 40.83690927168072], [-73.78410164591317, 40.83672552935803], [-73.78448456140005, 40.83702422253854], [-73.78498060328094, 40.836746426080545], [-73.7845033396534, 40.83705776517116], [-73.78485009222642, 40.837470489178486], [-73.78563997845447, 40.837064434585415], [-73.78583067964128, 40.83720998000456], [-73.78516584428648, 40.83747133406179], [-73.7857350929868, 40.83923423177586], [-73.78652598496416, 40.83972311560704], [-73.7874075874599, 40.839677623197026], [-73.78749166412584, 40.840842341674104], [-73.78815921166512, 40.84049077856709], [-73.78825453283457, 40.8407458631185], [-73.78752379733703, 40.8408796121852], [-73.78786404049687, 40.841081725834954], [-73.78761237782592, 40.84119800529593], [-73.78836617474825, 40.84150461101656], [-73.78802003550352, 40.841783841458806], [-73.78838456613674, 40.84238197837063], [-73.78883864895133, 40.842350395961176], [-73.7885278086737, 40.84242557689486], [-73.78905825501361, 40.84323533177006], [-73.78993093388229, 40.843042264363696], [-73.78980449502046, 40.843586656282426], [-73.78933708725715, 40.84368149805555], [-73.78947182214094, 40.84429297835209], [-73.79066589001, 40.84574155883442], [-73.79098858375902, 40.84565283206259], [-73.79069785364858, 40.845786012550874], [-73.79097333310666, 40.84635731152502], [-73.79149076513552, 40.846251004965296], [-73.79118128785345, 40.84655567592986], [-73.79179343625451, 40.84673167232933], [-73.79136709858446, 40.84688764268584], [-73.79144049688328, 40.8473060434836], [-73.79177232700852, 40.8472282532792], [-73.79191997810095, 40.847258218030795], [-73.79126708567368, 40.84760186735408], [-73.79161765431445, 40.848052924407895], [-73.7910136233899, 40.84898520971692], [-73.7897571107061, 40.84953146928766], [-73.78985836952175, 40.84997255936189], [-73.7909477685762, 40.849739179643855], [-73.79098877124653, 40.84982834953228], [-73.78986630313652, 40.8499893907032], [-73.79040506054308, 40.85027276271403], [-73.78991872482864, 40.850611727137775], [-73.79102381130417, 40.850432275424154], [-73.78992953626673, 40.850626122555084], [-73.79026824507254, 40.85096108807384], [-73.78951371516173, 40.8513007717131], [-73.79098717984283, 40.85126401529909], [-73.78966490344513, 40.85150038213213], [-73.79089217930076, 40.851546903548936], [-73.79019588667279, 40.85175290456296], [-73.790463705281, 40.85176700615403], [-73.79008396904106, 40.85203452738223], [-73.79015509260995, 40.852251285235845], [-73.79248359357182, 40.851523791406926], [-73.79017007126295, 40.852280661153465], [-73.79113795170926, 40.85205585257373], [-73.79123655971756, 40.85228028988652], [-73.79318284075845, 40.85180857187134], [-73.79311837183832, 40.85157829524087], [-73.79323786787641, 40.851931174674476], [-73.79124556783773, 40.85230468141076], [-73.79138052695514, 40.85260203830475], [-73.79340987631169, 40.85202188373041], [-73.79350762831913, 40.85226404392486], [-73.79042053780161, 40.85302297821266], [-73.79100586740225, 40.85311769126198], [-73.79281511966937, 40.85249481930892], [-73.79290086687061, 40.852695435982405], [-73.79080758729921, 40.853199060064384], [-73.79126573165874, 40.85370686423315], [-73.79252408728894, 40.853409920705], [-73.79240931036925, 40.85305333611481], [-73.79255598392581, 40.85340117854083], [-73.79297928311027, 40.85330294490946], [-73.79287610048584, 40.852944181328425], [-73.7930399117026, 40.853371249285196], [-73.79105721254825, 40.85391841242669], [-73.7924581684481, 40.85360070875492], [-73.79107002765942, 40.853944956664684], [-73.79253714604873, 40.85384932781289], [-73.79179366809404, 40.85400482990045], [-73.79129282160632, 40.854584025976884], [-73.79250306685435, 40.8557886661371], [-73.79201712228529, 40.85617694860629], [-73.79270523985137, 40.85619232890576], [-73.79268768222656, 40.85633521872042], [-73.79315700296155, 40.85635091107481], [-73.79314686085958, 40.85646782847122], [-73.79201050009053, 40.85622512771841], [-73.7919018334025, 40.856546911368], [-73.79309492152382, 40.8566864414041], [-73.79189422958875, 40.85656888932967], [-73.79170704257358, 40.85685184285505], [-73.79220265950248, 40.85714600041038], [-73.7924279413047, 40.85692854253678], [-73.79222189186365, 40.857152298424715], [-73.79282713237976, 40.857435789917936], [-73.79301264383005, 40.85700302604318], [-73.79288403888904, 40.857479202493685], [-73.79185978715203, 40.8570041072594], [-73.79268338575463, 40.857420393592726], [-73.79211266783624, 40.857166931870445], [-73.79189451913076, 40.85743712186532], [-73.79256970440578, 40.85763962536228], [-73.79239521723282, 40.85784554775225], [-73.79174254082349, 40.85739395000426], [-73.79209332504095, 40.85715798994727], [-73.79184303217382, 40.85702870201139], [-73.79094202260366, 40.857552748188816], [-73.7917852942325, 40.85777542585559], [-73.79143695908105, 40.85815468512314], [-73.79161866075827, 40.85790134204816], [-73.79093222800743, 40.857567787470586], [-73.79009141537634, 40.85853874532936]]], [[[-73.7690443898714, 40.85329092469359], [-73.76938529139694, 40.852536133996786], [-73.76860817687106, 40.85078839537817], [-73.76959674311463, 40.84759451909825], [-73.76789492672636, 40.84528943351966], [-73.76901389181107, 40.84509734272197], [-73.77157218833237, 40.84750005858034], [-73.7708892022117, 40.84975177133815], [-73.7720496366846, 40.85161828975746], [-73.77296356611284, 40.852159253958675], [-73.77264837746921, 40.85222440262959], [-73.7728907573129, 40.85239826899826], [-73.77245940163017, 40.85210626708218], [-73.77245149415468, 40.8524358968935], [-73.77173060411904, 40.85247683131913], [-73.7717171593653, 40.85300453928182], [-73.77229680531372, 40.85308637825239], [-73.77234917454822, 40.85385142073668], [-73.77296285334867, 40.853800062246506], [-73.77295817517044, 40.85413743292341], [-73.77233272219733, 40.8539008446752], [-73.77214036841814, 40.85441271260065], [-73.77219223055407, 40.85998663859703], [-73.77084562380267, 40.86010101292842], [-73.76947305423997, 40.8593301366686], [-73.76836277290795, 40.85835828885185], [-73.768360859188, 40.857655363705916], [-73.76533243995276, 40.85504359512492], [-73.76783205637174, 40.85444220574212], [-73.7685566032706, 40.85323832295946], [-73.7690443898714, 40.85329092469359]]], [[[-73.7815638969994, 40.85500128643395], [-73.78156303268149, 40.855744796000934], [-73.78122782332017, 40.856087789162814], [-73.78061730829718, 40.85573517581008], [-73.7809047685129, 40.85496813316235], [-73.7815638969994, 40.85500128643395]]], [[[-73.78394699722006, 40.85563043752668], [-73.78343487501385, 40.85636286595894], [-73.78283291447852, 40.85587030844576], [-73.78302371522503, 40.855092766665], [-73.78367819665118, 40.8551734375097], [-73.78394699722006, 40.85563043752668]]], [[[-73.7844800977429, 40.86029283638206], [-73.78461240880978, 40.85932632718045], [-73.78519664387112, 40.85882702363744], [-73.78601763836582, 40.85930092010701], [-73.78743186194176, 40.858935245614475], [-73.78685886773299, 40.860045057839585], [-73.78503841008691, 40.860476020529916], [-73.7844800977429, 40.86029283638206]]]]}}, {"id": "46", "type": "Feature", "properties": {"taxi_zone_id": 47, "zone": "Claremont/Bathgate", "borough": "Bronx"}, "geometry": {"type": "Polygon", "coordinates": [[[-73.89038953999983, 40.85468905800002], [-73.89216687399981, 40.85276946199993], [-73.89307140900002, 40.85324998699998], [-73.89431774099977, 40.85189131099989], [-73.89478764999993, 40.85108166699992], [-73.89407258999991, 40.850713189999986], [-73.89617712999998, 40.84665832099995], [-73.89290102299995, 40.846268329999965], [-73.89537836199995, 40.842938778999994], [-73.89666161699988, 40.84352460699996], [-73.90122534999992, 40.83549991099997], [-73.90553116799988, 40.82910413299992], [-73.91049010699992, 40.83073737299991], [-73.90538357999992, 40.83976898299996], [-73.90483121999989, 40.844800341999935], [-73.901344046, 40.84442875099997], [-73.8956088329998, 40.85457036999991], [-73.8911537559998, 40.86091361600002], [-73.89106280699994, 40.86152941199994], [-73.89027555599993, 40.861109073], [-73.89112568799987, 40.86006182499999], [-73.89108676599993, 40.8565972569999], [-73.89038953999983, 40.85468905800002]]]}}, {"id": "47", "type": "Feature", "properties": {"taxi_zone_id": 48, "zone": "Clinton East", "borough": "Manhattan"}, "geometry": {"type": "Polygon", "coordinates": [[[-73.98236545099999, 40.76739215299996], [-73.99163271299996, 40.754706805], [-73.99730671499998, 40.75711050699994], [-73.98806289599996, 40.76979079999997], [-73.98236545099999, 40.76739215299996]]]}}, {"id": "48", "type": "Feature", "properties": {"taxi_zone_id": 49, "zone": "Clinton Hill", "borough": "Brooklyn"}, "geometry": {"type": "Polygon", "coordinates": [[[-73.96105100699991, 40.69832607899995], [-73.96015854699986, 40.69411730899997], [-73.95614239299985, 40.694579018999946], [-73.95541057999996, 40.69090829199998], [-73.96029281699998, 40.690346249999976], [-73.95956770199984, 40.68668255499999], [-73.95468418899998, 40.687244853999914], [-73.95328187399996, 40.68020003099988], [-73.95543681599985, 40.67995785499998], [-73.95529361599996, 40.67920315099988], [-73.96868961400001, 40.682005257999926], [-73.97013154199992, 40.689506307999885], [-73.96910362499993, 40.689467521999894], [-73.96983118499983, 40.69313424400002], [-73.96880989600005, 40.69312038199999], [-73.9693945009999, 40.6960803889999], [-73.9645507049999, 40.696107591999905], [-73.96347515199992, 40.696800667999945], [-73.96283963699993, 40.698038668], [-73.96105100699991, 40.69832607899995]]]}}, {"id": "49", "type": "Feature", "properties": {"taxi_zone_id": 50, "zone": "Clinton West", "borough": "Manhattan"}, "geometry": {"type": "Polygon", "coordinates": [[[-73.99667705784736, 40.773510053942246], [-73.99416328456306, 40.77248719152388], [-73.99383108201548, 40.772931787425385], [-73.9935026219999, 40.77275163299992], [-73.99387445099994, 40.77223816799999], [-73.98806289599996, 40.76979079999997], [-73.99547450199992, 40.759626856999944], [-74.00127796299991, 40.762075824999904], [-74.00153309083484, 40.76264459806379], [-74.00375735018837, 40.76358224182029], [-74.00361214797076, 40.76377704395492], [-74.00138603698598, 40.762850095001916], [-74.0009730802201, 40.76342027172565], [-74.00314976988996, 40.764332888184626], [-74.00310088163066, 40.764745748135844], [-73.99992712367724, 40.76340652847933], [-73.99962263458193, 40.763559081210516], [-73.99915098087908, 40.76420525958269], [-74.00227436642368, 40.765525181099555], [-74.00202454330339, 40.76589326657041], [-73.99888473174974, 40.76456937704863], [-73.99857638530527, 40.764998607270876], [-73.99828160709528, 40.76556777543735], [-74.00157335385272, 40.76697719221069], [-74.00131469635994, 40.76725112004998], [-73.9980667590535, 40.76587188113575], [-73.99737808447954, 40.76682338637963], [-74.00064950530414, 40.76824523610563], [-74.00038586489072, 40.768504195429294], [-73.99715588949206, 40.767128696172804], [-73.9964571540504, 40.76809881579567], [-73.99973590247859, 40.76950617733156], [-73.99947253734007, 40.769764214969186], [-73.99707176039315, 40.76873264357683], [-73.9965712643956, 40.76942456827395], [-73.99902682832911, 40.770463272982134], [-73.9987620691431, 40.770825056709256], [-73.99631327022085, 40.76979883633648], [-73.99542474436292, 40.771031615168006], [-73.99589990100937, 40.77145029858213], [-73.99530566365368, 40.7711960049096], [-73.99493501658995, 40.77146814657801], [-73.99711218538603, 40.772553236699544], [-73.99690946902788, 40.77283294566], [-73.99477407930827, 40.77192954753023], [-73.99444501293378, 40.77237712658831], [-73.99644894667618, 40.77305684199682], [-73.99614329133087, 40.77324754156352], [-73.99667705784736, 40.773510053942246]]]}}, {"id": "50", "type": "Feature", "properties": {"taxi_zone_id": 51, "zone": "Co-Op City", "borough": "Bronx"}, "geometry": {"type": "Polygon", "coordinates": [[[-73.82091617199997, 40.86891693399994], [-73.81578764099999, 40.865758060999944], [-73.8168449589999, 40.86430679299995], [-73.82037552999996, 40.86103300499996], [-73.82450575099989, 40.859764021000004], [-73.82444012099991, 40.85950138399995], [-73.82699653199998, 40.85908778599991], [-73.82799444999982, 40.86084018599995], [-73.82954731199996, 40.86216408699995], [-73.83315960399985, 40.868319755999984], [-73.83565766499989, 40.86751275599998], [-73.83829221499984, 40.87295133899998], [-73.83746027699992, 40.873222649999946], [-73.83924788999988, 40.87661873799995], [-73.8381484219999, 40.87695329899994], [-73.84324113799987, 40.879108912999946], [-73.84127784699999, 40.88031754799992], [-73.83664134299984, 40.88212002499996], [-73.83342222600004, 40.884275395999936], [-73.83065359099987, 40.88485293899994], [-73.82387140599998, 40.88778362799999], [-73.82077408699996, 40.88671060299991], [-73.82023958299996, 40.88549105099992], [-73.81992586499995, 40.88211933299992], [-73.82329599399986, 40.873097417999915], [-73.82091617199997, 40.86891693399994]]]}}, {"id": "51", "type": "Feature", "properties": {"taxi_zone_id": 52, "zone": "Cobble Hill", "borough": "Brooklyn"}, "geometry": {"type": "Polygon", "coordinates": [[[-73.99236366999985, 40.68969012399996], [-73.9962084629999, 40.681723424999944], [-74.00004865199998, 40.682803356], [-73.99908066099994, 40.68481599199991], [-74.00064737999996, 40.68525394699998], [-73.99776924399993, 40.691194698], [-73.99236366999985, 40.68969012399996]]]}}, {"id": "52", "type": "Feature", "properties": {"taxi_zone_id": 53, "zone": "College Point", "borough": "Queens"}, "geometry": {"type": "MultiPolygon", "coordinates": [[[[-73.83919004727183, 40.79777726644774], [-73.84025860809128, 40.79758885843216], [-73.83997099590027, 40.79690564189227], [-73.83903676806116, 40.79705247704049], [-73.83840083088981, 40.79675525865346], [-73.83663288911686, 40.79251637576932], [-73.83922303099996, 40.79304304599996], [-73.84067828300006, 40.793907891999964], [-73.84081532599994, 40.79150488499996], [-73.83895676099984, 40.791438430999996], [-73.83900524099994, 40.79061732199999], [-73.83992306199994, 40.79064990199995], [-73.84008157499997, 40.78785153099999], [-73.83824429099994, 40.787785916000004], [-73.83869921299996, 40.78167695699993], [-73.82513740299993, 40.781699706], [-73.82830621299996, 40.77600078799997], [-73.83000011099983, 40.77373240700001], [-73.83614052499993, 40.769527374], [-73.83913189281714, 40.76599110578421], [-73.83969772549081, 40.766392677045374], [-73.83975387982034, 40.76712044544093], [-73.84031170315293, 40.766294797898475], [-73.84448895884196, 40.76545960258395], [-73.84780575104425, 40.76677294817166], [-73.84856697139021, 40.768090907199145], [-73.84830138199058, 40.76843044060854], [-73.84901287079057, 40.769215304351306], [-73.84860101425127, 40.76981782588796], [-73.84950427178477, 40.7695102238823], [-73.84977407793218, 40.769936012942985], [-73.84872671824314, 40.77010618908877], [-73.8486715286884, 40.77076157290258], [-73.84994241882967, 40.77192719325987], [-73.85033808818524, 40.7717436685388], [-73.85130108374476, 40.77180636079774], [-73.84995162517303, 40.77195829887718], [-73.84897619867189, 40.77356166795703], [-73.84895559325399, 40.77796167373141], [-73.84993353296176, 40.77876912338106], [-73.8496396893305, 40.77948327517674], [-73.85147606060222, 40.778964409730655], [-73.84981720066014, 40.77963034805419], [-73.852352678813, 40.779480672833394], [-73.85232086242218, 40.77916928470377], [-73.85238832778414, 40.77952890238694], [-73.84982102259761, 40.77965133930392], [-73.84955315550079, 40.77999041538408], [-73.85169028085423, 40.77986750847821], [-73.85167099162219, 40.78003522887818], [-73.84949381208321, 40.78006582811428], [-73.84988932081794, 40.78108913479843], [-73.85093646396534, 40.78111957515605], [-73.84988728063747, 40.78112151131696], [-73.84983660014265, 40.781599624916296], [-73.84918709418461, 40.781641811549555], [-73.84954774265991, 40.781841078342836], [-73.8492525818285, 40.782264775014085], [-73.85314993069177, 40.78232393627623], [-73.85331933850043, 40.782034604068514], [-73.85528242786589, 40.78197538435004], [-73.85545062834929, 40.78314307913834], [-73.85631107802644, 40.783382166716144], [-73.85664951090587, 40.78289231927647], [-73.85684129014666, 40.783371363485266], [-73.85808318103317, 40.78372407884172], [-73.85797685542525, 40.78467816456817], [-73.85952909197228, 40.78553056053408], [-73.85899048805017, 40.78549159943473], [-73.85912461223712, 40.78585015966329], [-73.85812817158494, 40.787051561058334], [-73.85681133765485, 40.78667261369719], [-73.8559586891305, 40.78767517877381], [-73.8534518446134, 40.787826112298944], [-73.85284230133867, 40.788211371739976], [-73.85480194733184, 40.78861915472594], [-73.8544719407123, 40.79025897531958], [-73.85265830693045, 40.791106420610404], [-73.85377854910695, 40.79242127400706], [-73.85373351593732, 40.793935375091145], [-73.852766271984, 40.79438924782937], [-73.8526309825624, 40.79494485424476], [-73.85159077157229, 40.79408653158051], [-73.84906160835088, 40.79336261029855], [-73.84855988738981, 40.79549506021841], [-73.84624528406337, 40.79616195066708], [-73.8455916712241, 40.79601181902576], [-73.8445991504444, 40.79491154987518], [-73.84354668938991, 40.79491394401053], [-73.8433063238691, 40.795500933488974], [-73.84284865322397, 40.79521340167174], [-73.8432849719419, 40.79617439268507], [-73.8428087524122, 40.795418222413126], [-73.84225959368331, 40.79558496893741], [-73.84292069025287, 40.79690368618404], [-73.8421674734115, 40.79561294016366], [-73.84158721174394, 40.79540106922129], [-73.84129943545976, 40.79621966933001], [-73.84013930364449, 40.7968791878361], [-73.84041517975831, 40.79767843725875], [-73.83920948324085, 40.797844314353966], [-73.8384291582917, 40.798375671153366], [-73.83789967503593, 40.79850897118664], [-73.83919004727183, 40.79777726644774]]], [[[-73.86809912257888, 40.78745866181843], [-73.86813032000016, 40.787232777844224], [-73.8692349173292, 40.78596991495819], [-73.86809912257888, 40.78745866181843]]]]}}, {"id": "53", "type": "Feature", "properties": {"taxi_zone_id": 54, "zone": "Columbia Street", "borough": "Brooklyn"}, "geometry": {"type": "MultiPolygon", "coordinates": [[[[-74.01193259955522, 40.68388774907758], [-74.01217596614636, 40.68409518562851], [-74.00835328548824, 40.68640012947225], [-74.00816320571415, 40.68617364485852], [-74.01193259955522, 40.68388774907758]]], [[[-74.00174362072502, 40.69240674985269], [-73.99776924399993, 40.691194698], [-74.00329231299999, 40.67964328799995], [-74.00596041099988, 40.68336287099998], [-74.00485241699997, 40.685668130999986], [-74.0071710969999, 40.686357009999945], [-74.00753083199993, 40.686074486999956], [-74.0077170754789, 40.686264429009235], [-74.00701988682643, 40.68652641719407], [-74.00588224183221, 40.68619576889363], [-74.00562986330395, 40.68678420604364], [-74.00783293766679, 40.68738505516281], [-74.00742012154092, 40.68820629043603], [-74.00500373315064, 40.687605985400936], [-74.00459270521766, 40.68821522298664], [-74.00678438439806, 40.68882687995829], [-74.00636461225261, 40.689669668636995], [-74.00382038919723, 40.68892964469929], [-74.00340921624516, 40.689613261160154], [-74.00575900670344, 40.6902364000162], [-74.0053420962491, 40.691091602977856], [-74.0009615685494, 40.69012876835009], [-74.00069905841875, 40.69061185841912], [-74.00479415294552, 40.69176162037448], [-74.00440941259976, 40.6925288003894], [-74.00196938526074, 40.691843208317565], [-74.00174362072502, 40.69240674985269]]], [[[-74.00400795971088, 40.69320819963239], [-74.0034621809253, 40.69405701507476], [-74.00127014951309, 40.69329606183693], [-74.00174362072502, 40.69240674985269], [-74.00400795971088, 40.69320819963239]]]]}}, {"id": "54", "type": "Feature", "properties": {"taxi_zone_id": 55, "zone": "Coney Island", "borough": "Brooklyn"}, "geometry": {"type": "Polygon", "coordinates": [[[-73.98710120299997, 40.58464459199995], [-73.98492730999999, 40.584595952999955], [-73.98482192899988, 40.58416852299997], [-73.97742525299988, 40.582906593000004], [-73.97461091899993, 40.58312987599996], [-73.96661531499983, 40.58457103699999], [-73.9688899589999, 40.57526123899991], [-73.96756707299996, 40.57488152699995], [-73.96471128899991, 40.57478261799988], [-73.95941778299985, 40.57517798299996], [-73.95939182223685, 40.57391210937616], [-73.96720294103956, 40.57332631739746], [-73.96742628474536, 40.57298510896923], [-73.96839037828869, 40.57315444294012], [-73.96945126202378, 40.57285728036326], [-73.96924621215572, 40.57230407565457], [-73.96955895151744, 40.5728085804608], [-73.97085363074368, 40.572770515279885], [-73.9713504458748, 40.57259946004528], [-73.97118306355702, 40.5719418990842], [-73.97160706452378, 40.57262822391987], [-73.97249673747078, 40.57257625674747], [-73.9733450222981, 40.57232121400612], [-73.97324990115136, 40.57162668661169], [-73.9737320997119, 40.57228692509406], [-73.9754708190279, 40.57196900381696], [-73.97540564094207, 40.57142104064059], [-73.97592552091535, 40.57201865743758], [-73.97730110158642, 40.57186238594644], [-73.97766384588131, 40.571729387799095], [-73.97767087523813, 40.57117102007908], [-73.97807599798213, 40.57122957012871], [-73.97771533072488, 40.571251913842296], [-73.97780796518646, 40.57175620072632], [-73.97845486511183, 40.57189220429926], [-73.979846944694, 40.57153931961022], [-73.97944328367615, 40.57122092594803], [-73.98032592226012, 40.571737702218606], [-73.9820407585251, 40.571480370522465], [-73.98157155423429, 40.57124998842485], [-73.98225580253013, 40.57156841828971], [-73.98367270153267, 40.571407057687416], [-73.98340440737672, 40.57016554451075], [-73.98304328883708, 40.57014586098806], [-73.98339168436635, 40.570094685019434], [-73.98336058039273, 40.569529994486714], [-73.9834852186614, 40.57008901506279], [-73.9838394948926, 40.57011246715803], [-73.98348842146662, 40.57015603054913], [-73.98375790448641, 40.571396227250915], [-73.99026267527424, 40.57070834011729], [-73.99077310323929, 40.570599421837876], [-73.99079264766938, 40.570248648755545], [-73.99119337523611, 40.57061187496832], [-73.99298098072161, 40.57019677330927], [-73.99493763229952, 40.57035467451243], [-73.99518726085736, 40.57002187763314], [-73.99576469677095, 40.57039296236248], [-73.99736944882595, 40.5701373075429], [-73.99846777900147, 40.57049739697304], [-74.00106438634509, 40.57040154143548], [-74.002011670539, 40.570208758524224], [-74.00208547639728, 40.56958598398506], [-74.00248707737698, 40.57173838887247], [-74.00303186164808, 40.57218559475909], [-74.00666915632601, 40.573393648375365], [-74.01007410785421, 40.57383080951769], [-74.01201540191126, 40.5748850524742], [-74.01302222952468, 40.57780445963355], [-74.01274982470373, 40.57855731173529], [-74.01132932483026, 40.58018363022485], [-74.00812030080365, 40.58162226871555], [-74.00604734235806, 40.58198365303584], [-74.00220582876804, 40.58136588602035], [-73.9982194649592, 40.581474377214334], [-73.99780862456937, 40.580595800915916], [-73.9918291279026, 40.5792470809288], [-73.99036206466565, 40.579424580120474], [-73.9884283376944, 40.578815842619626], [-73.98739064388411, 40.579086983063675], [-73.98669539997061, 40.57981490813256], [-73.987021385777, 40.580022764875274], [-73.98588567394853, 40.58114442456484], [-73.98604509916208, 40.58172068515164], [-73.98694506928851, 40.58113642180558], [-73.98800973376738, 40.57967068715582], [-73.98995504960881, 40.58066166976566], [-73.98829948299982, 40.5834667469999], [-73.98654457099988, 40.58365859099999], [-73.98710120299997, 40.58464459199995]]]}}, {"id": "55", "type": "Feature", "properties": {"taxi_zone_id": 56, "zone": "Corona", "borough": "Queens"}, "geometry": {"type": "MultiPolygon", "coordinates": [[[[-73.85442575299999, 40.748851725999934], [-73.85011556599989, 40.740723563000024], [-73.84780164699998, 40.74004967699994], [-73.84823627999982, 40.739290401000005], [-73.84777844199982, 40.73934483499993], [-73.84750820299993, 40.73900780699999], [-73.85187067499986, 40.73734292899999], [-73.85872465799989, 40.73570864399993], [-73.85886555799988, 40.73593913899994], [-73.86462193299995, 40.734282757], [-73.86756253399983, 40.740941889], [-73.86749135099993, 40.74330204699996], [-73.86790963899986, 40.744933715999935], [-73.85442575299999, 40.748851725999934]]], [[[-73.85442575299999, 40.748851725999934], [-73.855834956, 40.75157727199993], [-73.85455552299993, 40.75196191899995], [-73.85579909099987, 40.75440952799997], [-73.85312635499994, 40.75510934299993], [-73.85086439699991, 40.749995641999895], [-73.85442575299999, 40.748851725999934]]]]}}, {"id": "57", "type": "Feature", "properties": {"taxi_zone_id": 58, "zone": "Country Club", "borough": "Bronx"}, "geometry": {"type": "Polygon", "coordinates": [[[-73.81507165904239, 40.84913361979454], [-73.81590281420543, 40.84801312198431], [-73.81560451391982, 40.84765868316224], [-73.81612862993478, 40.847388856119906], [-73.81602685114903, 40.84640045877005], [-73.81571903834563, 40.84629344349884], [-73.81545867615472, 40.846603028771575], [-73.8146272778874, 40.84714279476093], [-73.81464594697542, 40.847219613529084], [-73.81451106769596, 40.847106078026776], [-73.81570353189448, 40.84629134042388], [-73.81368634738199, 40.84727432550909], [-73.81356372861671, 40.84715141127857], [-73.814908582032, 40.84646876487905], [-73.8144235257982, 40.84618782507243], [-73.8150262760428, 40.84549999505843], [-73.81318865072497, 40.84622953647523], [-73.81403198219364, 40.845589297867946], [-73.81368589093518, 40.84565906225484], [-73.81394279128921, 40.84551158911126], [-73.81363258232699, 40.84528076903141], [-73.8133590558502, 40.84584549933107], [-73.81328932692855, 40.84595102273167], [-73.81321295244251, 40.84592293984187], [-73.81361858267053, 40.845275042388536], [-73.81325997724689, 40.84523399045825], [-73.81284939958523, 40.84631879949827], [-73.81324326350918, 40.8452359083526], [-73.81310050626846, 40.845172414533316], [-73.8128770359758, 40.845134667945935], [-73.81315597044244, 40.84521210037637], [-73.81285536957633, 40.8451862854615], [-73.81241445328128, 40.84655938074879], [-73.81227790900483, 40.84654345827933], [-73.8128577433794, 40.845129544589184], [-73.81254457815619, 40.8449795980083], [-73.8118845884477, 40.84659496706127], [-73.8124362506067, 40.8467377120756], [-73.81169971823665, 40.84668170081367], [-73.81266141349049, 40.84420764950086], [-73.81299120304948, 40.84452250755807], [-73.81264889336668, 40.84465946766742], [-73.81311795023566, 40.84478760356969], [-73.81264095809888, 40.84468166226037], [-73.81254909120709, 40.844952275146106], [-73.8136558066588, 40.84505912246574], [-73.81414462049185, 40.844818173262794], [-73.81369979287803, 40.844848456863396], [-73.81417097564206, 40.84463994715474], [-73.81355528835343, 40.84437910481042], [-73.81336991788453, 40.843800827877956], [-73.81437458252545, 40.84308892599946], [-73.81569792948075, 40.844386428112934], [-73.81631110390217, 40.84397953412086], [-73.81750072974424, 40.84436744491043], [-73.81823722746202, 40.84435504171265], [-73.818190890506, 40.84411314800001], [-73.8176899451903, 40.84426849557086], [-73.81662677325095, 40.84394489856028], [-73.81572300131998, 40.842536565986975], [-73.81517113664873, 40.84257716162386], [-73.81570207846407, 40.842519721689655], [-73.81526263397656, 40.841259839423046], [-73.81473345817533, 40.84137572831085], [-73.81523404887245, 40.84100964149659], [-73.81480646696015, 40.83980436738906], [-73.81436596502486, 40.839865363764986], [-73.81472319684482, 40.839588886600076], [-73.81431578800081, 40.83964952650956], [-73.81430900133682, 40.83962241637933], [-73.81626470640903, 40.83826365571718], [-73.81606068217324, 40.83603019622848], [-73.82379383199985, 40.83430014699994], [-73.82463346500003, 40.833855807999946], [-73.82515883900007, 40.834614471999984], [-73.82601252600003, 40.83402077799989], [-73.82622087800003, 40.834354707999886], [-73.82540482599977, 40.83565927499999], [-73.8258498599999, 40.83706086699991], [-73.82624132999996, 40.84299359399995], [-73.82517998999998, 40.84270005899992], [-73.82495697699986, 40.8461054449999], [-73.82048405599983, 40.84850102599999], [-73.82014043700003, 40.848020598999945], [-73.816301192, 40.84857217199997], [-73.81507165904239, 40.84913361979454]]]}}, {"id": "58", "type": "Feature", "properties": {"taxi_zone_id": 59, "zone": "Crotona Park", "borough": "Bronx"}, "geometry": {"type": "Polygon", "coordinates": [[[-73.89666161699988, 40.84352460699996], [-73.88869040799986, 40.83915802599992], [-73.88813752199992, 40.839862001999954], [-73.88659802299989, 40.83927904999994], [-73.88730373200002, 40.83812719099999], [-73.88841187199996, 40.83855339099997], [-73.88874067899994, 40.83796845899994], [-73.89057363299983, 40.836901047999945], [-73.89385624299995, 40.83639510199994], [-73.89697220299995, 40.83434525399994], [-73.9012157839999, 40.83541014099993], [-73.89666161699988, 40.84352460699996]]]}}, {"id": "59", "type": "Feature", "properties": {"taxi_zone_id": 60, "zone": "Crotona Park East", "borough": "Bronx"}, "geometry": {"type": "Polygon", "coordinates": [[[-73.880061996, 40.84016223499989], [-73.87277204699981, 40.839751282], [-73.87314714699997, 40.838263898999955], [-73.87401051299989, 40.837310004999964], [-73.874908511, 40.837359610000036], [-73.87482228199985, 40.836859479999895], [-73.87756524599996, 40.835818751999945], [-73.87925239499992, 40.83442478999996], [-73.88005188499987, 40.834702058999945], [-73.88390094800003, 40.829802815999926], [-73.8835201879999, 40.82926018099998], [-73.88461335999997, 40.82527650299993], [-73.8843985489999, 40.82296557599994], [-73.88753429599986, 40.822509339000014], [-73.88647552899988, 40.82528542399996], [-73.88601262699991, 40.82823853099996], [-73.8876130789999, 40.82933741899994], [-73.8899110649999, 40.830124191999914], [-73.893360418, 40.830152530999996], [-73.894692052, 40.8306190939999], [-73.89717220999982, 40.830368833000044], [-73.8963019999999, 40.83354321799993], [-73.89697220299995, 40.83434525399994], [-73.89385624299995, 40.83639510199994], [-73.89057363299983, 40.836901047999945], [-73.88874067899994, 40.83796845899994], [-73.88841187199996, 40.83855339099997], [-73.88730373200002, 40.83812719099999], [-73.88618432099992, 40.8401050439999], [-73.88464898099988, 40.83917463299993], [-73.88412724499999, 40.839355918999985], [-73.88274769899992, 40.83859234099994], [-73.88200384100003, 40.83744378199996], [-73.880061996, 40.84016223499989]]]}}, {"id": "60", "type": "Feature", "properties": {"taxi_zone_id": 61, "zone": "Crown Heights North", "borough": "Brooklyn"}, "geometry": {"type": "Polygon", "coordinates": [[[-73.92916130699992, 40.683436323999956], [-73.92900883999985, 40.682702904999935], [-73.92281374299995, 40.68341442999995], [-73.92164666399992, 40.67886992299996], [-73.92275257199998, 40.66709733299994], [-73.92872204599985, 40.664495568999925], [-73.92868404399991, 40.66508602299998], [-73.93698362399994, 40.665535508], [-73.93674946999998, 40.66812737099996], [-73.94781857499984, 40.66878375399994], [-73.9477299629999, 40.669713441999924], [-73.95526963699997, 40.67012490499995], [-73.96131877999991, 40.671406675999926], [-73.96007428300001, 40.674878071], [-73.96318238899983, 40.675529503999925], [-73.96134655899994, 40.68046352399993], [-73.95529361599996, 40.67920315099988], [-73.95543681599985, 40.67995785499998], [-73.95328187399996, 40.68020003099988], [-73.9533701749999, 40.68064050799995], [-73.93435066499993, 40.67956340799996], [-73.93500821699992, 40.682763767999894], [-73.92916130699992, 40.683436323999956]]]}}, {"id": "61", "type": "Feature", "properties": {"taxi_zone_id": 62, "zone": "Crown Heights South", "borough": "Brooklyn"}, "geometry": {"type": "Polygon", "coordinates": [[[-73.92872204599985, 40.664495568999925], [-73.93068465499985, 40.66362047699997], [-73.94282892199992, 40.66284748599993], [-73.94269628999989, 40.66405512900001], [-73.94546293699983, 40.66422610399994], [-73.95720935499996, 40.66351739699995], [-73.95729172699991, 40.66430263299989], [-73.95787061899992, 40.66427335799999], [-73.96033682899981, 40.664108698], [-73.96061544799986, 40.66330274999998], [-73.96095595499996, 40.66328505499996], [-73.96258784899996, 40.67171159699992], [-73.95526963699997, 40.67012490499995], [-73.9477299629999, 40.669713441999924], [-73.94781857499984, 40.66878375399994], [-73.93674946999998, 40.66812737099996], [-73.93698362399994, 40.665535508], [-73.92868404499993, 40.66508602299996], [-73.92872204599985, 40.664495568999925]]]}}, {"id": "62", "type": "Feature", "properties": {"taxi_zone_id": 63, "zone": "Cypress Hills", "borough": "Brooklyn"}, "geometry": {"type": "Polygon", "coordinates": [[[-73.86868454299989, 40.694034691999924], [-73.86602666799992, 40.68191805199999], [-73.86410096700003, 40.68237284999993], [-73.86328640800004, 40.67907719699989], [-73.86234580499983, 40.67916478599997], [-73.86106294999989, 40.67434293499988], [-73.86176409699985, 40.674232259999954], [-73.87231018000001, 40.67775574699993], [-73.87420866699985, 40.67957633999994], [-73.87531627599998, 40.68011098399993], [-73.87688955199985, 40.68016499699998], [-73.88061377799993, 40.67911003199991], [-73.88116730300004, 40.681353662999946], [-73.88489254699988, 40.680811115999866], [-73.88467046600006, 40.679940284999944], [-73.88987439199998, 40.67830214999993], [-73.89621773699986, 40.677358183999964], [-73.8965367649999, 40.67859358099992], [-73.9000462609999, 40.67689308999999], [-73.90404639799989, 40.679220597999915], [-73.9026226229999, 40.68066450299992], [-73.90047001100002, 40.67953524399997], [-73.89786299899986, 40.67987501099993], [-73.89697886299997, 40.68067032699996], [-73.89599727299998, 40.683196878999915], [-73.89417463299992, 40.68528324799995], [-73.89252316799995, 40.68342453299995], [-73.89015418699982, 40.68500398999993], [-73.88962787599998, 40.684236453999944], [-73.88808341799984, 40.68529363199988], [-73.88452250999984, 40.68668474899993], [-73.88377698600002, 40.687863410999974], [-73.87950641199996, 40.691146768999914], [-73.87402053199992, 40.69419129499999], [-73.86891704399994, 40.69515042299992], [-73.8684248969999, 40.69471811899996], [-73.86868454299989, 40.694034691999924]]]}}, {"id": "63", "type": "Feature", "properties": {"taxi_zone_id": 64, "zone": "Douglaston", "borough": "Queens"}, "geometry": {"type": "Polygon", "coordinates": [[[-73.75080593606877, 40.78289337883402], [-73.72356002293202, 40.7661287618341], [-73.72305924186259, 40.76614440615711], [-73.71351828186042, 40.75983773091622], [-73.71767237099996, 40.75931121199992], [-73.72031595299998, 40.75789725799998], [-73.72326673499998, 40.75394759899999], [-73.7264147219999, 40.75191587799989], [-73.72771356199995, 40.75062689499993], [-73.72906670999978, 40.74739095899992], [-73.7310646189999, 40.74488837599992], [-73.7343696589998, 40.74235159899994], [-73.73857175899998, 40.74009212299997], [-73.74016951799993, 40.73848189799991], [-73.74128113899988, 40.73878869200001], [-73.74306820799991, 40.73844081799995], [-73.74360280299992, 40.739012608999964], [-73.74396193599988, 40.740789125999946], [-73.74996804299987, 40.73974575299999], [-73.75098230100001, 40.740021462999906], [-73.75347299999997, 40.742404843999964], [-73.74887697299994, 40.743288375000006], [-73.74567621100002, 40.743027298999955], [-73.74477587099986, 40.743281096999986], [-73.74625984399985, 40.74671147499997], [-73.74384322099985, 40.74769009599993], [-73.74577948799998, 40.75156080499997], [-73.7470988539999, 40.75234682899992], [-73.74774116499985, 40.75384994499997], [-73.74711113899991, 40.75417328599997], [-73.75004764499985, 40.758404658], [-73.75057710699984, 40.758014894999945], [-73.75115582999983, 40.759069768999936], [-73.75230259399993, 40.759455198999966], [-73.75320997199995, 40.75824487299995], [-73.75511648399994, 40.758479497999964], [-73.75583713299987, 40.757742061999984], [-73.75682062199996, 40.75973480599988], [-73.75800131799996, 40.76037986699993], [-73.75848075099995, 40.76199473699995], [-73.75784858699993, 40.762566799999966], [-73.75844672099987, 40.76411514599992], [-73.75886431399988, 40.76327454099997], [-73.75921689799992, 40.764324855999945], [-73.75567226899989, 40.7646911489999], [-73.75377036482259, 40.76530463174148], [-73.75219261536506, 40.76383041851515], [-73.75107432252548, 40.76176367133625], [-73.74861225072561, 40.76092780307602], [-73.74753513475063, 40.75985719618736], [-73.74655981867929, 40.759339147688465], [-73.74626136313661, 40.75777454144913], [-73.74610334252881, 40.757679382258466], [-73.74577582220617, 40.75784863663221], [-73.74455864030777, 40.75655788583255], [-73.74486618338649, 40.757204304879025], [-73.74575984954205, 40.757913517108676], [-73.74631196705487, 40.758054814022785], [-73.74616224371887, 40.75902479927692], [-73.74815865904617, 40.760726377280236], [-73.74837456439465, 40.76155878963082], [-73.7492900714412, 40.76186230015061], [-73.74917394462378, 40.76137774482797], [-73.750570493653, 40.761915474821556], [-73.75507210849031, 40.76753310678747], [-73.7543938826934, 40.76875346274868], [-73.75471391687849, 40.76879514389756], [-73.75470593650574, 40.76974152294528], [-73.7555733264932, 40.77152912592274], [-73.75438074757537, 40.77204127164226], [-73.75336691999293, 40.7732078477634], [-73.75518575394315, 40.776498070830264], [-73.75481322893425, 40.777619032305644], [-73.75551781604717, 40.77758414401998], [-73.75551737581792, 40.77770404836421], [-73.75455791105837, 40.77777659066433], [-73.75299839296423, 40.78128948952216], [-73.75080593606877, 40.78289337883402]]]}}, {"id": "64", "type": "Feature", "properties": {"taxi_zone_id": 65, "zone": "Downtown Brooklyn/MetroTech", "borough": "Brooklyn"}, "geometry": {"type": "Polygon", "coordinates": [[[-73.99093201799984, 40.70076621599993], [-73.98679382899992, 40.700633222999954], [-73.98696892299994, 40.698503614], [-73.98305147099988, 40.69837793399994], [-73.98311793999989, 40.697542042999984], [-73.98050926199988, 40.69744627499995], [-73.98013518099992, 40.69469801699999], [-73.97916718399999, 40.69348832299996], [-73.98251122999989, 40.69361433399994], [-73.98253983699992, 40.693002615999994], [-73.9817588899999, 40.69295517299996], [-73.98213180199996, 40.69122723699993], [-73.98147568199991, 40.689930943999926], [-73.98372011099993, 40.69000671899995], [-73.98947238599989, 40.692295493999985], [-73.99097186899994, 40.69254879999998], [-73.99044474099998, 40.69382825099996], [-73.99142289799993, 40.69778099299993], [-73.99093201799984, 40.70076621599993]]]}}, {"id": "65", "type": "Feature", "properties": {"taxi_zone_id": 66, "zone": "DUMBO/Vinegar Hill", "borough": "Brooklyn"}, "geometry": {"type": "Polygon", "coordinates": [[[-73.97906084869959, 40.70594602900576], [-73.98074079499993, 40.70127731000003], [-73.98040482499984, 40.70069900599995], [-73.98050926199988, 40.69744627499995], [-73.983117941, 40.697542042999956], [-73.98305147099988, 40.69837793399994], [-73.98696892299994, 40.698503614], [-73.98679382799996, 40.70063322299999], [-73.99093201799984, 40.70076621599993], [-73.99286016199979, 40.70220276699996], [-73.99544564312069, 40.70327530547184], [-73.99529346700928, 40.70355406589797], [-73.99466290343602, 40.70343060805659], [-73.99502925916443, 40.70380820086808], [-73.99477614353454, 40.70424586105248], [-73.99350881403605, 40.704623505274014], [-73.99212703535072, 40.704689642033564], [-73.99186159189317, 40.7040866421044], [-73.99094755350794, 40.70403244213923], [-73.99022721196006, 40.70493404448713], [-73.98830332208532, 40.704540468955074], [-73.98828999111284, 40.70507065950023], [-73.98795676491503, 40.70513421741251], [-73.98652973012088, 40.704979099173826], [-73.98643429826662, 40.70534860741956], [-73.98343806260941, 40.7056440949239], [-73.98092510305972, 40.70536925510031], [-73.98090634668807, 40.70590605921024], [-73.97906084869959, 40.70594602900576]]]}}, {"id": "66", "type": "Feature", "properties": {"taxi_zone_id": 67, "zone": "Dyker Heights", "borough": "Brooklyn"}, "geometry": {"type": "Polygon", "coordinates": [[[-74.01514630699995, 40.63322193799996], [-74.01000340799995, 40.63011308899994], [-74.00702302499997, 40.63210999499999], [-74.00193011399998, 40.62903276699994], [-74.00251454799997, 40.628474209999915], [-73.99724067099987, 40.62528868699997], [-73.99771358999998, 40.623680270000015], [-73.99932090299998, 40.62465524699999], [-74.01701910199995, 40.60765441699997], [-74.01549854999998, 40.606841523999975], [-74.01869135699988, 40.603607923999995], [-74.02139467199993, 40.60449399799998], [-74.02078540899996, 40.60567368599994], [-74.02247769499994, 40.60667421599991], [-74.02150602899994, 40.60782209899996], [-74.02430437599998, 40.60945696999994], [-74.0245785549999, 40.61022330199995], [-74.02478376299999, 40.609699628999884], [-74.02710660599995, 40.61024395599995], [-74.02637609099996, 40.61245060299998], [-74.02754297299998, 40.61293718299995], [-74.02525327199992, 40.616678457999996], [-74.020086673, 40.6224209519999], [-74.01970491599991, 40.62218496499993], [-74.01514630699995, 40.63322193799996]]]}}, {"id": "67", "type": "Feature", "properties": {"taxi_zone_id": 68, "zone": "East Chelsea", "borough": "Manhattan"}, "geometry": {"type": "Polygon", "coordinates": [[[-73.99163271299996, 40.754706805], [-74.00252381399994, 40.739752643999914], [-74.00820401899988, 40.7421475179999], [-73.99730671499998, 40.75711050699994], [-73.99163271299996, 40.754706805]]]}}, {"id": "68", "type": "Feature", "properties": {"taxi_zone_id": 69, "zone": "East Concourse/Concourse Village", "borough": "Bronx"}, "geometry": {"type": "Polygon", "coordinates": [[[-73.91179361999997, 40.82642815599994], [-73.91130974499993, 40.824848557999935], [-73.91316674499997, 40.825456454999916], [-73.91351191699981, 40.82480494399994], [-73.91541108199998, 40.82577390899996], [-73.91661368499985, 40.824992308], [-73.91608782899984, 40.82483785199994], [-73.92265261199995, 40.82049431499997], [-73.92518486499998, 40.81801266899992], [-73.92731653099999, 40.81855963399994], [-73.91986089399985, 40.83194722699995], [-73.91371372699993, 40.83880893499995], [-73.91193751499992, 40.84320238799996], [-73.91043026399994, 40.84310772999994], [-73.91046008499987, 40.84279164299991], [-73.90514893999988, 40.84254719499999], [-73.90538358099985, 40.83976898299994], [-73.91049010699992, 40.83073737299991], [-73.908959903, 40.830226232999934], [-73.91169430299983, 40.827758715999956], [-73.91179361999997, 40.82642815599994]]]}}, {"id": "69", "type": "Feature", "properties": {"taxi_zone_id": 70, "zone": "East Elmhurst", "borough": "Queens"}, "geometry": {"type": "Polygon", "coordinates": [[[-73.85912375899987, 40.761275498999986], [-73.85603980899994, 40.75972578699991], [-73.85449593299987, 40.758278638999876], [-73.86567436999994, 40.75762958299993], [-73.87513874300004, 40.75663381599994], [-73.87601371899996, 40.76144373199995], [-73.87499575099986, 40.761264321999995], [-73.87638792400001, 40.76899955799998], [-73.87601415599995, 40.769816976000016], [-73.87608949699984, 40.771536902999905], [-73.87380524599989, 40.771767977999936], [-73.87143357299982, 40.7715764669999], [-73.868098735, 40.77017200900001], [-73.86340214900001, 40.766455511999936], [-73.85912375899987, 40.761275498999986]]]}}, {"id": "70", "type": "Feature", "properties": {"taxi_zone_id": 71, "zone": "East Flatbush/Farragut", "borough": "Brooklyn"}, "geometry": {"type": "Polygon", "coordinates": [[[-73.931907438, 40.656537652999965], [-73.9313911669999, 40.651689607999955], [-73.93038144399998, 40.651734053999895], [-73.92910623099985, 40.63979510599995], [-73.92574389399985, 40.64001446599989], [-73.92652490899992, 40.636492722999925], [-73.92744822299986, 40.635258409999935], [-73.9372670019998, 40.63465062499992], [-73.93701746200003, 40.63231097899996], [-73.94462885499995, 40.631837734999955], [-73.94537272499997, 40.638786954999915], [-73.94826499699982, 40.63860718999997], [-73.94841343400003, 40.63998746399999], [-73.94744296799982, 40.64004766499997], [-73.94778994699976, 40.64330573599994], [-73.94586879199989, 40.643423743999946], [-73.94667414499983, 40.650948119], [-73.94570606199984, 40.651006783999925], [-73.94606690599983, 40.65441026199994], [-73.94703257599998, 40.65433871399993], [-73.94715896299984, 40.655593786999965], [-73.931907438, 40.656537652999965]]]}}, {"id": "71", "type": "Feature", "properties": {"taxi_zone_id": 72, "zone": "East Flatbush/Remsen Village", "borough": "Brooklyn"}, "geometry": {"type": "Polygon", "coordinates": [[[-73.92021313099984, 40.6599754409999], [-73.9195947979998, 40.6619956789999], [-73.91829936299985, 40.6611612569999], [-73.91236458899995, 40.65551356499987], [-73.91012255699995, 40.65585177099998], [-73.90933499299997, 40.652808591999936], [-73.90855790499995, 40.65209593799993], [-73.91995062999999, 40.64470762999992], [-73.91973736999986, 40.6427781479999], [-73.92332654599986, 40.639900215999944], [-73.92356525899983, 40.64249929799995], [-73.92538233099985, 40.642384531999916], [-73.92574389499987, 40.64001446599988], [-73.92910623199991, 40.63979510599994], [-73.93038144299994, 40.6517340539999], [-73.9313911669999, 40.651689607999955], [-73.93190743899989, 40.656537652999994], [-73.92799465199988, 40.65680210099991], [-73.92834017599986, 40.66006003599993], [-73.92725505399994, 40.65933756399992], [-73.92646424299983, 40.65981436199999], [-73.93068465499985, 40.66362047699997], [-73.92637970499992, 40.66551489199995], [-73.92021313099984, 40.6599754409999]]]}}, {"id": "72", "type": "Feature", "properties": {"taxi_zone_id": 73, "zone": "East Flushing", "borough": "Queens"}, "geometry": {"type": "Polygon", "coordinates": [[[-73.7947190109999, 40.750647616999956], [-73.79729524799988, 40.74943505299998], [-73.79472264899997, 40.74759932999992], [-73.7946756879998, 40.74721192799999], [-73.8033521419999, 40.746431964999914], [-73.80276629299996, 40.74812214499995], [-73.80287666499987, 40.7497651489999], [-73.80750599299991, 40.75013658699997], [-73.81416172099998, 40.746138579999894], [-73.820849288, 40.75224154499994], [-73.8184078289999, 40.75383042200001], [-73.82030067699999, 40.755514979999944], [-73.81789245699991, 40.75708633799996], [-73.82063593299986, 40.758872267999934], [-73.81104963199984, 40.76141702100001], [-73.79940088899988, 40.75939721899997], [-73.79493246199993, 40.75779802999999], [-73.7947190109999, 40.750647616999956]]]}}, {"id": "73", "type": "Feature", "properties": {"taxi_zone_id": 74, "zone": "East Harlem North", "borough": "Manhattan"}, "geometry": {"type": "MultiPolygon", "coordinates": [[[[-73.92720299785161, 40.797386747899964], [-73.92767122620857, 40.79721701426628], [-73.92770694127063, 40.79729866388216], [-73.92720299785161, 40.797386747899964]]], [[[-73.92669572614771, 40.80014697707627], [-73.92711464230625, 40.8005637562296], [-73.92666565490181, 40.80018271401786], [-73.92669572614771, 40.80014697707627]]], [[[-73.92653846445016, 40.80033389815398], [-73.92674263892977, 40.8004034989728], [-73.92673683953086, 40.80041147148196], [-73.92653846445016, 40.80033389815398]]], [[[-73.9265095488364, 40.800657031262276], [-73.92704640297914, 40.80065174303135], [-73.92688606022003, 40.80084064836888], [-73.9265095488364, 40.800657031262276]]], [[[-73.93383089287107, 40.81952106376158], [-73.93412073484292, 40.80865645197746], [-73.93030641012538, 40.80378803563393], [-73.92903490240303, 40.80108090385199], [-73.9290364017962, 40.796762594101374], [-73.93006881035544, 40.794700828605485], [-73.93505300002766, 40.79168720295451], [-73.9377361209998, 40.79281580399998], [-73.93864883299987, 40.791557754999914], [-73.94327251199996, 40.793488103], [-73.94187604699994, 40.79540586899991], [-73.94831125500004, 40.79812921799995], [-73.94459751299998, 40.80322814499995], [-73.94613131, 40.803877357999966], [-73.94430194599991, 40.806390824999966], [-73.94275367199994, 40.80574401299992], [-73.9417714019999, 40.80708900000001], [-73.93854407899988, 40.80572965299995], [-73.93580780199986, 40.80949763799991], [-73.93901753299998, 40.81085655699995], [-73.93407463999996, 40.81782651399996], [-73.93440039999986, 40.81966778299997], [-73.93383089287107, 40.81952106376158]]]]}}, {"id": "74", "type": "Feature", "properties": {"taxi_zone_id": 75, "zone": "East Harlem South", "borough": "Manhattan"}, "geometry": {"type": "Polygon", "coordinates": [[[-73.94327251199996, 40.793488103], [-73.93864883299987, 40.791557754999914], [-73.9377361209998, 40.79281580399998], [-73.93505300002766, 40.79168720295451], [-73.93708104382307, 40.78936639571005], [-73.93621859869944, 40.78880049757435], [-73.93714965461099, 40.789168449059446], [-73.93811570089733, 40.78718476275653], [-73.9398261969646, 40.785256552415504], [-73.94246970444752, 40.783896460947126], [-73.94354420706223, 40.78288052416261], [-73.9557773589999, 40.78791392399999], [-73.94831125500004, 40.79812921799995], [-73.94187604699994, 40.79540586899991], [-73.94327251199996, 40.793488103]]]}}, {"id": "75", "type": "Feature", "properties": {"taxi_zone_id": 76, "zone": "East New York", "borough": "Brooklyn"}, "geometry": {"type": "Polygon", "coordinates": [[[-73.88063900599983, 40.67917698499992], [-73.87688955199985, 40.68016499699998], [-73.87531627599998, 40.68011098399993], [-73.87420866699985, 40.67957633999994], [-73.87231018000001, 40.67775574699993], [-73.86176409699988, 40.674232260999936], [-73.86106294999989, 40.67434293499988], [-73.86038937900001, 40.671268774999895], [-73.85763323199998, 40.67165619399989], [-73.85568461199988, 40.66386749199995], [-73.85842950899992, 40.663453359999906], [-73.85761052799985, 40.66010835599996], [-73.8603597819999, 40.65964582899995], [-73.86317083299996, 40.65827651199998], [-73.86269778299766, 40.657618309006175], [-73.86327623068586, 40.65694121532814], [-73.8626411734316, 40.65566753700776], [-73.86098917376945, 40.65520976705261], [-73.85975533686633, 40.65410417609497], [-73.85898002989568, 40.65267545791776], [-73.85695870295892, 40.65058737348716], [-73.8575242937435, 40.6499961902314], [-73.85840315341014, 40.647003901237404], [-73.85716978298206, 40.643678558886016], [-73.86289463224385, 40.642550679682486], [-73.86670411973783, 40.64002176349555], [-73.86548637000524, 40.638765183481674], [-73.86681528201245, 40.63996352766683], [-73.86732291072707, 40.639871983952865], [-73.86867282895082, 40.64092507920338], [-73.87061492461066, 40.64485674188675], [-73.87119172949637, 40.64530535631252], [-73.87257043102892, 40.64557561235973], [-73.87921658230903, 40.65459108377303], [-73.87971979034292, 40.65437592977641], [-73.87318593330937, 40.6454450133616], [-73.87327031255236, 40.64390321434493], [-73.87008544224433, 40.639844181366286], [-73.86989583386247, 40.63893452891955], [-73.86799709668125, 40.63811526520963], [-73.86960972136559, 40.637085534608765], [-73.8692084611063, 40.63746580926103], [-73.86955902490303, 40.63794748432753], [-73.87334087347163, 40.63629514963037], [-73.87498189550749, 40.63694471416905], [-73.87723387188987, 40.63871101050162], [-73.87841589406925, 40.63891218935336], [-73.87458081099992, 40.64561010599998], [-73.87610398000002, 40.646214788999956], [-73.88221364899994, 40.65451863800001], [-73.89000589199989, 40.651148696999975], [-73.89354677099988, 40.65520271399994], [-73.89761013299987, 40.65345381599997], [-73.895861549, 40.6518805269999], [-73.90398200599991, 40.64662856799992], [-73.90944846399994, 40.65152159899995], [-73.907400357, 40.65284398999994], [-73.90784346399994, 40.654591529999934], [-73.90317858399993, 40.65531163399995], [-73.9003948669999, 40.65718420499997], [-73.89612587299993, 40.65781466399997], [-73.88185557299985, 40.66414998799999], [-73.88330883399975, 40.666112004999945], [-73.88810817399994, 40.66404741199994], [-73.889906696, 40.6637782899999], [-73.89069385399985, 40.66685223399998], [-73.88976988599985, 40.66698991499994], [-73.89087805100002, 40.67131808699992], [-73.89271090700004, 40.67104582799997], [-73.89367036399987, 40.67482177099994], [-73.89930675399987, 40.673982041999956], [-73.90004626199993, 40.67689308999999], [-73.8965367649999, 40.67859358099992], [-73.89621773699986, 40.677358183999964], [-73.88987439199998, 40.67830214999993], [-73.88467046600006, 40.679940284999944], [-73.88489254699988, 40.680811115999866], [-73.88116730300004, 40.681353662999946], [-73.88063900599983, 40.67917698499992]]]}}, {"id": "76", "type": "Feature", "properties": {"taxi_zone_id": 77, "zone": "East New York/Pennsylvania Avenue", "borough": "Brooklyn"}, "geometry": {"type": "Polygon", "coordinates": [[[-73.90004626199993, 40.67689308999999], [-73.89930675399987, 40.673982041999956], [-73.89367036399987, 40.67482177099994], [-73.89271090699992, 40.67104582899997], [-73.89087805100002, 40.67131808699992], [-73.88976988599985, 40.66698991499994], [-73.89069385399985, 40.66685223399998], [-73.889906696, 40.6637782899999], [-73.88810817399994, 40.66404741199994], [-73.88330883399975, 40.666112004999945], [-73.88185557299985, 40.66414998799999], [-73.89612587399984, 40.65781466399995], [-73.89880698499995, 40.657406661999914], [-73.89965233299985, 40.660735415999966], [-73.90066118699986, 40.66058615799996], [-73.90145114700002, 40.66365836499999], [-73.90041654099997, 40.66380652699999], [-73.90347422300006, 40.67550668299991], [-73.90004626199993, 40.67689308999999]]]}}, {"id": "77", "type": "Feature", "properties": {"taxi_zone_id": 78, "zone": "East Tremont", "borough": "Bronx"}, "geometry": {"type": "Polygon", "coordinates": [[[-73.88963328299991, 40.85317381799996], [-73.88987871399985, 40.85207022099996], [-73.88276104799992, 40.84805784599995], [-73.88284445599996, 40.847817226], [-73.87732924099988, 40.84398312499999], [-73.878171756, 40.84262443699993], [-73.87459175399982, 40.841520647999964], [-73.87399295499982, 40.842561505999974], [-73.87109207899995, 40.84432478099998], [-73.86889243299994, 40.84811232199994], [-73.86941402699996, 40.848788024999934], [-73.86920944599997, 40.84923837199998], [-73.86785992999984, 40.84886493099995], [-73.86835465899983, 40.84708023299995], [-73.86892652699994, 40.84688174099998], [-73.86863721699987, 40.845309842999974], [-73.86804200399997, 40.84481383899994], [-73.87099518100001, 40.84311139199996], [-73.87359713599987, 40.83979855499998], [-73.880061996, 40.84016223499989], [-73.88200384100003, 40.83744378199996], [-73.88274769899992, 40.83859234099994], [-73.88412724499999, 40.839355918999985], [-73.88464898099988, 40.83917463299993], [-73.88618432099993, 40.840105044999945], [-73.88659802299989, 40.83927904999994], [-73.88813752199992, 40.839862001999954], [-73.88869040799986, 40.83915802599992], [-73.88941724899988, 40.839422733999875], [-73.89537836099996, 40.84293877899995], [-73.89290102299995, 40.846268329999965], [-73.89617712999998, 40.84665832099995], [-73.89407258999996, 40.850713188999954], [-73.89478764999993, 40.85108166699992], [-73.89307140900002, 40.85324998699998], [-73.89216687399981, 40.85276946199993], [-73.89038953999983, 40.85468905800002], [-73.88963328299991, 40.85317381799996]]]}}, {"id": "78", "type": "Feature", "properties": {"taxi_zone_id": 79, "zone": "East Village", "borough": "Manhattan"}, "geometry": {"type": "Polygon", "coordinates": [[[-73.98377990999991, 40.72153595399996], [-73.99260322199994, 40.7241364499999], [-73.99050558599988, 40.730564956999984], [-73.98990295999991, 40.73443478999994], [-73.97802697999985, 40.72943306000003], [-73.98377990999991, 40.72153595399996]]]}}, {"id": "79", "type": "Feature", "properties": {"taxi_zone_id": 80, "zone": "East Williamsburg", "borough": "Brooklyn"}, "geometry": {"type": "Polygon", "coordinates": [[[-73.93226852175046, 40.72817465801569], [-73.92958020690885, 40.727612820708686], [-73.92849418540158, 40.72661460330791], [-73.92787172405019, 40.72585405119767], [-73.92779650104073, 40.724925669216226], [-73.92561470516611, 40.720061662212466], [-73.92481798943687, 40.72026513747538], [-73.92453854985803, 40.71934258020462], [-73.92493181378975, 40.71840582874946], [-73.92837930101507, 40.71757836729015], [-73.92887965179995, 40.717720318623606], [-73.92970539915328, 40.71704927938922], [-73.92947356921455, 40.71572145262116], [-73.93220607307306, 40.71496398092939], [-73.93124067059497, 40.71372481088474], [-73.9326390524247, 40.71305258616939], [-73.93203262980515, 40.71159022307429], [-73.93338484615303, 40.7112337277457], [-73.93328349320237, 40.71097870745797], [-73.9319010192085, 40.71133847142832], [-73.93093227547743, 40.70916531125411], [-73.9303609456579, 40.70871773853525], [-73.93154613746852, 40.71185535175107], [-73.93077894737037, 40.71216042795548], [-73.93161032734847, 40.712038023183084], [-73.93184868877432, 40.71256477418331], [-73.93042294313065, 40.71317255867108], [-73.93105231901723, 40.71461022392335], [-73.92843881814579, 40.715530949575786], [-73.92890601265002, 40.71661895731211], [-73.92827145107027, 40.71708972883217], [-73.92460339476072, 40.71795330607341], [-73.92358786233967, 40.717271580636904], [-73.92305500014334, 40.71634266479339], [-73.92488553507611, 40.71526718765264], [-73.92433589757124, 40.714122593466506], [-73.92223294699991, 40.71285442499994], [-73.92154601699998, 40.7110432839999], [-73.92074519699985, 40.71052968599992], [-73.92189184699987, 40.70939609599988], [-73.93229708600005, 40.70774944699995], [-73.93480281900003, 40.71337249599994], [-73.94068803099992, 40.711962047999904], [-73.94042251999994, 40.711217648], [-73.94378799599994, 40.71090037899997], [-73.94273448399997, 40.704473305999926], [-73.94103009799993, 40.704636177000005], [-73.9408928719998, 40.703914156999936], [-73.94042057899993, 40.70107659799992], [-73.94193078899983, 40.70072523399994], [-73.95023693799996, 40.705473245999926], [-73.95087492699996, 40.70951311499994], [-73.94865533499987, 40.70972498299993], [-73.94937231899985, 40.714066877999905], [-73.95348472199983, 40.71407020799991], [-73.95004619199985, 40.71680522799997], [-73.93765314599989, 40.72426555499991], [-73.93226852175046, 40.72817465801569]]]}}, {"id": "80", "type": "Feature", "properties": {"taxi_zone_id": 81, "zone": "Eastchester", "borough": "Bronx"}, "geometry": {"type": "Polygon", "coordinates": [[[-73.83737956161107, 40.8939247413044], [-73.82267708790054, 40.889619469035694], [-73.82248620406577, 40.89009805420212], [-73.823264898565, 40.889987021030045], [-73.8233660128753, 40.89107513585321], [-73.8228533505322, 40.891206829047626], [-73.79300652624502, 40.88335873744272], [-73.79322870891143, 40.88282259495226], [-73.80550576700001, 40.886092948999895], [-73.80764139499996, 40.885953251999965], [-73.81209659199988, 40.88671500999997], [-73.8154787309999, 40.88668744599999], [-73.82027432999985, 40.88555069999997], [-73.82077408699996, 40.88671060299991], [-73.82387140599998, 40.88778362799999], [-73.83065358999984, 40.88485293899994], [-73.83342222600004, 40.884275395999936], [-73.83664134299984, 40.88212002499996], [-73.84127784699999, 40.88031754799992], [-73.84324113799987, 40.879108912999946], [-73.8381484219999, 40.87695329899994], [-73.83924788999988, 40.87661873799995], [-73.83746027699992, 40.873222649999946], [-73.83829221499984, 40.87295133899998], [-73.83565766499989, 40.86751275599998], [-73.83315960399985, 40.868319755999984], [-73.82954731199996, 40.86216408699995], [-73.82834347399992, 40.860892025999945], [-73.82950892699994, 40.8618412129999], [-73.83089329699999, 40.862212848999974], [-73.84792614099985, 40.871342233999954], [-73.85363638799987, 40.87330059900001], [-73.85068955699988, 40.87548667799999], [-73.85172236099986, 40.87684337099998], [-73.85254854099988, 40.87709158699997], [-73.85091896099982, 40.877893440999905], [-73.85248305800003, 40.87946370499992], [-73.84704957999995, 40.88767181599993], [-73.83554853999995, 40.88913350399994], [-73.83737956161107, 40.8939247413044]]]}}, {"id": "81", "type": "Feature", "properties": {"taxi_zone_id": 82, "zone": "Elmhurst", "borough": "Queens"}, "geometry": {"type": "Polygon", "coordinates": [[[-73.86768504899995, 40.744071717999965], [-73.86756253399983, 40.740941889], [-73.8644708619999, 40.73400727400002], [-73.87969354099992, 40.72901015899995], [-73.88500729499985, 40.72837189499993], [-73.88720524999995, 40.727792996999895], [-73.8875596219999, 40.73019705599993], [-73.88805975199999, 40.730087229999924], [-73.8885228599999, 40.73453115999996], [-73.88381086999975, 40.733559535999895], [-73.883529104, 40.733848278999886], [-73.87752195799992, 40.731593168999964], [-73.87725122499988, 40.73179415299994], [-73.87822455999998, 40.7321022689999], [-73.87708276299998, 40.73290931699996], [-73.88066188999987, 40.73570787399999], [-73.88033059399994, 40.73733367699994], [-73.88230252700001, 40.73770770099997], [-73.87743058400002, 40.73860051599996], [-73.87848682299996, 40.73993390899996], [-73.88100387999987, 40.741840662], [-73.882942868, 40.74160954399987], [-73.88282912199988, 40.74099228299992], [-73.88551225099984, 40.740165018999924], [-73.88572588199987, 40.74128870599993], [-73.887511321, 40.741082526999946], [-73.88798650799986, 40.74354819199998], [-73.89071647499993, 40.74312778399997], [-73.89139145499985, 40.74664100399988], [-73.8917504879999, 40.746811726999915], [-73.86942458599985, 40.74915685199996], [-73.86852925199995, 40.74758830199998], [-73.86768504899995, 40.744071717999965]]]}}, {"id": "82", "type": "Feature", "properties": {"taxi_zone_id": 83, "zone": "Elmhurst/Maspeth", "borough": "Queens"}, "geometry": {"type": "Polygon", "coordinates": [[[-73.89139145499985, 40.74664100399988], [-73.89071647499993, 40.74312778399997], [-73.88798650799986, 40.74354819199998], [-73.887511321, 40.741082526999946], [-73.88572588200003, 40.74128870499995], [-73.88551225099984, 40.740165018999924], [-73.88282912199988, 40.74099228299992], [-73.882942868, 40.74160954399987], [-73.88100387999987, 40.741840662], [-73.87791831799989, 40.73939495699994], [-73.87743058399992, 40.73860051499996], [-73.88230252700001, 40.73770770099997], [-73.88033059399994, 40.73733367699994], [-73.88066188999987, 40.73570787399999], [-73.87708276299998, 40.73290931699996], [-73.87822455999998, 40.7321022689999], [-73.87725122499988, 40.73179415299994], [-73.87752195799992, 40.731593168999964], [-73.883529104, 40.733848278999886], [-73.88381086999975, 40.733559535999895], [-73.8885228599999, 40.73453115999996], [-73.89255554699984, 40.73447812599999], [-73.89492421799993, 40.73500772199998], [-73.89830799699995, 40.73519418400001], [-73.90015343399983, 40.734796404999955], [-73.90107970900003, 40.733914633999895], [-73.90516948899983, 40.7358596429999], [-73.90628903499987, 40.732400751999926], [-73.91068876399997, 40.73347108199996], [-73.90926002999988, 40.73640317999988], [-73.90672950499994, 40.73691348499995], [-73.90057825399985, 40.739492895999895], [-73.89524819599988, 40.74381972999999], [-73.8946865809999, 40.74562431999994], [-73.89624245599988, 40.74871954499991], [-73.89139145499985, 40.74664100399988]]]}}, {"id": "83", "type": "Feature", "properties": {"taxi_zone_id": 84, "zone": "Eltingville/Annadale/Prince's Bay", "borough": "Staten Island"}, "geometry": {"type": "Polygon", "coordinates": [[[-74.16134961699994, 40.529373423999935], [-74.15988277075512, 40.52736935827447], [-74.1603409737616, 40.52754982813116], [-74.16158217423518, 40.5270134777767], [-74.16227196108895, 40.527194262810944], [-74.164602248092, 40.52615279838776], [-74.1699971116146, 40.523045772452356], [-74.17110263696175, 40.52354970667373], [-74.1720632017547, 40.52332056936476], [-74.17601245479067, 40.52087596282912], [-74.17756306042942, 40.51921761815991], [-74.17831876690433, 40.51994578563501], [-74.17924381368908, 40.519984216674494], [-74.17981016948934, 40.52055233770604], [-74.18104081208887, 40.520705036287175], [-74.1848311647976, 40.51934135860087], [-74.18849353720901, 40.51634002459579], [-74.18926875557315, 40.515344976872406], [-74.18884297815646, 40.51508716631715], [-74.18971218498393, 40.515320378534355], [-74.19409643736367, 40.51064124236226], [-74.19521339999068, 40.509977652955655], [-74.19649936989559, 40.50992353139788], [-74.19860831704759, 40.51119702314988], [-74.19967205357709, 40.511426850497514], [-74.2000371231315, 40.512677599829786], [-74.19892572793859, 40.51277730599839], [-74.19936127407834, 40.513010194432205], [-74.20082898254232, 40.513030703958464], [-74.20759701728615, 40.511835156151854], [-74.20968789397446, 40.510797369342406], [-74.2091899682503, 40.510499056955226], [-74.2093220046419, 40.510398628895445], [-74.2098765501006, 40.51064660037083], [-74.21353130803675, 40.50639747722789], [-74.21434250129728, 40.506518911287245], [-74.21510815859857, 40.50605975566714], [-74.21754755095681, 40.503360049490645], [-74.21977016417237, 40.50274268846477], [-74.22188242299993, 40.50267484099993], [-74.22321582499997, 40.508658610999916], [-74.22290251399993, 40.50893653999993], [-74.22663407199991, 40.517251010000024], [-74.22690993399992, 40.51917139799988], [-74.22549932099996, 40.51850518799995], [-74.22379595899992, 40.51819634599995], [-74.21760570099997, 40.52087168799992], [-74.21354593499994, 40.521235714999975], [-74.21409806799993, 40.52409719499995], [-74.21142518399989, 40.52441410199992], [-74.20919660199999, 40.525376579999914], [-74.20755306399994, 40.52524734899992], [-74.20152661599995, 40.52626520599997], [-74.19909783799994, 40.52829964499997], [-74.19174368799999, 40.53191669699989], [-74.19377169299999, 40.53583384699998], [-74.19135323799996, 40.53666485899986], [-74.18903145199995, 40.53815934199993], [-74.18128532999992, 40.54695757299995], [-74.17512402999996, 40.55762003799997], [-74.17185166499996, 40.56152092299994], [-74.16982582400001, 40.56109042099996], [-74.16707279099998, 40.54816306699997], [-74.16623327299993, 40.547342479], [-74.16540080799992, 40.54443272299994], [-74.15786625499994, 40.53655809499989], [-74.15397419799994, 40.534268147999974], [-74.15690813799995, 40.53126202799996], [-74.16134961699994, 40.529373423999935]]]}}, {"id": "84", "type": "Feature", "properties": {"taxi_zone_id": 85, "zone": "Erasmus", "borough": "Brooklyn"}, "geometry": {"type": "Polygon", "coordinates": [[[-73.94715896299984, 40.655593786999965], [-73.94703257599998, 40.65433871399993], [-73.94606690599983, 40.65441026199994], [-73.94570606199984, 40.651006783999925], [-73.94667414499983, 40.650948119], [-73.94586879199989, 40.643423743999946], [-73.94778994699976, 40.64330573599994], [-73.94744296799982, 40.64004766499997], [-73.94841343400003, 40.63998746399999], [-73.94826499600005, 40.63860718999997], [-73.9536000469999, 40.63842234699997], [-73.95763644599988, 40.64268949899995], [-73.9587078989999, 40.65038727299993], [-73.94957113100006, 40.65080789999996], [-73.95006664899988, 40.65542299699992], [-73.94715896299984, 40.655593786999965]]]}}, {"id": "85", "type": "Feature", "properties": {"taxi_zone_id": 86, "zone": "Far Rockaway", "borough": "Queens"}, "geometry": {"type": "Polygon", "coordinates": [[[-73.76669071688973, 40.61422662157117], [-73.76516400829198, 40.61375420268662], [-73.76505961679173, 40.6120352306105], [-73.76229944090417, 40.611359206045904], [-73.76172413788875, 40.611847242757726], [-73.76023635756965, 40.61082086495032], [-73.76178242960593, 40.60915167005452], [-73.76155051905889, 40.609031365800824], [-73.75998446974822, 40.610879377846715], [-73.7594911983337, 40.61081579591093], [-73.75972099038579, 40.610151598082886], [-73.75585531563948, 40.61031766081569], [-73.7556083701559, 40.61007791963753], [-73.75587412912142, 40.61038518505487], [-73.75499501085996, 40.61013220802832], [-73.74821585891324, 40.612011077794776], [-73.74799307308612, 40.61231015798397], [-73.74761418914572, 40.61199801094236], [-73.74721567892574, 40.61217883882536], [-73.74685539012165, 40.61157410052974], [-73.7457615018933, 40.61199165437437], [-73.74307247919678, 40.607886097193415], [-73.74314655207264, 40.60725986604789], [-73.74029138988145, 40.604598231889256], [-73.73922512581528, 40.60414236691347], [-73.73815143112287, 40.60271044008341], [-73.73808925304176, 40.59768829704558], [-73.73871968076894, 40.59694881732648], [-73.73857461617719, 40.59724463157774], [-73.73862641254613, 40.597265914624856], [-73.73878797513527, 40.596975356143155], [-73.73938023658849, 40.597239072998356], [-73.73992747215387, 40.5970549495367], [-73.74009714262667, 40.59620864729182], [-73.74039153834975, 40.5961821956732], [-73.7403601274953, 40.59677499554014], [-73.7406438431081, 40.59700119865832], [-73.74183083531219, 40.59669555145684], [-73.74052059824265, 40.596571855974965], [-73.74054701362383, 40.59611968571797], [-73.73992792985005, 40.596061587313386], [-73.73957904997508, 40.59637633784873], [-73.7394966087387, 40.59702037075914], [-73.73974724022848, 40.59654260483512], [-73.73979634028939, 40.59688267562791], [-73.73950885867268, 40.59704004409157], [-73.73939810824884, 40.59704632565626], [-73.73858431403262, 40.596860947776165], [-73.73812220887619, 40.59738610206944], [-73.73763679389783, 40.594415399838], [-73.74062832064128, 40.59472165227209], [-73.7409017059638, 40.594488248750636], [-73.74222603097068, 40.594905883324294], [-73.74664920374843, 40.5942808950088], [-73.75022538179961, 40.59270823678699], [-73.75154772812445, 40.59142200868544], [-73.75352988157324, 40.590946485000636], [-73.7559546362305, 40.59087419804987], [-73.76134311678325, 40.5917266338504], [-73.76376223423699, 40.591439709016825], [-73.76440183099986, 40.59457168299994], [-73.76277845599988, 40.594756543999935], [-73.7633344969999, 40.597822873999945], [-73.76128753399995, 40.59954927099999], [-73.76165797299984, 40.59997306999993], [-73.76336096499996, 40.59910504299999], [-73.76444582499997, 40.60043524099993], [-73.76654204999997, 40.59943444199994], [-73.76599689399985, 40.59872106199992], [-73.76695532899997, 40.598067273999945], [-73.76717720099997, 40.59662318099995], [-73.76771811799995, 40.596261309999946], [-73.76795043655434, 40.59815851141855], [-73.77033634816473, 40.59898422333279], [-73.77098168371994, 40.59889409104956], [-73.7711110344584, 40.60054602854741], [-73.77018588274089, 40.60274882332515], [-73.77048113198757, 40.604841905319965], [-73.76985219369494, 40.60594001930249], [-73.77001104335504, 40.60721172498075], [-73.76895714023856, 40.6092799180564], [-73.76976745552511, 40.610064188671785], [-73.77125101879477, 40.610389837101785], [-73.77221438055132, 40.611497664584], [-73.773383685269, 40.611152950391684], [-73.77296268686533, 40.610152762945745], [-73.77394430327868, 40.61212373901885], [-73.77417180232338, 40.61182871527593], [-73.77339803484178, 40.61368296748424], [-73.76669071688973, 40.61422662157117]]]}}, {"id": "86", "type": "Feature", "properties": {"taxi_zone_id": 87, "zone": "Financial District North", "borough": "Manhattan"}, "geometry": {"type": "Polygon", "coordinates": [[[-74.00505672899992, 40.70878876900001], [-74.00197014837809, 40.70473115920237], [-74.00243071075859, 40.70467785800444], [-74.00332307270776, 40.70562859522006], [-74.00363187169316, 40.70542980675183], [-74.00297246475286, 40.7047664924426], [-74.00364446183858, 40.70542168463887], [-74.00459003883661, 40.704787752945], [-74.00349632042315, 40.703796769267825], [-74.00371987043047, 40.70365448194473], [-74.00480628900739, 40.704642069051275], [-74.00518805067318, 40.70442053569058], [-74.00492580498366, 40.7042118083847], [-74.0053502722475, 40.70431007996153], [-74.004272587521, 40.70301566641153], [-74.00563775955965, 40.70410583053923], [-74.00659591913875, 40.703685902451895], [-74.00530412596079, 40.702559865633084], [-74.00550166067457, 40.70243086779707], [-74.00678502191047, 40.70356812790529], [-74.0077967509999, 40.70306351499997], [-74.00974639299996, 40.70477524799997], [-74.0098658089999, 40.705796426999974], [-74.01250773999998, 40.70676706599998], [-74.00906264799988, 40.71088670399998], [-74.00505672899992, 40.70878876900001]]]}}, {"id": "87", "type": "Feature", "properties": {"taxi_zone_id": 88, "zone": "Financial District South", "borough": "Manhattan"}, "geometry": {"type": "Polygon", "coordinates": [[[-74.00974639299996, 40.70477524799997], [-74.00760498189766, 40.70299314132922], [-74.00930907655483, 40.701954603022536], [-74.00869964313567, 40.701139867542224], [-74.00775549150644, 40.70154800167178], [-74.00759136204225, 40.701328081048196], [-74.00853611510763, 40.700919695745114], [-74.00862036163882, 40.700552164215885], [-74.00960052263278, 40.70186548191789], [-74.01116664151876, 40.70147720220835], [-74.01082511780585, 40.70020930486721], [-74.01115033556829, 40.70089840010096], [-74.01133409410409, 40.7005683536823], [-74.0117292681748, 40.700770118059665], [-74.01163147918638, 40.70045821824814], [-74.01208668214687, 40.70068130873924], [-74.01196196116912, 40.700037545595535], [-74.01239160032279, 40.70062052809408], [-74.01261382087367, 40.70010826581115], [-74.01310747847366, 40.70050745218072], [-74.01311303826309, 40.69977416588527], [-74.0132734948308, 40.700496870227845], [-74.01348560832729, 40.700478222908444], [-74.01353285018102, 40.70010816142332], [-74.01367479307396, 40.70012582122541], [-74.01355826979739, 40.700939870915285], [-74.01415893499998, 40.70109628999993], [-74.01376867899998, 40.70114326299995], [-74.01442983199998, 40.703150647999955], [-74.01428922899998, 40.70454907499994], [-74.01326979499997, 40.704553496000024], [-74.01325396399993, 40.70587051399994], [-74.01240001199992, 40.70678480799993], [-74.0098658089999, 40.705796426999974], [-74.00974639299996, 40.70477524799997]]]}}, {"id": "88", "type": "Feature", "properties": {"taxi_zone_id": 89, "zone": "Flatbush/Ditmas Park", "borough": "Brooklyn"}, "geometry": {"type": "Polygon", "coordinates": [[[-73.95374853799996, 40.63858633799997], [-73.94537272499997, 40.638786954999915], [-73.94462885499995, 40.631837734999955], [-73.94647961799998, 40.63170816199995], [-73.94415535299991, 40.62950828499994], [-73.95995565099992, 40.62777867199995], [-73.96040734299989, 40.630162530999954], [-73.96232599399991, 40.629968716999954], [-73.97136622199992, 40.628929162], [-73.97092126300004, 40.626569984999996], [-73.97623453700001, 40.625976349999924], [-73.97716511999984, 40.63074665399992], [-73.96986869299991, 40.63419467499992], [-73.97029036199991, 40.636406340999926], [-73.96803868499985, 40.63665098499997], [-73.97139631700004, 40.6482577859999], [-73.96465438699984, 40.65088772799996], [-73.96621321999996, 40.653189404999935], [-73.95986103199981, 40.65563478899993], [-73.95825517200004, 40.64853244900002], [-73.95763644599988, 40.64268949899995], [-73.95374853799996, 40.63858633799997]]]}}, {"id": "89", "type": "Feature", "properties": {"taxi_zone_id": 90, "zone": "Flatiron", "borough": "Manhattan"}, "geometry": {"type": "Polygon", "coordinates": [[[-73.99141858599994, 40.74480268199992], [-73.99683993899998, 40.737360889], [-74.00252381499989, 40.73975264399999], [-73.99709902899994, 40.74720510199997], [-73.99141858599994, 40.74480268199992]]]}}, {"id": "90", "type": "Feature", "properties": {"taxi_zone_id": 91, "zone": "Flatlands", "borough": "Brooklyn"}, "geometry": {"type": "Polygon", "coordinates": [[[-73.91973736999986, 40.6427781479999], [-73.91690302699992, 40.61627422899998], [-73.9205269409999, 40.61394269499991], [-73.92062400299996, 40.614838681999956], [-73.92640044599995, 40.61447853499992], [-73.92629604599998, 40.61311679899996], [-73.93173179199982, 40.6179269209999], [-73.93320457599995, 40.616970441999946], [-73.93686699599992, 40.62025328099995], [-73.94078914099985, 40.6176967899999], [-73.9434696199999, 40.61738500099996], [-73.94573691999982, 40.61536340699995], [-73.94651373199997, 40.619494019], [-73.94451833400001, 40.61971364699994], [-73.94542442899984, 40.624495609999954], [-73.946422661, 40.624385566999955], [-73.94732672199996, 40.62916656699987], [-73.94415535299991, 40.62950828499994], [-73.94647961799998, 40.63170816199995], [-73.93701746200003, 40.63231097899996], [-73.9372670019998, 40.63465062499992], [-73.92744822299986, 40.635258409999935], [-73.92616377799996, 40.63757296099991], [-73.92538233099985, 40.642384531999916], [-73.92356525899983, 40.64249929799995], [-73.92332654599986, 40.639900215999944], [-73.91973736999986, 40.6427781479999]]]}}, {"id": "91", "type": "Feature", "properties": {"taxi_zone_id": 92, "zone": "Flushing", "borough": "Queens"}, "geometry": {"type": "Polygon", "coordinates": [[[-73.82583089999997, 40.7759152709999], [-73.82655841999986, 40.77013708399996], [-73.82466908999987, 40.77040760799989], [-73.82348245199985, 40.76465179199997], [-73.82080684899987, 40.75894178299995], [-73.81789245699991, 40.75708633799996], [-73.82030067699999, 40.755514979999944], [-73.8184078289999, 40.75383042200001], [-73.820849288, 40.75224154499994], [-73.8153731739999, 40.74721833799999], [-73.81575069499983, 40.74697947999995], [-73.82108427599998, 40.74855844599996], [-73.82426493900002, 40.751832889], [-73.82576557299983, 40.75096902399997], [-73.82584440999999, 40.749348390999955], [-73.82765641899984, 40.749860830999936], [-73.83091972599982, 40.74896171099993], [-73.8312547989999, 40.74810635999995], [-73.83300302099987, 40.74783363099991], [-73.83229535699988, 40.751941790999894], [-73.83560230899995, 40.75139485299995], [-73.83701406699998, 40.754027420999925], [-73.83778038200002, 40.75413068299998], [-73.83805974199996, 40.75466660699994], [-73.83867321899987, 40.757019978999985], [-73.83679107299986, 40.76116667099997], [-73.83689970199995, 40.762698117999946], [-73.83790429599993, 40.76458779699992], [-73.8394581342306, 40.76544576822931], [-73.83805766700006, 40.76759634399991], [-73.83614052499993, 40.769527374], [-73.83000011099983, 40.77373240700001], [-73.82830621299996, 40.77600078799997], [-73.82513740299993, 40.781699706], [-73.82224127699999, 40.78169387899998], [-73.82433101899987, 40.77674306999997], [-73.82583089999997, 40.7759152709999]]]}}, {"id": "92", "type": "Feature", "properties": {"taxi_zone_id": 93, "zone": "Flushing Meadows-Corona Park", "borough": "Queens"}, "geometry": {"type": "Polygon", "coordinates": [[[-73.8569635593979, 40.764074427863136], [-73.8566748236235, 40.76393018832618], [-73.85758285470693, 40.76307290062665], [-73.8565867538878, 40.762722840114264], [-73.8567823696347, 40.762508277406624], [-73.85760424037194, 40.76305328178903], [-73.85817631070508, 40.76239629422384], [-73.8566119581333, 40.76164954275933], [-73.85819433132511, 40.76237410798456], [-73.85858526284439, 40.76191700859702], [-73.85747662435531, 40.76130891668737], [-73.85522306397422, 40.76081695051197], [-73.85466366458877, 40.760171169562135], [-73.85372403934942, 40.7602463886349], [-73.85158552901191, 40.759355420656995], [-73.8501750399337, 40.75959160122564], [-73.84930110814332, 40.760242875349995], [-73.84987484496149, 40.761103812948505], [-73.85207200177854, 40.76039288467216], [-73.84981162475142, 40.76127097400826], [-73.8486865565891, 40.76013849511067], [-73.84670933714986, 40.76134526931981], [-73.84606731299985, 40.76090886399989], [-73.84324381399976, 40.75533680399998], [-73.83867321899987, 40.757019978999985], [-73.83778038200002, 40.75413068299998], [-73.83701406699998, 40.754027420999925], [-73.83560230899995, 40.75139485299995], [-73.83229535699988, 40.751941790999894], [-73.83300302099987, 40.74783363099991], [-73.83469042599992, 40.74690269799998], [-73.83567553899992, 40.744850517999964], [-73.8360998919999, 40.74242906899994], [-73.83699037399995, 40.742093300999954], [-73.83669458799984, 40.73954125399999], [-73.83627527100005, 40.73956837599996], [-73.83564585599999, 40.738491010999894], [-73.83563372699986, 40.737111629999966], [-73.83635625099998, 40.73500859199992], [-73.83612778599989, 40.734241311999966], [-73.83489939499987, 40.73296764199997], [-73.83400368799985, 40.73156770999997], [-73.83386267199987, 40.73055318899992], [-73.83073214599987, 40.72654932799997], [-73.82805145299996, 40.72532484999994], [-73.8273090039999, 40.72464607699994], [-73.82556765699991, 40.71972101499994], [-73.82531644999993, 40.71727569999999], [-73.81729568999994, 40.71757964499999], [-73.82018883899984, 40.716735223999905], [-73.8218741769999, 40.716917117999884], [-73.82524731699984, 40.71645544499993], [-73.82715524299999, 40.71538800399993], [-73.83103141800002, 40.714336725999964], [-73.83145866999996, 40.71455444899996], [-73.83050460999999, 40.71485694399994], [-73.8297961659998, 40.71556571899991], [-73.83488359399998, 40.71930327199998], [-73.83538045099985, 40.72072217999997], [-73.83985434299984, 40.72817756899992], [-73.84421250399983, 40.73273304099998], [-73.84689366199993, 40.73867121699995], [-73.84777844199982, 40.73934483499993], [-73.84823627999982, 40.739290401000005], [-73.84780164699998, 40.74004967699994], [-73.85011556599989, 40.740723563000024], [-73.85436928099993, 40.74873892999993], [-73.85086439699991, 40.749995641999895], [-73.85261725399984, 40.753405065999935], [-73.85379813799992, 40.757177611999985], [-73.85525140099982, 40.75914752999997], [-73.85912375899987, 40.761275498999986], [-73.86109724399991, 40.763664477999946], [-73.86043337809801, 40.7638688824378], [-73.85892298182517, 40.76212234652155], [-73.85864510487932, 40.76251439590906], [-73.85861915281858, 40.76193559699891], [-73.85765473616219, 40.76307982335121], [-73.85850081255238, 40.76337643358509], [-73.85834319308864, 40.76356256146063], [-73.85763896602006, 40.76309944863472], [-73.8569635593979, 40.764074427863136]]]}}, {"id": "93", "type": "Feature", "properties": {"taxi_zone_id": 94, "zone": "Fordham South", "borough": "Bronx"}, "geometry": {"type": "Polygon", "coordinates": [[[-73.89964261700001, 40.862210436999916], [-73.897143798, 40.86244506499995], [-73.89883814599983, 40.85930730799995], [-73.89573924699978, 40.858138206999904], [-73.8946932639999, 40.85942628199995], [-73.89381026099987, 40.85898656499999], [-73.89138023399983, 40.861700587999955], [-73.89106280699994, 40.86152941199994], [-73.8911537559998, 40.86091361600002], [-73.8956088329998, 40.85457036999991], [-73.89709926799996, 40.85517229099992], [-73.89863543699985, 40.85390697499997], [-73.89816577499982, 40.85514637599991], [-73.90077922699986, 40.85604710999996], [-73.90185996099993, 40.854586148999985], [-73.90395154299999, 40.854973922999974], [-73.90557007299988, 40.85578732199993], [-73.90468371399987, 40.85706030199993], [-73.90565953499988, 40.85739873400002], [-73.90351390599986, 40.860917509999915], [-73.90254479399998, 40.860578254999936], [-73.90107966999994, 40.862756382999954], [-73.89964261700001, 40.862210436999916]]]}}, {"id": "94", "type": "Feature", "properties": {"taxi_zone_id": 95, "zone": "Forest Hills", "borough": "Queens"}, "geometry": {"type": "Polygon", "coordinates": [[[-73.84750820299993, 40.73900780699999], [-73.84689366199993, 40.73867121699995], [-73.84605541799989, 40.7370991879999], [-73.84542613099978, 40.73494980299998], [-73.844060203, 40.73249273999994], [-73.83985434299984, 40.72817756899992], [-73.83538045099985, 40.72072217999997], [-73.83488359399998, 40.71930327199998], [-73.8297961659998, 40.71556571899991], [-73.83050460999999, 40.71485694399994], [-73.83145866999996, 40.71455444899996], [-73.83103141799982, 40.71433672499992], [-73.8377089419999, 40.711036483999905], [-73.84491011200004, 40.70856033099998], [-73.84933156199999, 40.708388333999984], [-73.85593991699984, 40.706398033999946], [-73.85667714399985, 40.707691873999906], [-73.8586809759999, 40.72261243999991], [-73.85990796499992, 40.7243462339999], [-73.86203833799982, 40.725956784999966], [-73.85805416899993, 40.72444540599991], [-73.857271081, 40.72568129799993], [-73.8594198799999, 40.72646483799996], [-73.8580876569999, 40.72856872199992], [-73.85741240699991, 40.728322479999896], [-73.85851097899999, 40.73028680199994], [-73.85625665099992, 40.73095912299998], [-73.85872465799989, 40.73570864399993], [-73.85187067499986, 40.73734292899999], [-73.84750820299993, 40.73900780699999]]]}}, {"id": "95", "type": "Feature", "properties": {"taxi_zone_id": 96, "zone": "Forest Park/Highland Park", "borough": "Queens"}, "geometry": {"type": "Polygon", "coordinates": [[[-73.84314625299982, 40.70922345599999], [-73.83714702999997, 40.70795704599993], [-73.83810401799988, 40.70631302399993], [-73.83696237799982, 40.70421245199998], [-73.84156378099983, 40.7011005979999], [-73.845024729, 40.69935937699994], [-73.84913837299976, 40.69828274100001], [-73.85070842300001, 40.700203124999916], [-73.85443455699989, 40.700602952], [-73.8527113089999, 40.698414962000015], [-73.85277238699999, 40.69755711199994], [-73.86842489800001, 40.694718119999976], [-73.86891704399994, 40.69515042299992], [-73.874020533, 40.69419129499998], [-73.87950641199996, 40.691146768999914], [-73.88377698600002, 40.687863410999974], [-73.88452250999984, 40.68668474899993], [-73.88808341799984, 40.68529363199988], [-73.88962787599998, 40.684236453999944], [-73.89015418699982, 40.68500398999993], [-73.89252316899987, 40.68342453299995], [-73.89417463299992, 40.68528324799995], [-73.89646625099994, 40.68233642199993], [-73.90116155099986, 40.68787793499999], [-73.90042465099988, 40.688183897999885], [-73.90180467199994, 40.69076629799994], [-73.9003866789998, 40.69313995999997], [-73.89736265799978, 40.69411084699993], [-73.89691021299986, 40.69384226999996], [-73.89768631800001, 40.69336525799994], [-73.89695653499987, 40.69194920699995], [-73.89474270999995, 40.69263695199995], [-73.89326209899984, 40.69220094699998], [-73.89357935000005, 40.69308532899991], [-73.89558625499983, 40.69397916199993], [-73.8950769439999, 40.69459138999989], [-73.89245207599993, 40.69522572799989], [-73.89195658699997, 40.69441056999994], [-73.88919365299998, 40.694935769999944], [-73.88828642399997, 40.695236916999946], [-73.88865416899996, 40.695829548999974], [-73.88642048199995, 40.696458148999966], [-73.88779396299992, 40.69766542699993], [-73.88818025800003, 40.69885791099996], [-73.88771297999985, 40.69967807599995], [-73.88280948499987, 40.70068345499994], [-73.88182690599986, 40.699529298999906], [-73.87621714199997, 40.70159500500001], [-73.87639785199995, 40.70229404199995], [-73.86285374199994, 40.70341449199996], [-73.85819890699996, 40.70291107399991], [-73.85893224399979, 40.701320344999935], [-73.85725351500002, 40.701212176999924], [-73.85716688299983, 40.70167410499997], [-73.85529571500001, 40.701991009999965], [-73.85529275899978, 40.70259550199999], [-73.85252019099998, 40.70229172400003], [-73.854739573, 40.705184849999995], [-73.85473240499985, 40.706764142999916], [-73.84933156199999, 40.708388333999984], [-73.84567198199987, 40.708410365999946], [-73.84314625299982, 40.70922345599999]]]}}, {"id": "96", "type": "Feature", "properties": {"taxi_zone_id": 97, "zone": "Fort Greene", "borough": "Brooklyn"}, "geometry": {"type": "Polygon", "coordinates": [[[-73.9697278989999, 40.69780401399989], [-73.96880989600005, 40.69312038199999], [-73.96983118499983, 40.69313424400002], [-73.96910362499993, 40.689467521999894], [-73.97013154199992, 40.689506307999885], [-73.96868961400001, 40.682005257999926], [-73.97595299799993, 40.68347469799992], [-73.97745722099987, 40.684052286999915], [-73.98092822899991, 40.6889024769999], [-73.98372011099993, 40.69000671899995], [-73.98147568199991, 40.689930943999926], [-73.98213180199996, 40.69122723699993], [-73.9817588899999, 40.69295517299996], [-73.98253983699992, 40.693002615999994], [-73.98251122999989, 40.69361433399994], [-73.97916718399999, 40.69348832299996], [-73.98013518099992, 40.69469801699999], [-73.98054419199988, 40.69824651199991], [-73.9697278989999, 40.69780401399989]]]}}, {"id": "97", "type": "Feature", "properties": {"taxi_zone_id": 98, "zone": "Fresh Meadows", "borough": "Queens"}, "geometry": {"type": "Polygon", "coordinates": [[[-73.76556849699985, 40.7432581549999], [-73.7624860929999, 40.736730980999916], [-73.76273303499985, 40.73526216299998], [-73.76510920699994, 40.734556584999964], [-73.76369979199988, 40.73286411699995], [-73.76564374500005, 40.732533127], [-73.76234209799992, 40.72953829099992], [-73.75669771299987, 40.72622871099994], [-73.75994854100003, 40.72580527799994], [-73.76568253199987, 40.72637752399996], [-73.76924074899993, 40.72590270099994], [-73.774371087, 40.72426113199992], [-73.77727808000003, 40.72234633599993], [-73.7780376599998, 40.723284268999876], [-73.77700327899989, 40.72372000899997], [-73.7752338719998, 40.72523753299989], [-73.77757506899987, 40.730193272999884], [-73.79174472699992, 40.72578884999997], [-73.79378938699998, 40.73070118099994], [-73.79397708699996, 40.73229685299992], [-73.79459486499994, 40.73340935799994], [-73.79458633199991, 40.73505225199991], [-73.79584803299987, 40.73807467999995], [-73.79651029099988, 40.73790863699993], [-73.79607605199982, 40.73814429799999], [-73.79640218700004, 40.73828235799989], [-73.78036603499996, 40.742591662999935], [-73.7724146099999, 40.74388484499995], [-73.76772991399994, 40.74577622599997], [-73.76687853500006, 40.744093578999916], [-73.76556849699985, 40.7432581549999]]]}}, {"id": "98", "type": "Feature", "properties": {"taxi_zone_id": 99, "zone": "Freshkills Park", "borough": "Staten Island"}, "geometry": {"type": "Polygon", "coordinates": [[[-74.16842916199994, 40.58649792299993], [-74.16995465599994, 40.57345803799995], [-74.16962643399991, 40.568298409999954], [-74.16982582400001, 40.56109042099996], [-74.17146296099997, 40.56137542899991], [-74.1815955649999, 40.56531796099993], [-74.18295815999996, 40.565480199999946], [-74.18525395899995, 40.564549354999905], [-74.189477545, 40.56358098999991], [-74.19101021699996, 40.56256940199996], [-74.193410946, 40.562485038999995], [-74.20091501299991, 40.556005259999914], [-74.20314825999996, 40.5560617849999], [-74.20520041199991, 40.55733222099992], [-74.20699885299997, 40.557567488999915], [-74.2056960519999, 40.558516005999905], [-74.21324031454323, 40.5566726238691], [-74.21199843164408, 40.55837806748094], [-74.21188042321681, 40.55959693786179], [-74.21117440194196, 40.56045988235634], [-74.21137997858774, 40.56349220527491], [-74.21072667690999, 40.565273911362176], [-74.20886661112198, 40.56890979392922], [-74.20892636328658, 40.56962429845006], [-74.20801705381407, 40.5705179574008], [-74.2078355901528, 40.57261000145175], [-74.20707800410406, 40.5742663402166], [-74.20728431413171, 40.57525453287263], [-74.20681205626771, 40.575922020188244], [-74.20708917179493, 40.57630559033875], [-74.20658040532199, 40.57665273733931], [-74.20680827961803, 40.577179568792594], [-74.20591732509392, 40.578616647553666], [-74.20596154297344, 40.58004699388282], [-74.20561948299996, 40.57984225399989], [-74.20350663899988, 40.58043615999993], [-74.20048848799996, 40.57994977799992], [-74.19964981299998, 40.582262625999945], [-74.19423261299991, 40.585146805999905], [-74.19251747899993, 40.58515898199992], [-74.1923211319999, 40.58491324199994], [-74.19131783499998, 40.58570448899993], [-74.19078902199995, 40.585188366999965], [-74.18877046599995, 40.586005800999914], [-74.18760054199991, 40.586902766999934], [-74.185371048, 40.58745101499993], [-74.18730248699987, 40.58848822199995], [-74.17932277499995, 40.59676057899989], [-74.17822457199992, 40.599828060999954], [-74.17488959399996, 40.60221657299994], [-74.17260229799992, 40.602971490999984], [-74.1712268479999, 40.602498611999884], [-74.16719634899995, 40.602075311999954], [-74.16886362299992, 40.59472808700001], [-74.166390049, 40.593737925999946], [-74.16350785499993, 40.59327217999998], [-74.16369888299994, 40.59225833899995], [-74.1676915249999, 40.58883149299988], [-74.16842916199994, 40.58649792299993]]]}}, {"id": "99", "type": "Feature", "properties": {"taxi_zone_id": 100, "zone": "Garment District", "borough": "Manhattan"}, "geometry": {"type": "Polygon", "coordinates": [[[-73.98411754799999, 40.75484205299998], [-73.98776905899994, 40.749787028999975], [-73.99346417699985, 40.75219005499992], [-73.98979085399995, 40.757233131999946], [-73.98411754799999, 40.75484205299998]]]}}, {"id": "100", "type": "Feature", "properties": {"taxi_zone_id": 101, "zone": "Glen Oaks", "borough": "Queens"}, "geometry": {"type": "Polygon", "coordinates": [[[-73.70163345846068, 40.75249332984645], [-73.70002020501624, 40.73923654186599], [-73.70766217302989, 40.72783093475472], [-73.71049995381028, 40.72722708720666], [-73.71075217299996, 40.73052537499995], [-73.71147804899985, 40.732501400999936], [-73.71544946799989, 40.73921680399998], [-73.72010148299994, 40.74977568599995], [-73.72258571899978, 40.74885045099994], [-73.72339596299987, 40.75038907599989], [-73.72627213299992, 40.749306490999906], [-73.727664654, 40.749654641999975], [-73.72829094199989, 40.74745895699995], [-73.728962516, 40.747632887999906], [-73.72837798399998, 40.74938116699994], [-73.72709389599997, 40.75134160399991], [-73.72299301299984, 40.754217670999964], [-73.72145870299994, 40.756658080999976], [-73.71998297099998, 40.7581608209999], [-73.71767237099996, 40.75931121199992], [-73.71426287799993, 40.759826746999934], [-73.71351828186042, 40.75983773091622], [-73.71244940715339, 40.75924170410938], [-73.70217841689814, 40.75288593950001], [-73.70163345846068, 40.75249332984645]]]}}, {"id": "101", "type": "Feature", "properties": {"taxi_zone_id": 102, "zone": "Glendale", "borough": "Queens"}, "geometry": {"type": "Polygon", "coordinates": [[[-73.85595536199988, 40.70642977899996], [-73.85473240499985, 40.706764142999916], [-73.854739573, 40.705184849999995], [-73.85252019099998, 40.70229172400003], [-73.85529275899978, 40.70259550199999], [-73.85529571500001, 40.701991009999965], [-73.85716688299983, 40.70167410499997], [-73.85725351500002, 40.701212176999924], [-73.85827405799986, 40.70122365899997], [-73.85893224399979, 40.701320344999935], [-73.85819890699996, 40.70291107399991], [-73.86285374199994, 40.70341449199996], [-73.87639785199995, 40.70229404199995], [-73.87621714199997, 40.70159500500001], [-73.88182690599986, 40.699529298999906], [-73.88280948499988, 40.70068345599991], [-73.88771297999985, 40.69967807599995], [-73.88818025800003, 40.69885791099996], [-73.88779396299992, 40.69766542699993], [-73.88642048199995, 40.696458148999966], [-73.88865416899996, 40.695829548999974], [-73.88828642399997, 40.695236916999946], [-73.88919365299998, 40.694935769999944], [-73.89195658699997, 40.69441056999994], [-73.89245207599993, 40.69522572799989], [-73.8950769439999, 40.69459138999989], [-73.89558625499983, 40.69397916199993], [-73.89357935000005, 40.69308532899991], [-73.89326209899984, 40.69220094699998], [-73.89474270999993, 40.69263695299992], [-73.89695653499987, 40.69194920699995], [-73.89768631800001, 40.69336525799994], [-73.89691021299981, 40.69384227099994], [-73.89736265799978, 40.69411084699993], [-73.900030392, 40.69343745099997], [-73.89838185199996, 40.69613599799997], [-73.89558457599986, 40.697127641999955], [-73.89578005099996, 40.69851096199992], [-73.8948499499999, 40.69858962299993], [-73.89500322699999, 40.6997123769999], [-73.88911917799989, 40.70559887699995], [-73.88652826799989, 40.70622520599991], [-73.88554946899997, 40.70615461899997], [-73.88553214199999, 40.706445682999885], [-73.88377296899992, 40.706294201999924], [-73.86911007199988, 40.70708933699996], [-73.87016462499984, 40.709207742999915], [-73.86500981999998, 40.710776908999925], [-73.85965416799995, 40.7133799609999], [-73.85975932900001, 40.71184505899989], [-73.85729287299985, 40.71146767699992], [-73.85667714399985, 40.707691873999906], [-73.85595536199988, 40.70642977899996]]]}}, {"id": "102", "type": "Feature", "properties": {"taxi_zone_id": 103, "zone": "Governor's Island/Ellis Island/Liberty Island", "borough": "Manhattan"}, "geometry": {"type": "MultiPolygon", "coordinates": [[[[-74.01540359141636, 40.693066497309204], [-74.01512395634913, 40.69325806929973], [-74.01343629886243, 40.69212107658777], [-74.01210359185653, 40.69260946499942], [-74.01175033086638, 40.692316411412314], [-74.01333264149613, 40.69201997010243], [-74.01260856859406, 40.69136410462979], [-74.0120341761657, 40.691503076685706], [-74.01252783209964, 40.69114633733799], [-74.01182575354963, 40.691064816216176], [-74.01219500090073, 40.69102884756886], [-74.01230688304486, 40.68928018293755], [-74.01316926402752, 40.688154771203244], [-74.01488097975005, 40.687254570488605], [-74.01604730539512, 40.687338006297765], [-74.0170498660923, 40.68687598791899], [-74.01664664084757, 40.68641634723345], [-74.0151439102199, 40.686437034043074], [-74.01667351529983, 40.686305168553474], [-74.01753032434085, 40.685362987932436], [-74.01678113957136, 40.686349037919214], [-74.01712099101067, 40.68684333763665], [-74.02054367293081, 40.68527206792598], [-74.0202068671052, 40.684833833077114], [-74.01939842391928, 40.68508740404719], [-74.0209525501029, 40.68438443164721], [-74.02027819846491, 40.68480913517452], [-74.02061267235811, 40.68524039019811], [-74.02259359581036, 40.68435969594997], [-74.02213250186877, 40.68376767238522], [-74.02305574749599, 40.68291694544524], [-74.02236823557664, 40.68377991679404], [-74.0227589902996, 40.68428444833229], [-74.0242153726967, 40.68394424346434], [-74.02588501823519, 40.68437652684012], [-74.02657640943082, 40.68524166303811], [-74.02642577243199, 40.68617533982962], [-74.02020527434266, 40.692033923854304], [-74.01971454942077, 40.69313300682723], [-74.01690615078013, 40.69335341225324], [-74.01540359141636, 40.693066497309204]]], [[[-74.04273533896499, 40.69005019121004], [-74.04346752305135, 40.68963699005175], [-74.04364078613705, 40.68876655978504], [-74.04438521705612, 40.68851617820153], [-74.04627538918811, 40.689327425448525], [-74.04680284899291, 40.689953256133016], [-74.04747651481166, 40.68961136999918], [-74.04772962698515, 40.68991531823314], [-74.04689205500284, 40.690059098161356], [-74.04717029494704, 40.69099132912254], [-74.04614707204328, 40.691122646016574], [-74.04388559600675, 40.69018482409699], [-74.04350596056258, 40.68968735981818], [-74.04273533896499, 40.69005019121004]]], [[[-74.03995040794244, 40.70089063032133], [-74.03771124798313, 40.69934404017385], [-74.03822954422694, 40.69836859134889], [-74.03934037685066, 40.698115514418035], [-74.04124261816106, 40.69953674121746], [-74.04174768884, 40.699147863783395], [-74.0399124888631, 40.69770204019917], [-74.0416605190741, 40.6964529713199], [-74.04365651081106, 40.698064091043946], [-74.0410986121853, 40.70049294319481], [-74.04080080623118, 40.70026854996327], [-74.04031250903736, 40.7006257490962], [-74.04053637716099, 40.700782094387506], [-74.03995040794244, 40.70089063032133]]]]}}, {"id": "104", "type": "Feature", "properties": {"taxi_zone_id": 106, "zone": "Gowanus", "borough": "Brooklyn"}, "geometry": {"type": "Polygon", "coordinates": [[[-73.98610388199985, 40.68100852199999], [-73.98175642299985, 40.67931462399992], [-73.98390048699991, 40.67614865299996], [-73.99277080699981, 40.66550728099991], [-73.99490350199991, 40.66678543499994], [-73.99648142699999, 40.668925235999986], [-73.99667191699996, 40.668739167999945], [-73.9986188799999, 40.671830171999936], [-73.99506451099982, 40.67584047499989], [-73.993491024, 40.6761833019999], [-73.99069861899994, 40.675807419], [-73.9876680399999, 40.68081780999999], [-73.98653302999993, 40.68037263899995], [-73.98610388199985, 40.68100852199999]]]}}, {"id": "105", "type": "Feature", "properties": {"taxi_zone_id": 107, "zone": "Gramercy", "borough": "Manhattan"}, "geometry": {"type": "Polygon", "coordinates": [[[-73.98238628799994, 40.731411244999975], [-73.98990295999991, 40.73443478999994], [-73.98991689999981, 40.73534934199996], [-73.98407485299994, 40.743324717999904], [-73.98085965399993, 40.741969767999926], [-73.98266497499989, 40.73949733299992], [-73.97805226499996, 40.737553953999935], [-73.98238628799994, 40.731411244999975]]]}}, {"id": "106", "type": "Feature", "properties": {"taxi_zone_id": 108, "zone": "Gravesend", "borough": "Brooklyn"}, "geometry": {"type": "Polygon", "coordinates": [[[-73.97148350899987, 40.597171584999984], [-73.97132951099988, 40.59635243099998], [-73.97189684799982, 40.59435251099993], [-73.97115101799994, 40.59044244399993], [-73.96514385199995, 40.591101915999964], [-73.96661531499983, 40.58457103699999], [-73.97461091899993, 40.58312987599996], [-73.97742525299988, 40.582906593000004], [-73.98482192899988, 40.58416852299997], [-73.98492731, 40.58459595199988], [-73.98710120299997, 40.58464459199995], [-73.98654457099988, 40.58365859099999], [-73.98829948299982, 40.5834667469999], [-73.98995504960881, 40.58066166976566], [-73.99163007472373, 40.58107988438193], [-73.99185535656628, 40.581623978546155], [-73.99026244714351, 40.58461914820535], [-73.99547188560318, 40.582210055118054], [-74.0003088081067, 40.583177037514716], [-74.00035951790473, 40.58418644588042], [-73.99808523776004, 40.58536472158152], [-73.99970597099518, 40.585689819858594], [-73.99956511570304, 40.58624392009574], [-73.99814530448992, 40.586531693907176], [-73.9941730563837, 40.58838285782083], [-73.9956605451227, 40.58793620734389], [-73.9940790462178, 40.58869344199065], [-73.99555247167991, 40.588264839296635], [-73.99509949490815, 40.588592505043835], [-73.99795639739294, 40.58726950636567], [-73.99487677695375, 40.58877174667526], [-73.99534737661207, 40.58933138044004], [-74.00011449538408, 40.58695164090266], [-74.00031734303268, 40.58645333502332], [-74.00038207107852, 40.58713305717474], [-73.99375761899992, 40.5903318439999], [-73.99330855, 40.58958389899999], [-73.99153934399993, 40.59039090299995], [-73.99036425099996, 40.591431931999985], [-73.98962150099992, 40.59098199299998], [-73.98601936799993, 40.594446048999934], [-73.98463965399982, 40.59355217599993], [-73.97995443499985, 40.594073811999955], [-73.98035785499995, 40.59619154099995], [-73.97148350899987, 40.597171584999984]]]}}, {"id": "107", "type": "Feature", "properties": {"taxi_zone_id": 109, "zone": "Great Kills", "borough": "Staten Island"}, "geometry": {"type": "Polygon", "coordinates": [[[-74.14789716899996, 40.57088728600001], [-74.146347254, 40.57051823399999], [-74.14131233599991, 40.56843334799996], [-74.13493919999993, 40.565387435999924], [-74.13170009, 40.56453574899994], [-74.134809734, 40.560828617999945], [-74.13561300299993, 40.558980026999976], [-74.13885092699991, 40.55695117899995], [-74.13316825999992, 40.55235617900003], [-74.13861798499994, 40.548492384999925], [-74.13700629799996, 40.546967770999906], [-74.13585712583111, 40.546451696357366], [-74.1371798712987, 40.545792864660626], [-74.13611540724054, 40.545019845679846], [-74.13638379801961, 40.54485467150627], [-74.13719287519704, 40.54578429470012], [-74.13750833508846, 40.54557755723868], [-74.13658907071063, 40.54484548609597], [-74.13687348630864, 40.54468259391005], [-74.13794966050746, 40.546000337580715], [-74.13886951340419, 40.54513019760733], [-74.13762430745145, 40.544253566418305], [-74.13875534703455, 40.54493395842693], [-74.13901965079306, 40.54471556102996], [-74.13786798524545, 40.54405254413098], [-74.138043468979, 40.54390456296633], [-74.13903307178626, 40.544704910300055], [-74.13953937915736, 40.54429514087217], [-74.13914541346325, 40.54450958112513], [-74.13942069337877, 40.544205943537214], [-74.13897454226765, 40.54437610181975], [-74.13922032859912, 40.54406670067384], [-74.13887570388356, 40.54424355793483], [-74.13883460585724, 40.54379135939309], [-74.1385858115911, 40.54410463849041], [-74.13882325461655, 40.54378405489584], [-74.1385399626842, 40.54358792869276], [-74.13827964456058, 40.543866694570646], [-74.13834151288822, 40.5435518288141], [-74.13852282835339, 40.54340155175452], [-74.13956971698569, 40.54427227483047], [-74.13983697786095, 40.54405246234081], [-74.13870632397268, 40.543291410834435], [-74.13890636539442, 40.543131777602326], [-74.1398652726434, 40.54402684400956], [-74.14038573073617, 40.54403318500792], [-74.13921993485874, 40.54316608513792], [-74.14029571947157, 40.543640457155554], [-74.13936132804027, 40.542825863998644], [-74.14030634258127, 40.54336711011441], [-74.14062715566955, 40.543113029692535], [-74.13963169074167, 40.54254109756622], [-74.13985859891669, 40.54235717512913], [-74.14064614869828, 40.54309421490215], [-74.14132426794235, 40.54309413383024], [-74.14016510037457, 40.542366218433536], [-74.14033528229751, 40.54222820925954], [-74.14020723606573, 40.542365224298365], [-74.14141073560397, 40.54302241508037], [-74.14107892119061, 40.542791171851604], [-74.14133547192966, 40.54258879247036], [-74.14026290400692, 40.541961511522636], [-74.14067998093041, 40.541908592971076], [-74.14134901379589, 40.5425775231316], [-74.14179719957052, 40.54220041538241], [-74.14063984172124, 40.541694542037256], [-74.14095816832888, 40.541432077965005], [-74.14187307971923, 40.54216665812947], [-74.1416722624308, 40.542335464095316], [-74.14229632246158, 40.542257849155504], [-74.14247662235951, 40.541333709774825], [-74.14172892651293, 40.53933948409703], [-74.1423035127584, 40.53906997528963], [-74.14176587793762, 40.53854204099973], [-74.14226513007988, 40.53814035366468], [-74.14186762291457, 40.53844409071923], [-74.1421671801914, 40.537932761068184], [-74.14104157916547, 40.53734688546737], [-74.14129825471821, 40.53713817794834], [-74.14218574841878, 40.537917778291586], [-74.14238963689803, 40.53775326100737], [-74.14158287690883, 40.53708757795243], [-74.14374951249268, 40.53719106134632], [-74.14474069813576, 40.53580104421127], [-74.14536324652758, 40.535856356896524], [-74.14598880766482, 40.53538158873744], [-74.14625512927707, 40.53553868473346], [-74.14794320046134, 40.53492301699302], [-74.14977717489465, 40.533887869806755], [-74.1497584648889, 40.53342430275145], [-74.15069553618272, 40.53254583893717], [-74.1511202569052, 40.532741382506735], [-74.15245660936695, 40.532067944000964], [-74.15464111999897, 40.53033463842431], [-74.15454357374453, 40.53006213630365], [-74.15492894849395, 40.53022548357567], [-74.1555035725126, 40.529438026337694], [-74.15573153435156, 40.52960090503503], [-74.15622373887356, 40.52921970935305], [-74.1564581409916, 40.52897042748837], [-74.15608512824117, 40.528639386976124], [-74.1570186194626, 40.528977655809655], [-74.15826103107307, 40.528300499163], [-74.15797239457906, 40.528067085844455], [-74.15832645126979, 40.5282784267832], [-74.15970134520207, 40.52729599283155], [-74.16134961699994, 40.529373423999935], [-74.15690813799995, 40.53126202799996], [-74.15397419799994, 40.534268147999974], [-74.15786625499994, 40.53655809499989], [-74.16540080799992, 40.54443272299994], [-74.16623327399998, 40.547342478999916], [-74.16707279199991, 40.54816306699999], [-74.16982582400001, 40.56109042099996], [-74.1649414939999, 40.56011179699996], [-74.15725974199995, 40.56255331899995], [-74.15585090399995, 40.56377444399992], [-74.154664477, 40.565513442999936], [-74.14789716899996, 40.57088728600001]]]}}, {"id": "108", "type": "Feature", "properties": {"taxi_zone_id": 110, "zone": "Great Kills Park", "borough": "Staten Island"}, "geometry": {"type": "Polygon", "coordinates": [[[-74.1194585929999, 40.55222190599994], [-74.11656290099995, 40.54912774199992], [-74.11495831999993, 40.54958143899995], [-74.11338340608125, 40.54807337507539], [-74.11473781165274, 40.54799661067661], [-74.11546177798424, 40.547515362525935], [-74.11654532176979, 40.54787239314664], [-74.11804133083706, 40.54730661289458], [-74.11977810044972, 40.54547045666168], [-74.12245306050386, 40.54477054562985], [-74.12424449712773, 40.54311038091077], [-74.1307118427266, 40.53453507543625], [-74.13356443498029, 40.53151117480565], [-74.1369079907634, 40.529281918882745], [-74.13728504251857, 40.52974046798487], [-74.13883030715276, 40.52988935635305], [-74.13915076013691, 40.53152011162207], [-74.1406109270312, 40.534130600190174], [-74.14032475393472, 40.53528457972195], [-74.1350750932569, 40.53524117062303], [-74.13381005153853, 40.53564293988993], [-74.1330261157118, 40.53624033644847], [-74.13336905396339, 40.53635619522543], [-74.13301207668793, 40.53625606504287], [-74.13119545689379, 40.537872408774575], [-74.13152564883184, 40.537718542638366], [-74.13129269799775, 40.537956701870826], [-74.13181387201769, 40.538307358685756], [-74.13211244495555, 40.53805229667772], [-74.13169767602062, 40.537857123315796], [-74.13213560512452, 40.5380331271827], [-74.13243402654851, 40.53777653227281], [-74.13191182124638, 40.53753284097696], [-74.13245302764156, 40.53776028136397], [-74.13275480490104, 40.53750453647999], [-74.13223596269246, 40.53726255073662], [-74.13239801584261, 40.537118864932715], [-74.1327760371171, 40.53748401091591], [-74.13307445571547, 40.53722912330407], [-74.13255786139064, 40.536991407757334], [-74.1330945751156, 40.53721201792779], [-74.13339187377338, 40.536957984347566], [-74.13287438280999, 40.53671963230241], [-74.1330350883952, 40.53657487562593], [-74.13341004365357, 40.53693972187097], [-74.13386054140379, 40.53659796249387], [-74.12996934203085, 40.53996776961421], [-74.13020869361581, 40.539702663817344], [-74.12968375508696, 40.53947171959248], [-74.13022754297842, 40.539683717556386], [-74.13052164283053, 40.53942555811973], [-74.13000272814944, 40.539172393658596], [-74.13054176521159, 40.53940930625571], [-74.1308390685189, 40.53914759289253], [-74.130322448993, 40.538900471244496], [-74.1304852829474, 40.53875891625602], [-74.13085918854094, 40.539131339802346], [-74.13115328715367, 40.538873574606335], [-74.13065428041827, 40.53861731113302], [-74.13117436985067, 40.53885516139862], [-74.13147424215317, 40.538598314882734], [-74.13097509115991, 40.53834174990213], [-74.13149740072586, 40.538581381378165], [-74.13179350815649, 40.538325991991776], [-74.13116466312675, 40.537900135869165], [-74.12844667307078, 40.54024921571892], [-74.12738789634466, 40.54229542996435], [-74.1279283050761, 40.543373247056024], [-74.12762994038083, 40.54360889311561], [-74.12798968390734, 40.543484343631135], [-74.12838196101643, 40.54434484832537], [-74.13011404715266, 40.54597572663573], [-74.13308664365854, 40.54683429509364], [-74.13585712583111, 40.546451696357366], [-74.13700629799996, 40.546967770999906], [-74.13861798499991, 40.548492383999935], [-74.13042459599988, 40.554437041999954], [-74.12730057799997, 40.557295171999954], [-74.1194585929999, 40.55222190599994]]]}}, {"id": "109", "type": "Feature", "properties": {"taxi_zone_id": 111, "zone": "Green-Wood Cemetery", "borough": "Brooklyn"}, "geometry": {"type": "Polygon", "coordinates": [[[-73.99516890099986, 40.65966952199994], [-73.99296401999992, 40.65833740999997], [-73.99238339499986, 40.65889901599998], [-73.990188415, 40.657600817999956], [-73.98843135299977, 40.65925121200001], [-73.98179568699996, 40.65524609699995], [-73.98029115499995, 40.64729716099993], [-73.98180533899996, 40.647127798999904], [-73.98905872499985, 40.644119241000006], [-73.99830602299986, 40.649740014999956], [-73.99779466000001, 40.65028888999997], [-74.00214474599989, 40.652956107000016], [-73.99516890099986, 40.65966952199994]]]}}, {"id": "110", "type": "Feature", "properties": {"taxi_zone_id": 112, "zone": "Greenpoint", "borough": "Brooklyn"}, "geometry": {"type": "MultiPolygon", "coordinates": [[[[-73.96236596889428, 40.72420906161424], [-73.9620727192192, 40.72388030020151], [-73.96247195112899, 40.72417498927363], [-73.96236596889428, 40.72420906161424]]], [[[-73.95428317027596, 40.739107370373425], [-73.95198794354421, 40.73874762097681], [-73.94652352854791, 40.73692685395816], [-73.94719983367108, 40.73535517811416], [-73.94706532915383, 40.73440199281929], [-73.94659806707347, 40.734442224347326], [-73.94692902737461, 40.73531314068377], [-73.94662663786625, 40.7358655851674], [-73.9458731056289, 40.73610183125815], [-73.94557048457217, 40.73661230391043], [-73.94499908889478, 40.736436693712676], [-73.94518507181313, 40.73547915267783], [-73.94451542117358, 40.736284391395436], [-73.94239443542429, 40.73542574994762], [-73.94114746701946, 40.73415292753761], [-73.9398132262544, 40.73115268891206], [-73.9381033496066, 40.72972851952142], [-73.93492926391862, 40.72854391575301], [-73.93226852175046, 40.72817465801569], [-73.93765314499996, 40.72426555499993], [-73.94721341799986, 40.71856098599992], [-73.94841638599995, 40.718455533000004], [-73.94907816799986, 40.722540286999966], [-73.95064594299997, 40.72170569299997], [-73.95164632299998, 40.723485856999964], [-73.95477662900004, 40.722459504999975], [-73.95814292503528, 40.7244042842014], [-73.95795096213246, 40.72503643916843], [-73.95842611843923, 40.725400535832215], [-73.96012497133233, 40.72531963663688], [-73.96028544944221, 40.725948122413044], [-73.9616151883593, 40.72586556307405], [-73.96099640841605, 40.72876912608597], [-73.96143187677843, 40.73096517164791], [-73.9622634042328, 40.73291555162354], [-73.96406507049177, 40.732779040653675], [-73.9623040801106, 40.73311409141068], [-73.96228520236923, 40.7340476958767], [-73.96157494306726, 40.73517961492863], [-73.95837507902779, 40.73809694936866], [-73.9569300286511, 40.73888707307159], [-73.95428317027596, 40.739107370373425]]]]}}, {"id": "111", "type": "Feature", "properties": {"taxi_zone_id": 113, "zone": "Greenwich Village North", "borough": "Manhattan"}, "geometry": {"type": "Polygon", "coordinates": [[[-73.98990295999991, 40.73443478999994], [-73.99154832699986, 40.72708947099998], [-73.99657214499979, 40.72955223399997], [-73.99556245499996, 40.73071521599997], [-74.00006657700001, 40.73292923599995], [-73.99683993899998, 40.737360889], [-73.98990295999991, 40.73443478999994]]]}}, {"id": "112", "type": "Feature", "properties": {"taxi_zone_id": 114, "zone": "Greenwich Village South", "borough": "Manhattan"}, "geometry": {"type": "Polygon", "coordinates": [[[-73.99257987399992, 40.72420155499995], [-73.9967717579999, 40.725431943999965], [-74.00281726599992, 40.72836312899997], [-74.00006657700001, 40.73292923599995], [-73.99556245499996, 40.73071521599997], [-73.99657214499979, 40.72955223399997], [-73.99154832699986, 40.72708947099998], [-73.99257987399992, 40.72420155499995]]]}}, {"id": "113", "type": "Feature", "properties": {"taxi_zone_id": 115, "zone": "Grymes Hill/Clifton", "borough": "Staten Island"}, "geometry": {"type": "Polygon", "coordinates": [[[-74.08069514799999, 40.62753689699991], [-74.08326107499997, 40.627194743], [-74.08496211899993, 40.62462523299996], [-74.08626756599996, 40.617832011], [-74.08785147699993, 40.61524307299999], [-74.08720982799997, 40.613306974000004], [-74.08000094899994, 40.61855295199995], [-74.07253551699989, 40.622464021999946], [-74.071134623, 40.62035994799996], [-74.0718329299999, 40.61890075099996], [-74.07502569899994, 40.61637873899989], [-74.07939423999989, 40.60908436399995], [-74.0815547009999, 40.606290296999916], [-74.08542756199994, 40.607022389999955], [-74.09410959099992, 40.61040655199994], [-74.0977696879999, 40.61062359299994], [-74.09987733699994, 40.61291865299991], [-74.10209434299992, 40.614600490999976], [-74.10350925299994, 40.61641607499996], [-74.10254940599991, 40.616853684999924], [-74.10004426999996, 40.61935795499995], [-74.0922397139999, 40.62574291499995], [-74.08934045699996, 40.629923284999975], [-74.08574928999991, 40.63395555699991], [-74.08491321699994, 40.63363992399996], [-74.08140615499994, 40.63030123599991], [-74.08173135399988, 40.63001222599999], [-74.07972492199994, 40.6289506879999], [-74.08069514799999, 40.62753689699991]]]}}, {"id": "114", "type": "Feature", "properties": {"taxi_zone_id": 116, "zone": "Hamilton Heights", "borough": "Manhattan"}, "geometry": {"type": "Polygon", "coordinates": [[[-73.93924885699987, 40.828296350999935], [-73.94292366900005, 40.823260586999936], [-73.94515456999994, 40.82087626499998], [-73.94808289799983, 40.822108021999966], [-73.94854029799983, 40.82148762299992], [-73.94992194399984, 40.82207231399996], [-73.95082880000002, 40.82082793699992], [-73.95634010399982, 40.82309232799992], [-73.95954284439091, 40.823639168452495], [-73.95725896977147, 40.82711730987317], [-73.95694866420463, 40.8270005539351], [-73.95631784510306, 40.8279442153886], [-73.955039129784, 40.82741343191187], [-73.95454188062122, 40.827861476365534], [-73.95015521048293, 40.83439675940795], [-73.94941570599993, 40.834358589999965], [-73.93864026699997, 40.82973887399992], [-73.93924885699987, 40.828296350999935]]]}}, {"id": "115", "type": "Feature", "properties": {"taxi_zone_id": 117, "zone": "Hammels/Arverne", "borough": "Queens"}, "geometry": {"type": "Polygon", "coordinates": [[[-73.77768759425464, 40.609804581371215], [-73.7752225507697, 40.60970354714693], [-73.77412897394223, 40.60874659586815], [-73.77481441008918, 40.60839956311236], [-73.77421737753347, 40.607636638971464], [-73.77460294599074, 40.60741764888257], [-73.77484886546486, 40.6080248331597], [-73.77523851986172, 40.60855094300026], [-73.77600645602091, 40.60919455235687], [-73.77459009469509, 40.60729765709544], [-73.77518711261325, 40.604500256318495], [-73.77469363854064, 40.604306964817326], [-73.7753760831684, 40.60415730886784], [-73.7758814058216, 40.60347168175347], [-73.77605391761065, 40.602752894402244], [-73.77560642181831, 40.60304583653983], [-73.77568814362705, 40.60281474067059], [-73.77647924254995, 40.60244817664347], [-73.7778030236484, 40.60096655219673], [-73.77836872926964, 40.600838780075776], [-73.77815821309493, 40.60040208530305], [-73.78017210547576, 40.6006978328453], [-73.78194090074186, 40.59907384177564], [-73.7818572569845, 40.59837293018511], [-73.78005493695551, 40.59686134490892], [-73.77742174810759, 40.59881240436147], [-73.77599890906717, 40.60139334590771], [-73.77497513649519, 40.6017481794119], [-73.77363244061031, 40.598153123466744], [-73.77300592490842, 40.59786749965715], [-73.77112127437523, 40.5982930164825], [-73.76947725104579, 40.59825776972751], [-73.76809925802587, 40.59784597005492], [-73.76771811799995, 40.596261309999946], [-73.76717720099997, 40.59662318099995], [-73.76695532899997, 40.598067273999945], [-73.76599689399985, 40.59872106199992], [-73.76654204999997, 40.59943444199994], [-73.76444582499997, 40.60043524099993], [-73.76336096499996, 40.59910504299999], [-73.76165797299984, 40.59997306999993], [-73.76128753399995, 40.59954927099999], [-73.7633344969999, 40.597822873999945], [-73.76277845599988, 40.594756543999935], [-73.76440183099986, 40.59457168299994], [-73.76376223423699, 40.591439709016825], [-73.76796973006509, 40.5907294829644], [-73.7758368859526, 40.59032459875772], [-73.78043036101892, 40.589596621429074], [-73.78860298459861, 40.58748444605283], [-73.78945065591779, 40.58762324290708], [-73.79670174417555, 40.586367271524665], [-73.80783502965463, 40.58401495035295], [-73.81352448727559, 40.583473149046775], [-73.81730795916116, 40.58233475897004], [-73.81751059199993, 40.58278527099995], [-73.81544517899997, 40.58337349199997], [-73.81788322399981, 40.5874484689999], [-73.81849901800001, 40.587362352999946], [-73.81909407399996, 40.58783196099992], [-73.81741586147443, 40.58891701410972], [-73.8176380045051, 40.589285799485225], [-73.81674197582348, 40.58931916984596], [-73.81524832374934, 40.5899890567955], [-73.8147478467245, 40.59058812617236], [-73.81340983344633, 40.590917823111816], [-73.81358856612626, 40.591697685823654], [-73.81323474432585, 40.591070740017614], [-73.81170344836342, 40.591593746637926], [-73.81149423585859, 40.59290132669681], [-73.81132554567534, 40.5917464961458], [-73.81081791874632, 40.592090268696076], [-73.8109501895272, 40.59250305914461], [-73.81138593152033, 40.59244231845459], [-73.81140751227157, 40.592871257238755], [-73.81107287021051, 40.593022330572076], [-73.8113733128964, 40.592703054284236], [-73.81074974913312, 40.59279211355258], [-73.81135829315778, 40.592462584044945], [-73.81093965894601, 40.59254684780677], [-73.81080537904415, 40.59209209573516], [-73.80991130015991, 40.5922537176825], [-73.81006184504064, 40.59307761089727], [-73.80973138393709, 40.59240418605335], [-73.8095917049309, 40.59358068861809], [-73.80602807459857, 40.592009309004496], [-73.80577902839048, 40.59075949966864], [-73.8058134261234, 40.5918688615021], [-73.80430333508215, 40.591318878804614], [-73.80416569103024, 40.59185470983282], [-73.80782611143395, 40.59336993482548], [-73.8079775709933, 40.594157868664425], [-73.80711253952029, 40.595284075424345], [-73.80604149807385, 40.59555455521356], [-73.80411459954651, 40.59431917045339], [-73.80380902231202, 40.59289116392541], [-73.80243846290311, 40.59264006383515], [-73.80250965087272, 40.593948128041546], [-73.80313503440718, 40.5937579430713], [-73.80318082190897, 40.59394537813101], [-73.80251304282993, 40.59396685179247], [-73.80256837601054, 40.59427226699417], [-73.80324253170998, 40.594087239865395], [-73.80328793893025, 40.59428211589181], [-73.80234513845659, 40.59449597525695], [-73.8031857440441, 40.5946630028417], [-73.80344017041448, 40.59443420917684], [-73.80319675364962, 40.594678199883276], [-73.80337754303827, 40.59486904065906], [-73.80365519313493, 40.59473064203011], [-73.80372454267375, 40.594817111980014], [-73.80365167080724, 40.59475314278161], [-73.8033846803619, 40.59488526035871], [-73.80320010623193, 40.59487284642421], [-73.80321494251235, 40.59514564845065], [-73.80389507006726, 40.594990875367294], [-73.80331453729063, 40.59517956193952], [-73.80368468695728, 40.59519779018383], [-73.8048646264694, 40.59673362835153], [-73.80513406252756, 40.59660758897054], [-73.80524832538248, 40.5968950326136], [-73.80519243494223, 40.59719037599565], [-73.80487565214911, 40.59674853593167], [-73.80511185479908, 40.597151047998096], [-73.80471112228027, 40.59767466319519], [-73.80297943325748, 40.59884430455303], [-73.80167092680178, 40.598896309269556], [-73.80091500623944, 40.59939076113578], [-73.80077654707628, 40.5991623604783], [-73.7945736159583, 40.5994190243058], [-73.79330907387678, 40.599968465598785], [-73.79233256449508, 40.59995439142589], [-73.7878575563353, 40.6031111719301], [-73.78650335648597, 40.60325020617902], [-73.78616855124802, 40.60304744975198], [-73.7871624185521, 40.602326431574916], [-73.78792994192655, 40.60099530305109], [-73.79034006550985, 40.59919167636008], [-73.79107079436692, 40.59719836237293], [-73.79102536652763, 40.595527157215976], [-73.79042048230902, 40.59475269500831], [-73.79057004196036, 40.594951800299775], [-73.79080626141678, 40.59609339588429], [-73.79059442974041, 40.59610838477286], [-73.79053857666516, 40.59498078405606], [-73.7901526364882, 40.594768202272824], [-73.79042481472277, 40.596053932153936], [-73.79017830001315, 40.596071319704436], [-73.79013119491599, 40.594822874798474], [-73.78973901889819, 40.59474366855458], [-73.78999909439095, 40.596208943503306], [-73.78969872360817, 40.596228039911374], [-73.78967389675834, 40.5948604759002], [-73.78912042464385, 40.59542483626868], [-73.7890682912148, 40.598019927382666], [-73.78597109766217, 40.60031649181472], [-73.78579378813264, 40.60056892899846], [-73.78614358698641, 40.60064861875181], [-73.78578006551935, 40.60059326189307], [-73.78598359117792, 40.60091823794195], [-73.78563276373285, 40.60081638362847], [-73.78539358087029, 40.60151802170851], [-73.78350560905308, 40.60256343874274], [-73.78312802405742, 40.60376099285313], [-73.78394764971192, 40.604824425116874], [-73.78366696292244, 40.6053244369343], [-73.77927015444938, 40.60930736180755], [-73.77768759425464, 40.609804581371215]]]}}, {"id": "116", "type": "Feature", "properties": {"taxi_zone_id": 118, "zone": "Heartland Village/Todt Hill", "borough": "Staten Island"}, "geometry": {"type": "Polygon", "coordinates": [[[-74.10834417899996, 40.610234767], [-74.09555829799993, 40.610624777999945], [-74.09305685599998, 40.61011993599995], [-74.09045495899996, 40.60909452599996], [-74.09271908099993, 40.60636222199995], [-74.09244145299986, 40.604119585999904], [-74.09290036399996, 40.60135887199997], [-74.09172051499995, 40.599220856999885], [-74.09192827899987, 40.59850405099997], [-74.09375453799998, 40.596744889999925], [-74.09722072899997, 40.59536515499988], [-74.10041498999992, 40.59334309299994], [-74.10097579699995, 40.5918322339999], [-74.10088251699995, 40.59017921599996], [-74.10149482299994, 40.58934426099997], [-74.10790851599995, 40.583685637999984], [-74.11306954499995, 40.58076852199992], [-74.11562578099988, 40.57847975299996], [-74.11702078499995, 40.578196925999904], [-74.11910954899994, 40.57615725199993], [-74.1212571389999, 40.57525489399996], [-74.12209602099993, 40.5751325869999], [-74.1231838069999, 40.575751851999954], [-74.12708814699995, 40.576369106], [-74.12765358199992, 40.57523494299992], [-74.13261022999991, 40.57353016299994], [-74.14418588199999, 40.57203740999992], [-74.14387453599991, 40.57060659399994], [-74.14438744999991, 40.56970610099993], [-74.14789716899996, 40.57088728600001], [-74.154664477, 40.565513442999936], [-74.15585090399995, 40.56377444399992], [-74.15725974199995, 40.56255331899995], [-74.1649414939999, 40.56011179699996], [-74.16982582400001, 40.56109042099996], [-74.16962643399991, 40.568298409999954], [-74.16995465599994, 40.57345803799995], [-74.16842916199994, 40.58649792299993], [-74.1676915249999, 40.58883149299988], [-74.16260370599997, 40.593157365999964], [-74.16189940599996, 40.59529877099999], [-74.15989227899996, 40.59517014099992], [-74.1481980769999, 40.58859968099998], [-74.13864458599996, 40.58906080499993], [-74.13639761399997, 40.591973456999945], [-74.13385485799995, 40.59635784599994], [-74.13091909399999, 40.59885504799993], [-74.12506115499997, 40.59818005599991], [-74.12070424299995, 40.600705980999926], [-74.12059546299996, 40.60180975799993], [-74.11487058399989, 40.602136659999964], [-74.11587716399993, 40.60725747099989], [-74.11706965299993, 40.608206249999974], [-74.117424665, 40.60928900899995], [-74.12116879899992, 40.608834375999926], [-74.12135179599994, 40.60976526799994], [-74.11508745399988, 40.61120943099998], [-74.10834417899996, 40.610234767]]]}}, {"id": "117", "type": "Feature", "properties": {"taxi_zone_id": 119, "zone": "Highbridge", "borough": "Bronx"}, "geometry": {"type": "Polygon", "coordinates": [[[-73.9247831879999, 40.84475266499993], [-73.91729224999992, 40.84510993999994], [-73.91794965199988, 40.842229571], [-73.91618344399991, 40.84233489999996], [-73.91901668400006, 40.83838109299991], [-73.92399049499991, 40.83505229799994], [-73.92537540099983, 40.832628095999986], [-73.92802724899997, 40.82971953899988], [-73.93003491599993, 40.828587589999955], [-73.93307251084072, 40.82815615251814], [-73.93360592036706, 40.832789530520806], [-73.93314306709256, 40.83519412761653], [-73.93051572319956, 40.839933642183944], [-73.92861574822331, 40.84467686502997], [-73.92808209386837, 40.845391596916755], [-73.9247831879999, 40.84475266499993]]]}}, {"id": "118", "type": "Feature", "properties": {"taxi_zone_id": 120, "zone": "Highbridge Park", "borough": "Manhattan"}, "geometry": {"type": "Polygon", "coordinates": [[[-73.92295449499989, 40.8588507619999], [-73.92282845999992, 40.856851408999965], [-73.92204492207946, 40.85685415979206], [-73.92237756617774, 40.85655807349534], [-73.92227873064479, 40.855654988843796], [-73.92971850477531, 40.84523177826374], [-73.93436121591056, 40.83620061961783], [-73.93838508899995, 40.833113502999936], [-73.9401708989999, 40.83038439099999], [-73.94024600800003, 40.83184212099993], [-73.93804235799993, 40.83428854499995], [-73.93638316899992, 40.83785012499991], [-73.93505508799984, 40.839333235999945], [-73.93556697199989, 40.841712527999995], [-73.9306210789998, 40.84848097699996], [-73.92970731599995, 40.84812261199992], [-73.927079823, 40.85143234299995], [-73.92703315699981, 40.852200774999936], [-73.92769565699982, 40.85248778199996], [-73.92466977999999, 40.85698261099995], [-73.92518924999993, 40.85802753699998], [-73.9261752689999, 40.85815409599997], [-73.92691117499996, 40.85750875999991], [-73.92709951599984, 40.85827552099997], [-73.92528662599987, 40.86012579700001], [-73.92474153399992, 40.861593637999945], [-73.92295449499989, 40.8588507619999]]]}}, {"id": "119", "type": "Feature", "properties": {"taxi_zone_id": 121, "zone": "Hillcrest/Pomonok", "borough": "Queens"}, "geometry": {"type": "Polygon", "coordinates": [[[-73.81504998799984, 40.73894313399995], [-73.79584803299987, 40.73807467999995], [-73.79458633199991, 40.73505225199991], [-73.79459486499994, 40.73340935799994], [-73.79397708699996, 40.73229685299992], [-73.79378938699996, 40.73070118199999], [-73.79157252999995, 40.72532961199993], [-73.79045149300003, 40.72355453199988], [-73.79037661699995, 40.72010372399996], [-73.79073248899982, 40.71920875699991], [-73.79315493399996, 40.71891757899989], [-73.8002167269999, 40.71673785899992], [-73.80780927699996, 40.71585389599994], [-73.80904032699983, 40.71991160499992], [-73.80452680199981, 40.721462545999934], [-73.80487958299982, 40.72504959299993], [-73.80652142399995, 40.72487306399994], [-73.80717042299993, 40.72826913299993], [-73.81111797299988, 40.727816415999975], [-73.81074426599986, 40.72626511299995], [-73.81510024099985, 40.72854342299995], [-73.81469163099986, 40.73594999400002], [-73.81504998799984, 40.73894313399995]]]}}, {"id": "120", "type": "Feature", "properties": {"taxi_zone_id": 122, "zone": "Hollis", "borough": "Queens"}, "geometry": {"type": "Polygon", "coordinates": [[[-73.75832728699997, 40.71958208899991], [-73.75370834599993, 40.71332463699992], [-73.75047058199985, 40.705639930999986], [-73.76095546600004, 40.70290957799998], [-73.76126359299997, 40.70359893999997], [-73.76612489399999, 40.70233448599993], [-73.766572825, 40.702751621], [-73.76825969099993, 40.70952636800001], [-73.77172444699998, 40.71031681899994], [-73.76943987099992, 40.71197689299989], [-73.77192122100001, 40.715685044999994], [-73.76664095199988, 40.71764661399992], [-73.765714472, 40.71639337899992], [-73.75832728699997, 40.71958208899991]]]}}, {"id": "121", "type": "Feature", "properties": {"taxi_zone_id": 123, "zone": "Homecrest", "borough": "Brooklyn"}, "geometry": {"type": "Polygon", "coordinates": [[[-73.96285973999984, 40.61254948599992], [-73.96237947799978, 40.609986374000016], [-73.95859278499987, 40.610403030999926], [-73.95683001599991, 40.60108734899999], [-73.95775745999987, 40.60098588899998], [-73.95607720399984, 40.59210143199996], [-73.95700330399997, 40.59200225599993], [-73.95619313699986, 40.58776226899997], [-73.96034953599988, 40.58730628599997], [-73.9606798409999, 40.591597582000006], [-73.97115101799994, 40.59044244399993], [-73.97189684799982, 40.59435251099993], [-73.97132951099988, 40.59635243099998], [-73.9719108049999, 40.599423058999925], [-73.97291116900001, 40.59931580400001], [-73.97217742800002, 40.60419471199992], [-73.97299433999983, 40.6088141419999], [-73.96429649899991, 40.60977642599997], [-73.96478112799986, 40.6123309219999], [-73.96285973999984, 40.61254948599992]]]}}, {"id": "122", "type": "Feature", "properties": {"taxi_zone_id": 124, "zone": "Howard Beach", "borough": "Queens"}, "geometry": {"type": "MultiPolygon", "coordinates": [[[[-73.85898002989568, 40.65267545791776], [-73.85731941515513, 40.65123709900789], [-73.85695870295892, 40.65058737348716], [-73.85898002989568, 40.65267545791776]]], [[[-73.85975533686633, 40.65410417609497], [-73.85904529229782, 40.65310797608396], [-73.85898002989568, 40.65267545791776], [-73.85975533686633, 40.65410417609497]]], [[[-73.85975533686633, 40.65410417609497], [-73.86098917376945, 40.65520976705261], [-73.85979242750741, 40.65447615737699], [-73.85975533686633, 40.65410417609497]]], [[[-73.83032725337058, 40.65513280580331], [-73.83019020357143, 40.655478819385884], [-73.82988919856028, 40.65552282258412], [-73.83032725337058, 40.65513280580331]]], [[[-73.86131863599985, 40.67502126899994], [-73.8424358539999, 40.66928855699998], [-73.84215802199992, 40.6687014479999], [-73.83334819299995, 40.666773187], [-73.82859942399985, 40.65719697299991], [-73.82639242872236, 40.64832434880789], [-73.82681157114656, 40.64877651530752], [-73.82891475597495, 40.64937915582069], [-73.83093651353481, 40.65162612925584], [-73.83133151403268, 40.65274755744268], [-73.83158322059658, 40.653813786333735], [-73.82901417557953, 40.65610788445245], [-73.82966677652134, 40.655599040016405], [-73.83044328071922, 40.65551947244453], [-73.83060245974755, 40.65480688977761], [-73.8317081441153, 40.65393117429692], [-73.83221698518575, 40.654460386292975], [-73.83149330103005, 40.65497982053972], [-73.83116100809627, 40.65591923373721], [-73.83003301456556, 40.656567168336124], [-73.82937603410723, 40.65650633521604], [-73.82896778740296, 40.65720524792011], [-73.82917919734568, 40.65779977854432], [-73.83013028740389, 40.6584026437212], [-73.82970706838906, 40.65850251386451], [-73.82959986903019, 40.65865680691543], [-73.83014950104759, 40.659808684957355], [-73.82969520083391, 40.65865592869152], [-73.83024427039375, 40.65834996934822], [-73.82909434825203, 40.657334218663344], [-73.82950265119837, 40.65664743198329], [-73.83009172569676, 40.65673635744872], [-73.83127112568108, 40.65600327149473], [-73.8318523847929, 40.65488503826696], [-73.8321818606802, 40.654894751954814], [-73.83290309524601, 40.65748377162307], [-73.83194394578257, 40.65617142725342], [-73.83260036370599, 40.65782659162736], [-73.83096907996668, 40.65823029417237], [-73.83338439472544, 40.658051859208015], [-73.83109184464118, 40.648484806759335], [-73.83166902767807, 40.647972211017695], [-73.83461829473161, 40.64812410539687], [-73.83561034795801, 40.648505684700574], [-73.83878517503125, 40.66108844843481], [-73.83805800948616, 40.66200606333908], [-73.8387360855594, 40.66245406002111], [-73.83997949975625, 40.661904273862255], [-73.83978752612933, 40.660485998048046], [-73.83592320073284, 40.64549979067502], [-73.84950699084165, 40.6441337656788], [-73.85183280737658, 40.645860056712664], [-73.85236722518137, 40.64685080383515], [-73.85230349886227, 40.64777102855026], [-73.85159089132347, 40.649096478442154], [-73.85090552461405, 40.64916819600041], [-73.85057653598565, 40.65034992519288], [-73.84925726840814, 40.651031532551], [-73.84939766406322, 40.65143487895037], [-73.8507849972619, 40.651532851904356], [-73.85250949612202, 40.65055140371187], [-73.85403329487946, 40.6506603115748], [-73.85591932944749, 40.6513092616661], [-73.85671288972269, 40.65280166454162], [-73.85828132383823, 40.652994872151865], [-73.85930573554418, 40.654972383384354], [-73.86136381950391, 40.65641475416535], [-73.85983363521494, 40.656977063220495], [-73.8596355866937, 40.65845777205658], [-73.86025847890078, 40.658629711739096], [-73.86023236327559, 40.658897130560085], [-73.86098077540692, 40.65838130334329], [-73.86061207311211, 40.65932653460517], [-73.86124943398261, 40.658720910078706], [-73.86095892095699, 40.65806094302294], [-73.85976839588899, 40.65828193634578], [-73.86057551685668, 40.657836052233726], [-73.86034164704868, 40.65724790569806], [-73.86087597607579, 40.65690816207008], [-73.86161371163614, 40.6569965102529], [-73.86170301269323, 40.65802488948348], [-73.86269778299766, 40.657618309006175], [-73.86317083299996, 40.65827651199998], [-73.8603597819999, 40.65964582899995], [-73.85761052799985, 40.66010835599996], [-73.85842950899992, 40.663453359999906], [-73.85568461199988, 40.66386749199995], [-73.85763323099987, 40.67165619399993], [-73.86038937900001, 40.671268774999895], [-73.86131863599985, 40.67502126899994]]]]}}, {"id": "123", "type": "Feature", "properties": {"taxi_zone_id": 125, "zone": "Hudson Sq", "borough": "Manhattan"}, "geometry": {"type": "Polygon", "coordinates": [[[-74.00269315099992, 40.72831405499993], [-74.00214891499996, 40.72803536699996], [-74.003730175, 40.726250058999995], [-74.0053098609999, 40.72182419199992], [-74.0108123829999, 40.72578980299998], [-74.01135428299995, 40.724277182999934], [-74.0119643202455, 40.72432986461994], [-74.01165326569942, 40.725871761851394], [-74.01520426531133, 40.72636194937968], [-74.01512356549452, 40.726793942564605], [-74.011542018976, 40.7264473469271], [-74.01138323602366, 40.72822927218359], [-74.01076791499999, 40.728173957999964], [-74.01067264999996, 40.72911266599991], [-74.00269315099992, 40.72831405499993]]]}}, {"id": "124", "type": "Feature", "properties": {"taxi_zone_id": 126, "zone": "Hunts Point", "borough": "Bronx"}, "geometry": {"type": "Polygon", "coordinates": [[[-73.88609624199987, 40.82765577699993], [-73.88753429599986, 40.822509339000014], [-73.8843985489999, 40.82296557599994], [-73.88244779599998, 40.81926832299997], [-73.8780628329999, 40.81618263199999], [-73.87663459981847, 40.81571150804961], [-73.87673185506821, 40.8153864964866], [-73.87239437900097, 40.81397433560587], [-73.87056806927927, 40.81208731762248], [-73.87055342191628, 40.811243380722914], [-73.86811219140058, 40.80675183283183], [-73.87174509373908, 40.80154736611618], [-73.87238060453703, 40.80129011463274], [-73.87234684998835, 40.800174763010496], [-73.87297862944646, 40.80025068902644], [-73.87270503758596, 40.801167176810615], [-73.87355096572502, 40.80085330277189], [-73.87467716313955, 40.800979423366776], [-73.87526517037327, 40.801398152548536], [-73.87585788581308, 40.80145598758638], [-73.87592998071507, 40.80108422359375], [-73.87814218819929, 40.80131929030654], [-73.8779064649521, 40.80227180102019], [-73.87843295513449, 40.802702734694996], [-73.88005462984884, 40.8027601514076], [-73.88369542422481, 40.802162123602926], [-73.88372326665917, 40.801862843941066], [-73.88505172336708, 40.80213090679803], [-73.88727097347115, 40.803947002336734], [-73.88795897223945, 40.804997925920645], [-73.88859217706313, 40.80478927560036], [-73.88927892586686, 40.80518182876009], [-73.88922416091161, 40.80584535119199], [-73.88999598170764, 40.8048862867528], [-73.8893743925369, 40.805925273115264], [-73.89005932692345, 40.805704325183974], [-73.89149903729991, 40.80593123874314], [-73.89178618135598, 40.80562289208625], [-73.89197929534278, 40.806384708976225], [-73.89270681066346, 40.80634394909813], [-73.89253177139425, 40.805656551568326], [-73.89227315843527, 40.80570243312483], [-73.89216364547643, 40.80530259256546], [-73.8912671062289, 40.80501048942419], [-73.89128402413917, 40.804976281899215], [-73.89186610809385, 40.80509048742668], [-73.89219739671567, 40.80528468791941], [-73.89230020327585, 40.80566060567014], [-73.89256667738417, 40.805620710004746], [-73.8927481403741, 40.806340261302026], [-73.89485360535866, 40.806214908158786], [-73.89484295983623, 40.805723997012244], [-73.89509836487397, 40.80686363917359], [-73.89550633968572, 40.80659530530366], [-73.8952796287401, 40.80576618406794], [-73.89559109091819, 40.80658134334754], [-73.89567025138753, 40.80629013045692], [-73.89597794687755, 40.80651761583958], [-73.89587481599303, 40.80580851158243], [-73.89610824517877, 40.8064961509513], [-73.89623040737013, 40.806210471902176], [-73.89749681953876, 40.80621440020257], [-73.89741472698567, 40.805800059478095], [-73.89763818741136, 40.80620132083889], [-73.89772827251059, 40.8059674941373], [-73.8980134089615, 40.80616660436185], [-73.89787127990651, 40.80553498175968], [-73.89816110752683, 40.806138070099884], [-73.89804856839497, 40.80571827344638], [-73.89853926244915, 40.80541173173151], [-73.90097148274116, 40.804855541470126], [-73.90222284749719, 40.8049481130948], [-73.903074572, 40.80988061199991], [-73.89759123799989, 40.81377687299997], [-73.89542858799986, 40.815844671999926], [-73.8970446669999, 40.81680185999994], [-73.89283653100001, 40.82097405500001], [-73.8958813589999, 40.82099257499989], [-73.89586019599982, 40.822631045999906], [-73.89320004999996, 40.82400818299995], [-73.89487088500002, 40.82393727199995], [-73.89483522899992, 40.82624684099998], [-73.89293226099981, 40.82678703699996], [-73.88789510999992, 40.82674318499992], [-73.88609624199987, 40.82765577699993]]]}}, {"id": "125", "type": "Feature", "properties": {"taxi_zone_id": 127, "zone": "Inwood", "borough": "Manhattan"}, "geometry": {"type": "MultiPolygon", "coordinates": [[[[-73.92169841904696, 40.85667230185502], [-73.921823250446, 40.85632912586354], [-73.92234459387056, 40.85568233590743], [-73.92169841904696, 40.85667230185502]]], [[[-73.91154281116533, 40.87325370616176], [-73.91043824727869, 40.87137747855183], [-73.91092950706621, 40.869435919113414], [-73.91147752414803, 40.86945234244307], [-73.91113013545254, 40.86892030091888], [-73.91254775130287, 40.86651494300441], [-73.9139186313323, 40.864745584403586], [-73.91492387927858, 40.864580378919165], [-73.91441113392617, 40.86417362737559], [-73.91508583854264, 40.864448143919994], [-73.91589911645785, 40.86430803808511], [-73.91519574800094, 40.863945224735865], [-73.91538673051149, 40.86308438420076], [-73.91729467741676, 40.86167941823069], [-73.91950213660932, 40.858791133790525], [-73.92047868273168, 40.859104092098875], [-73.92127091296308, 40.86018804281675], [-73.92159014848225, 40.86007280002693], [-73.92186633783652, 40.85918134014981], [-73.92093869016941, 40.858120674461546], [-73.92060931660876, 40.85801869615309], [-73.9204843854752, 40.858232548062496], [-73.92035142875443, 40.85819522061919], [-73.92159160704566, 40.8570651542334], [-73.92277921199988, 40.85682619799995], [-73.92295846599977, 40.85891378100001], [-73.92726915099985, 40.86553456], [-73.92872203199992, 40.86674266299993], [-73.92623313399997, 40.86850613799996], [-73.9223436069999, 40.86945904099996], [-73.92214424199993, 40.86915018199998], [-73.92135975499993, 40.86955185399995], [-73.91925481799977, 40.87100784199996], [-73.91969887499998, 40.872064776], [-73.91845930899993, 40.87302205299999], [-73.9140098549999, 40.871160593999996], [-73.91154281116533, 40.87325370616176]]]]}}, {"id": "126", "type": "Feature", "properties": {"taxi_zone_id": 128, "zone": "Inwood Hill Park", "borough": "Manhattan"}, "geometry": {"type": "MultiPolygon", "coordinates": [[[[-73.92635080268249, 40.87759232046263], [-73.92615199405294, 40.87708622922077], [-73.92482755466249, 40.87744477528722], [-73.92258387170894, 40.87692253928843], [-73.92253531894417, 40.87424037754332], [-73.921169296781, 40.873069392288095], [-73.9205606635804, 40.87299414465018], [-73.91978312944534, 40.87360369743561], [-73.92080255630347, 40.87419405886668], [-73.92118186508976, 40.87513784085075], [-73.92090325515422, 40.875466166382644], [-73.918857942435, 40.87464324876083], [-73.91928102175844, 40.87363655754593], [-73.91855365026461, 40.873180588115446], [-73.9175772988473, 40.87454867854731], [-73.91787144917501, 40.87390499528869], [-73.91634348667561, 40.8745238498897], [-73.9152240214605, 40.87448662186817], [-73.91154281116533, 40.87325370616176], [-73.9140098549999, 40.871160593999996], [-73.91845930899993, 40.87302205299999], [-73.91969887499998, 40.872064776], [-73.91925481799977, 40.87100784199996], [-73.92135975499993, 40.86955185399995], [-73.92214424199993, 40.86915018199998], [-73.9223436069999, 40.86945904099996], [-73.92623313399997, 40.86850613799996], [-73.92872203199992, 40.86674266299993], [-73.93141437399996, 40.868961927999955], [-73.93220600531866, 40.870096445104565], [-73.92917968255965, 40.87555554896637], [-73.92635080268249, 40.87759232046263]]], [[[-73.92359172576555, 40.87895215916635], [-73.92367919311681, 40.878826074498654], [-73.92362973975199, 40.87896394312161], [-73.92359172576555, 40.87895215916635]]]]}}, {"id": "127", "type": "Feature", "properties": {"taxi_zone_id": 129, "zone": "Jackson Heights", "borough": "Queens"}, "geometry": {"type": "Polygon", "coordinates": [[[-73.87638792400001, 40.76899955799998], [-73.87499575099986, 40.761264321999995], [-73.87601371899996, 40.76144373199995], [-73.87513874300004, 40.75663381599994], [-73.87365721799983, 40.75680348599999], [-73.86942458599985, 40.74915685199996], [-73.89175048799984, 40.746811727999926], [-73.89624245599988, 40.74871954499991], [-73.89721143799989, 40.75046637499996], [-73.89770744899982, 40.752734858999936], [-73.89969372699986, 40.756446609000015], [-73.89984592699983, 40.75756215299991], [-73.89735543399992, 40.7618509139999], [-73.89437624799997, 40.76552658499995], [-73.89325108799979, 40.766271446], [-73.89089043699997, 40.76585819799999], [-73.88506266099994, 40.767598942999975], [-73.87854915699987, 40.770771995999986], [-73.87608949699984, 40.771536902999905], [-73.87601415599995, 40.769816976000016], [-73.87638792400001, 40.76899955799998]]]}}, {"id": "128", "type": "Feature", "properties": {"taxi_zone_id": 130, "zone": "Jamaica", "borough": "Queens"}, "geometry": {"type": "Polygon", "coordinates": [[[-73.76943987099992, 40.71197689299989], [-73.77172444699998, 40.71031681899994], [-73.76844546499984, 40.709637026999935], [-73.77430843599988, 40.70739366799998], [-73.77555451099995, 40.7060708349999], [-73.7755921879999, 40.70532930799997], [-73.77507462299982, 40.70523998399993], [-73.77230768699997, 40.700571506999935], [-73.77395659499993, 40.69980578099992], [-73.78034491200003, 40.70541241699989], [-73.78256582599995, 40.70542486399993], [-73.79115569699985, 40.70229407599993], [-73.79239170299988, 40.70216652999993], [-73.79186916599991, 40.70136613699993], [-73.79260506799987, 40.70043209999994], [-73.79786193399997, 40.69799340399996], [-73.80642479399984, 40.69087385799995], [-73.80890216900004, 40.692564348999966], [-73.81063298299996, 40.69194738299991], [-73.81637824499992, 40.70245196399992], [-73.81152856899989, 40.70227287499996], [-73.81201248599982, 40.705944944999985], [-73.80694856299992, 40.707367099999956], [-73.8056477309999, 40.70467172799998], [-73.80165725599994, 40.70576147499989], [-73.80302414799988, 40.708139657], [-73.8014141629999, 40.70968687299996], [-73.79870150699992, 40.710663376999904], [-73.79776810199989, 40.70914318799992], [-73.78928335099997, 40.71203172899999], [-73.78657528699985, 40.711972492999955], [-73.77192121999991, 40.71568504399995], [-73.76943987099992, 40.71197689299989]]]}}, {"id": "129", "type": "Feature", "properties": {"taxi_zone_id": 131, "zone": "Jamaica Estates", "borough": "Queens"}, "geometry": {"type": "Polygon", "coordinates": [[[-73.77732562899998, 40.722392700999954], [-73.774371087, 40.72426113199992], [-73.76924074899993, 40.72590270099994], [-73.76568253199987, 40.72637752399996], [-73.75994854100003, 40.72580527799994], [-73.75669771299987, 40.72622871099994], [-73.75508625099991, 40.72449005999989], [-73.75496919499986, 40.72415964699997], [-73.75577120999998, 40.72364021599996], [-73.7523343839998, 40.72026246099998], [-73.75725671499985, 40.71813860199996], [-73.75832728699997, 40.71958208899991], [-73.765714472, 40.71639337899992], [-73.76664095199988, 40.71764661399992], [-73.77357135199996, 40.71512009499992], [-73.78657528699985, 40.711972492999955], [-73.78928335099997, 40.71203172899999], [-73.79303800099989, 40.71071107499993], [-73.79358570299998, 40.71412867799994], [-73.79240413399991, 40.71619304099997], [-73.79201376599997, 40.71796768699998], [-73.79073248899982, 40.71920875699991], [-73.79030267399999, 40.72089146499996], [-73.79045149300003, 40.72355453199988], [-73.79174472699992, 40.72578884999997], [-73.77757506899987, 40.730193272999884], [-73.7752338719998, 40.72523753299989], [-73.77700327899989, 40.72372000899997], [-73.7780376599998, 40.723284268999876], [-73.77732562899998, 40.722392700999954]]]}}, {"id": "130", "type": "Feature", "properties": {"taxi_zone_id": 132, "zone": "JFK Airport", "borough": "Queens"}, "geometry": {"type": "MultiPolygon", "coordinates": [[[[-73.74713019919187, 40.63721686134732], [-73.74699985119133, 40.637127027880155], [-73.74715781614569, 40.637060524028406], [-73.74713019919187, 40.63721686134732]]], [[[-73.74694320619099, 40.63752920208855], [-73.74704316342152, 40.637566426459294], [-73.74693721618011, 40.637556101860106], [-73.74694320619099, 40.63752920208855]]], [[[-73.74661040472857, 40.63872497388557], [-73.74664302817305, 40.63866224980713], [-73.74666935864037, 40.638706040635995], [-73.74661040472857, 40.63872497388557]]], [[[-73.82789758799997, 40.663906306999934], [-73.81496922499986, 40.66247266799997], [-73.81176694899993, 40.66293453499995], [-73.8084501609999, 40.664461301], [-73.8043205059999, 40.66512073299995], [-73.80072889200001, 40.66526937699993], [-73.79582296499997, 40.664953254999915], [-73.78481455499993, 40.66349858199996], [-73.780755286, 40.662406601999976], [-73.77418923599993, 40.65986052399997], [-73.75411086699988, 40.64869766499994], [-73.75522386899995, 40.64744446899993], [-73.75379289369529, 40.64670560418297], [-73.7537377082634, 40.64696042357793], [-73.75340189507165, 40.64680746120933], [-73.75376146361374, 40.64668632265805], [-73.7490763129122, 40.64363287005166], [-73.74742462056209, 40.641376468013746], [-73.7474471174258, 40.639709812848324], [-73.74860324379861, 40.63545732629318], [-73.75245502470679, 40.63370451003486], [-73.76219292080067, 40.630260496048706], [-73.76308661984865, 40.62966037481908], [-73.76452857462218, 40.629222896126464], [-73.7650077554797, 40.62941398784967], [-73.76474640438602, 40.62916495190556], [-73.76639800533182, 40.62835121586801], [-73.7669995971799, 40.627528364415724], [-73.76878236316831, 40.62432279608778], [-73.7686944291862, 40.62266565889773], [-73.76952135011707, 40.62211848822984], [-73.76975585615149, 40.62110662019637], [-73.77077016777163, 40.620031182155024], [-73.77160377191542, 40.620343247899875], [-73.77171699423648, 40.62096167889897], [-73.77082069703974, 40.62328299797243], [-73.77155510482565, 40.62336221809827], [-73.77519764175813, 40.62683144719509], [-73.77704080084246, 40.627666469768464], [-73.77880666416571, 40.6274949230815], [-73.77999420781757, 40.626689298035366], [-73.78419483298926, 40.620892669955175], [-73.78949653224412, 40.62274664610797], [-73.78346558387602, 40.62811814087859], [-73.78264543417806, 40.63024796854443], [-73.78377728687504, 40.630634115824506], [-73.78434764221069, 40.63137332021679], [-73.78570293720223, 40.63209498924039], [-73.78690666692243, 40.63226190086452], [-73.78948519498256, 40.63428214317583], [-73.79076956011139, 40.63386374895702], [-73.79067962789144, 40.63419656301454], [-73.7913087779411, 40.6344013008274], [-73.79122898504875, 40.634857064034975], [-73.79222318018806, 40.63589008814], [-73.79474296180882, 40.63663275318422], [-73.79725372923231, 40.638015790009135], [-73.7992331459311, 40.63843175211153], [-73.80565288923972, 40.64162087077655], [-73.81075488263984, 40.64349789690541], [-73.81203306986673, 40.64430548288078], [-73.81350685093165, 40.644636653826936], [-73.81643071612778, 40.64599800564573], [-73.81830607819735, 40.64638698303707], [-73.8218251362488, 40.649899795874944], [-73.82348381110747, 40.65536991271866], [-73.82227996040434, 40.659425007931226], [-73.82169139439411, 40.66003508674313], [-73.8186953155868, 40.66110505105528], [-73.81262125517684, 40.66015704989843], [-73.81143455044243, 40.66025288594762], [-73.81143921922407, 40.66074562606798], [-73.81867189288894, 40.66213298725432], [-73.82338324351306, 40.66020574702526], [-73.82498070378553, 40.655431971183724], [-73.8229071770089, 40.64809344600478], [-73.82319444111556, 40.64801116168034], [-73.82466363540958, 40.649724875093334], [-73.82499846516194, 40.64937693088293], [-73.82548770814857, 40.64989215694151], [-73.825859620933, 40.649475601604536], [-73.82614483059669, 40.65008184094257], [-73.8263924282224, 40.648324348807854], [-73.82859942399985, 40.65719697299991], [-73.832705339, 40.665405772999904], [-73.82789758799997, 40.663906306999934]]]]}}, {"id": "131", "type": "Feature", "properties": {"taxi_zone_id": 133, "zone": "Kensington", "borough": "Brooklyn"}, "geometry": {"type": "Polygon", "coordinates": [[[-73.97819074399992, 40.64752599199996], [-73.97777380600002, 40.645341877000014], [-73.97482741800002, 40.64566342099997], [-73.974642245, 40.64481321899996], [-73.97084113799984, 40.646378570999936], [-73.96803868499985, 40.63665098499997], [-73.97029036199991, 40.636406340999926], [-73.96986869299991, 40.63419467499992], [-73.97604935699994, 40.63127590599991], [-73.9768886119999, 40.63567486199995], [-73.97911188699993, 40.63544038599994], [-73.98042057899988, 40.64238522699997], [-73.98299419199992, 40.64132499699993], [-73.98834986699991, 40.64456224399998], [-73.98180533899996, 40.647127798999904], [-73.97819074399992, 40.64752599199996]]]}}, {"id": "132", "type": "Feature", "properties": {"taxi_zone_id": 134, "zone": "Kew Gardens", "borough": "Queens"}, "geometry": {"type": "Polygon", "coordinates": [[[-73.82288529599995, 40.711928057999984], [-73.8202314509999, 40.709457502999996], [-73.81637824499992, 40.70245196399992], [-73.82245890399994, 40.70365553099992], [-73.83152109599999, 40.70138962899999], [-73.83213204199994, 40.702794080999944], [-73.83391709699988, 40.702347367], [-73.83460244999996, 40.70392746699995], [-73.83661882199989, 40.70342001799994], [-73.83809584699989, 40.70616458099998], [-73.83714702999997, 40.70795704599993], [-73.84314625299982, 40.70922345599999], [-73.83600510799987, 40.71172967099994], [-73.83129817899982, 40.714264132999894], [-73.82591945199992, 40.71598987599999], [-73.82288529599995, 40.711928057999984]]]}}, {"id": "133", "type": "Feature", "properties": {"taxi_zone_id": 135, "zone": "Kew Gardens Hills", "borough": "Queens"}, "geometry": {"type": "Polygon", "coordinates": [[[-73.83113122799989, 40.742338], [-73.83143025500004, 40.73913573299999], [-73.83053551299994, 40.737520194999945], [-73.8294675199999, 40.73702448299996], [-73.82809152599998, 40.73708317499999], [-73.8279436029999, 40.738489981999926], [-73.82686746499992, 40.7386289119999], [-73.82559030399982, 40.739447591999934], [-73.8243501109999, 40.73975360599997], [-73.81693283800001, 40.738389509999976], [-73.81633109399995, 40.73844640099994], [-73.8160767679998, 40.73885793399998], [-73.81497208299996, 40.73856071599992], [-73.8146916309999, 40.73594999299995], [-73.81510024099985, 40.72854342299995], [-73.81074426599986, 40.72626511299995], [-73.81111797299988, 40.727816415999975], [-73.80717042299993, 40.72826913299993], [-73.80652142399995, 40.72487306399994], [-73.80487958299982, 40.72504959299993], [-73.80452680199981, 40.721462545999934], [-73.80904032699983, 40.71991160499992], [-73.80780927699996, 40.71585389599994], [-73.81720417899986, 40.71584072799999], [-73.82018883899984, 40.716735223999905], [-73.81732944799997, 40.717660456999965], [-73.8191283259999, 40.71734991900002], [-73.82531644999993, 40.71727569999999], [-73.82556765699991, 40.71972101499994], [-73.8273090039999, 40.72464607699994], [-73.82805145299996, 40.72532484999994], [-73.83073214599987, 40.72654932799997], [-73.83386267199987, 40.73055318899992], [-73.83400368799985, 40.73156770999997], [-73.83600708999997, 40.73397874199993], [-73.83635625099998, 40.73500859199992], [-73.83563372699986, 40.737111629999966], [-73.83564585599999, 40.738491010999894], [-73.83627527100005, 40.73956837599996], [-73.83669458799984, 40.73954125399999], [-73.83699037399995, 40.742093300999954], [-73.8360998919999, 40.74242906899994], [-73.83586131899989, 40.743227984999955], [-73.83113122799989, 40.742338]]]}}, {"id": "134", "type": "Feature", "properties": {"taxi_zone_id": 136, "zone": "Kingsbridge Heights", "borough": "Bronx"}, "geometry": {"type": "Polygon", "coordinates": [[[-73.90318667499999, 40.86914899099991], [-73.89942436199988, 40.86788083799996], [-73.89960300399986, 40.86872820799994], [-73.89891854299988, 40.86965857399995], [-73.89656060599998, 40.868565199999985], [-73.90254479399998, 40.860578254999936], [-73.90351390500003, 40.86091750999991], [-73.90486847199993, 40.858693224999946], [-73.90777320599985, 40.8596075379999], [-73.90976165899988, 40.85718261199993], [-73.91056799299989, 40.85862059299998], [-73.91328437100006, 40.85961860099997], [-73.91050960899994, 40.860891269999925], [-73.90908822499988, 40.862399695999926], [-73.9090395089999, 40.86267886399993], [-73.91075595799987, 40.86165148399994], [-73.91278962899986, 40.861872470999934], [-73.91422823999919, 40.862490790359665], [-73.91341462193645, 40.86336749370075], [-73.91276271995461, 40.86302917415762], [-73.91227278976973, 40.86363214899676], [-73.91279762128934, 40.86389887543287], [-73.9125260451679, 40.86379522383778], [-73.9126763402038, 40.86402111160249], [-73.91044282747865, 40.866527868551884], [-73.90864943177567, 40.87138578380339], [-73.90893235220783, 40.87215734798529], [-73.9077427079998, 40.87284595199993], [-73.90746489699995, 40.873547353999875], [-73.90452070499992, 40.87249521099993], [-73.90442003099997, 40.870361275999926], [-73.90318667499999, 40.86914899099991]]]}}, {"id": "135", "type": "Feature", "properties": {"taxi_zone_id": 137, "zone": "Kips Bay", "borough": "Manhattan"}, "geometry": {"type": "Polygon", "coordinates": [[[-73.97167921200406, 40.74305446402991], [-73.97265743803044, 40.73922275427699], [-73.97248994174741, 40.735803280107646], [-73.97446647047282, 40.73627845682992], [-73.97414062018366, 40.735955657167366], [-73.97450488285963, 40.736042280536736], [-73.97446461207309, 40.73566817266459], [-73.97305698712053, 40.735177453415574], [-73.97276308380349, 40.73550508747358], [-73.97294520758678, 40.73506517007116], [-73.97329895046123, 40.73524235507713], [-73.9735447289197, 40.73494432655074], [-73.97849845599995, 40.73679095699993], [-73.97805226499996, 40.737553953999935], [-73.98266497499989, 40.73949733299992], [-73.97812378199983, 40.74572717299991], [-73.97167921200406, 40.74305446402991]]]}}, {"id": "136", "type": "Feature", "properties": {"taxi_zone_id": 138, "zone": "LaGuardia Airport", "borough": "Queens"}, "geometry": {"type": "MultiPolygon", "coordinates": [[[[-73.86978081192638, 40.78533793332586], [-73.86918113468879, 40.785943489784955], [-73.86987007434347, 40.78508590706814], [-73.86943751657093, 40.78363839981377], [-73.8686071602691, 40.78380014125415], [-73.8684857461148, 40.78367632326812], [-73.86942344795426, 40.78359131491774], [-73.87048029898958, 40.7823061123153], [-73.87146292358177, 40.78212640074085], [-73.87255732673727, 40.780821121542616], [-73.85505106271819, 40.77219538998913], [-73.85645807349368, 40.77032086119885], [-73.85738091328331, 40.77057080715648], [-73.8582051105021, 40.7703234564772], [-73.85621267610162, 40.76919579775787], [-73.85624565746173, 40.768885714199], [-73.85704790262234, 40.76913955594892], [-73.85937510429778, 40.767075328942724], [-73.8608553594459, 40.76693211808926], [-73.86110277152281, 40.76727194252986], [-73.86131386166113, 40.76694063174374], [-73.8626886417663, 40.7668759105049], [-73.86043337809801, 40.7638688824378], [-73.8610972439999, 40.76366447699996], [-73.86340214900001, 40.766455511999936], [-73.86728193799998, 40.769650002999946], [-73.86962970499988, 40.77100636599996], [-73.87223577699984, 40.771695658999995], [-73.87475943399997, 40.771719986999955], [-73.87743339799992, 40.77120025499996], [-73.8835659359999, 40.76818044499992], [-73.88770661799985, 40.76683859799999], [-73.88822109399986, 40.76859228999997], [-73.8887255129998, 40.76891623899998], [-73.88945486901865, 40.7735329510636], [-73.88580762286652, 40.77402222447542], [-73.88583361561382, 40.77410924043994], [-73.88566947657925, 40.77412605608385], [-73.88567007665036, 40.77443307121686], [-73.8856323103537, 40.77409707478865], [-73.88578473697669, 40.77402471216459], [-73.88391627963797, 40.77413260659158], [-73.88455150532151, 40.77436062233218], [-73.88483742391051, 40.77495298074573], [-73.88428737712128, 40.775472056165995], [-73.88525026986592, 40.778612901742434], [-73.88493466381183, 40.77993691280696], [-73.87960692432854, 40.7808503130653], [-73.87870562518874, 40.780585909950055], [-73.87930868295156, 40.78185365833238], [-73.878858374856, 40.78239817868124], [-73.87974777853563, 40.78283656420704], [-73.8797016367226, 40.782882818072395], [-73.87883146781734, 40.782430714494474], [-73.87833923298054, 40.78302592074943], [-73.8751575489337, 40.78150944965334], [-73.8712485624251, 40.78603815125503], [-73.86978081192638, 40.78533793332586]]], [[[-73.89183244902246, 40.77488019994436], [-73.89112044339463, 40.77712469973611], [-73.89017369508576, 40.77785081277788], [-73.8894710539975, 40.77553555096722], [-73.89034195999996, 40.773237605], [-73.89183244902246, 40.77488019994436]]], [[[-73.8728849699182, 40.78596263310796], [-73.8727740594054, 40.78594192145885], [-73.87280920016116, 40.78590310910005], [-73.8728849699182, 40.78596263310796]]]]}}, {"id": "137", "type": "Feature", "properties": {"taxi_zone_id": 139, "zone": "Laurelton", "borough": "Queens"}, "geometry": {"type": "Polygon", "coordinates": [[[-73.747551754, 40.68934733699997], [-73.7375999409999, 40.68636201199993], [-73.73744163699996, 40.686700766999905], [-73.72718272499995, 40.68359732999992], [-73.72830180799986, 40.68148497499999], [-73.7330322339999, 40.67649502599994], [-73.73597469399992, 40.67256742099998], [-73.736249418, 40.672630601999956], [-73.73593438599974, 40.67243297099991], [-73.73775794399985, 40.67005754699996], [-73.74117817299991, 40.66640295399995], [-73.75763129599991, 40.66645115699997], [-73.7564373439998, 40.66966637899995], [-73.75636239300002, 40.672429237000046], [-73.75857198899986, 40.67263733099991], [-73.76031463999993, 40.67510997099991], [-73.756918817, 40.67652887099997], [-73.75648885799987, 40.67602276199997], [-73.75576169199995, 40.67588590899991], [-73.75484909699989, 40.67792883799999], [-73.75225828699998, 40.68149141099991], [-73.75008991099998, 40.68592344599997], [-73.747551754, 40.68934733699997]]]}}, {"id": "138", "type": "Feature", "properties": {"taxi_zone_id": 140, "zone": "Lenox Hill East", "borough": "Manhattan"}, "geometry": {"type": "Polygon", "coordinates": [[[-73.954418260786, 40.762184104951125], [-73.95877790811335, 40.758270920924396], [-73.96196573699997, 40.7596194609999], [-73.95268514999994, 40.77233940499997], [-73.94748975478171, 40.77011515400956], [-73.954418260786, 40.762184104951125]]]}}, {"id": "139", "type": "Feature", "properties": {"taxi_zone_id": 141, "zone": "Lenox Hill West", "borough": "Manhattan"}, "geometry": {"type": "Polygon", "coordinates": [[[-73.95268514999994, 40.77233940499997], [-73.96196573699996, 40.75961945999999], [-73.9665833839999, 40.761550934999946], [-73.95729409999986, 40.774283554999954], [-73.95268514999994, 40.77233940499997]]]}}, {"id": "140", "type": "Feature", "properties": {"taxi_zone_id": 142, "zone": "Lincoln Square East", "borough": "Manhattan"}, "geometry": {"type": "Polygon", "coordinates": [[[-73.98129467599999, 40.76811880199993], [-73.98236545099999, 40.76739215299996], [-73.98806289599996, 40.76979079999997], [-73.980673654, 40.77992518199994], [-73.97499744000005, 40.77753254599994], [-73.98164804599995, 40.76843632199997], [-73.98129467599999, 40.76811880199993]]]}}, {"id": "141", "type": "Feature", "properties": {"taxi_zone_id": 143, "zone": "Lincoln Square West", "borough": "Manhattan"}, "geometry": {"type": "Polygon", "coordinates": [[[-73.98507184299989, 40.78177968099999], [-73.980673654, 40.77992518199994], [-73.98806289599996, 40.76979079999997], [-73.99387445099994, 40.77223816799999], [-73.9935026219999, 40.77275163299992], [-73.99624065194922, 40.77378979119891], [-73.99609524511304, 40.774086186218824], [-73.99393587681126, 40.77317951258612], [-73.99226708903534, 40.77511603385854], [-73.99205908493721, 40.77549759819227], [-73.99238604296023, 40.77555718042471], [-73.99092717414973, 40.777566878763], [-73.99039616003645, 40.77758506567915], [-73.98886861739992, 40.77969292291145], [-73.99155105922739, 40.77957482143744], [-73.98888614411702, 40.77987889853281], [-73.9881274618433, 40.78140179672366], [-73.98567936099997, 40.78031263299998], [-73.98507184299989, 40.78177968099999]]]}}, {"id": "142", "type": "Feature", "properties": {"taxi_zone_id": 144, "zone": "Little Italy/NoLiTa", "borough": "Manhattan"}, "geometry": {"type": "Polygon", "coordinates": [[[-73.99260322299988, 40.72413644999997], [-73.99605872699998, 40.71623163999994], [-73.99858925599978, 40.71709951199993], [-74.00188406299993, 40.71939757099996], [-73.9967717579999, 40.725431943999965], [-73.99260322299988, 40.72413644999997]]]}}, {"id": "143", "type": "Feature", "properties": {"taxi_zone_id": 145, "zone": "Long Island City/Hunters Point", "borough": "Queens"}, "geometry": {"type": "Polygon", "coordinates": [[[-73.95080763809156, 40.75526368005711], [-73.9381182169999, 40.74979264499994], [-73.93663681899982, 40.748204093999924], [-73.94032696100007, 40.74541314300001], [-73.94342742899987, 40.744231172], [-73.94419561599983, 40.74288214599995], [-73.94031559800004, 40.74440449799994], [-73.93726110699993, 40.74517649099992], [-73.93869664499978, 40.73814081699991], [-73.94140886345744, 40.73929957085322], [-73.94050888805725, 40.740113941753144], [-73.93910874138116, 40.74261703517679], [-73.93866991753185, 40.7425340820249], [-73.93858786976764, 40.7429308826875], [-73.9400192297566, 40.74320827221077], [-73.9401485852122, 40.742832441460024], [-73.93965301521378, 40.742731087095734], [-73.94159470030033, 40.73986412616899], [-73.94290141828863, 40.73900380150438], [-73.94548236590111, 40.738207031293726], [-73.94715087181176, 40.73790012334477], [-73.95380883920839, 40.73982029297789], [-73.95741470766005, 40.73955658201167], [-73.9607258037368, 40.73808017017918], [-73.9621661137397, 40.73827306447179], [-73.96262085588614, 40.739004936533206], [-73.96220916495864, 40.740006175249064], [-73.96159204782984, 40.74000396823164], [-73.96162982563845, 40.74045892945753], [-73.96129339923257, 40.74043279936795], [-73.9619093021767, 40.740867833243975], [-73.96110494965113, 40.74138457155174], [-73.96110814501404, 40.741828025907964], [-73.96155253168952, 40.74199326140729], [-73.96061022103159, 40.74343138134339], [-73.95971981529016, 40.743693045465264], [-73.96064863700711, 40.744130317614115], [-73.95963225023952, 40.74393463191419], [-73.9593910660955, 40.74428332474394], [-73.95972855228639, 40.74427211561941], [-73.96015525517686, 40.744368782605584], [-73.96012600962386, 40.7444439369915], [-73.95923368945668, 40.744310043026566], [-73.9587753700448, 40.744555599863446], [-73.95946204747965, 40.7446608917721], [-73.95876372515237, 40.74459261916394], [-73.95864096676264, 40.74494831495504], [-73.95965229755977, 40.74521658817347], [-73.95849389303115, 40.744987864916276], [-73.95932420250084, 40.7455433226967], [-73.95839861481154, 40.745719419445436], [-73.95899427160536, 40.7460646464352], [-73.9567945329049, 40.748839516955655], [-73.95318382492853, 40.747734811961], [-73.95305375571401, 40.74808748722931], [-73.9564856879466, 40.74911169015582], [-73.95576039140944, 40.749596659530226], [-73.95611932084378, 40.749757837856194], [-73.95546436936412, 40.74967421308261], [-73.95534928514437, 40.750013856904054], [-73.95506652560155, 40.74963273037541], [-73.95399353526572, 40.751786195519074], [-73.95080763809156, 40.75526368005711]]]}}, {"id": "144", "type": "Feature", "properties": {"taxi_zone_id": 146, "zone": "Long Island City/Queens Plaza", "borough": "Queens"}, "geometry": {"type": "Polygon", "coordinates": [[[-73.93383269399993, 40.75160470199996], [-73.93739653799992, 40.748916439999945], [-73.9381182169999, 40.74979264499994], [-73.944052652, 40.75231325999996], [-73.93679091699993, 40.75988288099997], [-73.92415699999985, 40.75396114199989], [-73.92562743799989, 40.752137243999925], [-73.932276233, 40.75195388600002], [-73.93383269399993, 40.75160470199996]]]}}, {"id": "145", "type": "Feature", "properties": {"taxi_zone_id": 147, "zone": "Longwood", "borough": "Bronx"}, "geometry": {"type": "Polygon", "coordinates": [[[-73.89515277899991, 40.827834289999956], [-73.89487088500002, 40.82393727199995], [-73.89320004999996, 40.82400818299995], [-73.89586019599982, 40.822631045999906], [-73.8958813589999, 40.82099257499989], [-73.89290156199988, 40.82081122299996], [-73.8970446669999, 40.81680185999994], [-73.89542858799986, 40.815844671999926], [-73.89759123799989, 40.81377687299997], [-73.903074572, 40.80988061199991], [-73.90341720399988, 40.81150688299992], [-73.9044655149999, 40.81228195999999], [-73.90061141099989, 40.82210880799991], [-73.90198758599993, 40.82244042299994], [-73.90050540499992, 40.82600762199996], [-73.90164895599993, 40.82625697799996], [-73.90093510699997, 40.82792810199995], [-73.89979756799993, 40.82768435399996], [-73.89548522799996, 40.82824854099997], [-73.89515277899991, 40.827834289999956]]]}}, {"id": "146", "type": "Feature", "properties": {"taxi_zone_id": 148, "zone": "Lower East Side", "borough": "Manhattan"}, "geometry": {"type": "Polygon", "coordinates": [[[-73.9838238729998, 40.721472871999914], [-73.985073423, 40.71908329399993], [-73.98675136699994, 40.71959284600002], [-73.98836626299988, 40.71644570199996], [-73.98915463799979, 40.716708646999955], [-73.99022012699989, 40.714404939999916], [-73.99750445299988, 40.71406913199997], [-73.99480778999998, 40.71845742599992], [-73.99260322199994, 40.7241364499999], [-73.9838238729998, 40.721472871999914]]]}}, {"id": "147", "type": "Feature", "properties": {"taxi_zone_id": 149, "zone": "Madison", "borough": "Brooklyn"}, "geometry": {"type": "Polygon", "coordinates": [[[-73.9448277099998, 40.61604620899992], [-73.94354698, 40.60934655499996], [-73.94231175899985, 40.60826819699991], [-73.93934703399997, 40.610187140999955], [-73.93753749399987, 40.60855738999991], [-73.93972613899992, 40.60713291499998], [-73.93426266699994, 40.602230710999926], [-73.93503274599996, 40.60173378999989], [-73.93447158899998, 40.60123151199994], [-73.94288954099984, 40.60031864999997], [-73.94248473299992, 40.59820036499989], [-73.956927197, 40.5966120759999], [-73.95775745999987, 40.60098588899998], [-73.95683001699993, 40.60108734899999], [-73.95859278499987, 40.610403030999926], [-73.94978380499995, 40.61137174999991], [-73.95026514899993, 40.61392435199986], [-73.94742608799993, 40.61422460099993], [-73.9448277099998, 40.61604620899992]]]}}, {"id": "148", "type": "Feature", "properties": {"taxi_zone_id": 150, "zone": "Manhattan Beach", "borough": "Brooklyn"}, "geometry": {"type": "Polygon", "coordinates": [[[-73.9301907789999, 40.5850855929999], [-73.9300961629999, 40.58450207599993], [-73.9320424499999, 40.58423395999995], [-73.9319281118675, 40.58286976893526], [-73.9323769574282, 40.58291850997814], [-73.93201379961046, 40.58292598275013], [-73.93201839411522, 40.583111124618604], [-73.93275209395242, 40.582879868685815], [-73.93569071639773, 40.58327509318918], [-73.93582439275755, 40.58302111555208], [-73.93612717900335, 40.58331433315853], [-73.93609668691353, 40.58294874583291], [-73.93656607029142, 40.582957648786426], [-73.93657592440762, 40.583240505589956], [-73.93697427463773, 40.58323032641133], [-73.93663307422491, 40.58297221190412], [-73.93705921677467, 40.582977982320216], [-73.93705290451025, 40.58308469947815], [-73.9376326974329, 40.58309626828407], [-73.93702675588713, 40.58312587259933], [-73.93700558408256, 40.583016019471444], [-73.93701481021185, 40.58323327236398], [-73.93712459798441, 40.58334673016422], [-73.93811917695099, 40.58334047899517], [-73.9380942062777, 40.58311681071699], [-73.93855276236503, 40.58333798499135], [-73.93862755765123, 40.58306702179754], [-73.93930153084881, 40.583333215054516], [-73.94057745828908, 40.5833282255736], [-73.94010903682874, 40.583075069686885], [-73.94067657802263, 40.58306580556737], [-73.94058872809934, 40.583206947456475], [-73.9407001951476, 40.58332762473217], [-73.94073840604624, 40.58307561281754], [-73.94102517918674, 40.583070361906195], [-73.9415740808356, 40.58360755593937], [-73.94255133565284, 40.58351447617085], [-73.94202033352745, 40.583110423782514], [-73.94270167762977, 40.5835087976141], [-73.94304709645994, 40.5834921294643], [-73.94256316190977, 40.583127347516516], [-73.9431950615802, 40.58348966263327], [-73.94354467530928, 40.58347101436111], [-73.94309334781462, 40.58313454521444], [-73.94369153004567, 40.58346775426601], [-73.9440676416711, 40.58347200911037], [-73.9437651164146, 40.58314471883162], [-73.9446182866623, 40.58349662608775], [-73.94432059818067, 40.58315942487766], [-73.94517477781615, 40.58352137824422], [-73.94484512940836, 40.58316423534616], [-73.94534992503475, 40.583529052110414], [-73.94573014930472, 40.583544874558804], [-73.94526670124631, 40.58318251856729], [-73.94628634691863, 40.583568685707995], [-73.9457994125887, 40.58319464023029], [-73.94643429059336, 40.5835631525925], [-73.9467894506877, 40.58355046761416], [-73.94631603648743, 40.58320694021071], [-73.946917962761, 40.58354603324978], [-73.94726832705227, 40.583533182574534], [-73.9468220294719, 40.5831911918712], [-73.94746867861319, 40.58352819536243], [-73.95349322048675, 40.582988198261006], [-73.95330135995673, 40.58200274963347], [-73.9496967249941, 40.58231940106669], [-73.94274062592493, 40.5809955895593], [-73.9325800656803, 40.581264741203476], [-73.93106028107997, 40.57626592009693], [-73.93150256744042, 40.57566050512678], [-73.93488263802315, 40.57557812179099], [-73.93493617952893, 40.575268979086744], [-73.93623167905102, 40.57585040609989], [-73.93670752538155, 40.57541842729197], [-73.94250907828433, 40.57537355453184], [-73.94427911427726, 40.575800511700095], [-73.94460730835148, 40.57523383460927], [-73.94486926137374, 40.575573662480636], [-73.94572352013991, 40.57555943976497], [-73.94618237597034, 40.57529883620691], [-73.94592390235844, 40.57511543230943], [-73.95235846721332, 40.574274685845225], [-73.95414287899986, 40.583106139999934], [-73.95645729099982, 40.58265885099994], [-73.9571329139998, 40.58304572600001], [-73.95900739999992, 40.58283812799997], [-73.96004798699995, 40.58326987200001], [-73.96025825899996, 40.58502930799998], [-73.95387860700004, 40.58572124599997], [-73.95357366099992, 40.58530918699993], [-73.95123865700003, 40.58492463299995], [-73.94866230599997, 40.584893855999994], [-73.9344471859999, 40.586652074999975], [-73.93145727300002, 40.586101272], [-73.93126944999997, 40.58543639299997], [-73.9301907789999, 40.5850855929999]]]}}, {"id": "149", "type": "Feature", "properties": {"taxi_zone_id": 151, "zone": "Manhattan Valley", "borough": "Manhattan"}, "geometry": {"type": "Polygon", "coordinates": [[[-73.96004456499999, 40.79804123499994], [-73.96417598599989, 40.7923620449999], [-73.96525997299999, 40.792801370999946], [-73.96987063299996, 40.79473520499993], [-73.96941543899999, 40.795360779000006], [-73.97639951915279, 40.79827321034629], [-73.97287179090726, 40.803356187573954], [-73.96004456499999, 40.79804123499994]]]}}, {"id": "150", "type": "Feature", "properties": {"taxi_zone_id": 152, "zone": "Manhattanville", "borough": "Manhattan"}, "geometry": {"type": "Polygon", "coordinates": [[[-73.95634010399982, 40.82309232799992], [-73.95082880000002, 40.82082793699992], [-73.94992194399984, 40.82207231399996], [-73.94854029799983, 40.82148762299992], [-73.94808289799983, 40.822108021999966], [-73.94607828700005, 40.821263215999956], [-73.94919960099985, 40.8147208539999], [-73.9521012519999, 40.811442853999985], [-73.95408058399987, 40.81228011299993], [-73.95570690100003, 40.81414396000001], [-73.95626957999987, 40.81337502299991], [-73.95949328899988, 40.817007473999944], [-73.96203105797969, 40.818086330740904], [-73.95981462674504, 40.82029787520395], [-73.95914685715196, 40.82157132855105], [-73.9590896024009, 40.82120624705596], [-73.95881892233997, 40.82151852484675], [-73.95900018289882, 40.82240972837439], [-73.95990999444398, 40.82257111982202], [-73.95960332460271, 40.822994686783396], [-73.95892614718308, 40.82271175544141], [-73.95852731524242, 40.8218437566522], [-73.95793904909117, 40.82277435354735], [-73.9595089796959, 40.82359578895146], [-73.95634010399982, 40.82309232799992]]]}}, {"id": "151", "type": "Feature", "properties": {"taxi_zone_id": 153, "zone": "Marble Hill", "borough": "Manhattan"}, "geometry": {"type": "Polygon", "coordinates": [[[-73.90666530999995, 40.87571560899995], [-73.9077427079998, 40.87284595199993], [-73.90893235220783, 40.87215734798529], [-73.91092118004799, 40.87414639602003], [-73.91578609320084, 40.87571718248037], [-73.91487449199987, 40.87664214599996], [-73.91205829999997, 40.87811931999993], [-73.91148913199984, 40.87901885899994], [-73.91033193599998, 40.87903804699995], [-73.90949832099987, 40.878776731999935], [-73.90703748899998, 40.87689516099997], [-73.90666530999995, 40.87571560899995]]]}}, {"id": "152", "type": "Feature", "properties": {"taxi_zone_id": 154, "zone": "Marine Park/Floyd Bennett Field", "borough": "Brooklyn"}, "geometry": {"type": "MultiPolygon", "coordinates": [[[[-73.91509711064722, 40.58626658369324], [-73.91282142952436, 40.585896830337084], [-73.91242103069457, 40.58339278402732], [-73.91463166275302, 40.58275763490543], [-73.91498685680594, 40.583152840328545], [-73.91614199473273, 40.58285743763391], [-73.91729861410717, 40.58319080174956], [-73.91541290900807, 40.58236407379879], [-73.91438667636007, 40.582383158049446], [-73.91417322815995, 40.58280136166251], [-73.91335911446285, 40.5829540210143], [-73.91296905167876, 40.58297280262405], [-73.91299384246965, 40.58270674016932], [-73.91285379588716, 40.58301226729884], [-73.91191058860355, 40.58296337725264], [-73.91128635983831, 40.58231358629243], [-73.91154161171623, 40.58179402715573], [-73.91505520170746, 40.581543607722594], [-73.92443604094976, 40.583558203444305], [-73.92963248074891, 40.583398808625574], [-73.93067191898056, 40.58315981187], [-73.93094864986666, 40.58272735668956], [-73.93184655018902, 40.582941055297375], [-73.9320424499999, 40.58423395999995], [-73.9300961629999, 40.58450207599993], [-73.9301907789999, 40.5850855929999], [-73.93126944999997, 40.58543639299997], [-73.93139947599984, 40.58607989499994], [-73.92712081899994, 40.58487935699991], [-73.92101255523748, 40.58457501880619], [-73.91509711064722, 40.58626658369324]]], [[[-73.93351310700004, 40.608343455999936], [-73.92986880199989, 40.60507134099998], [-73.92624885099994, 40.60741352199993], [-73.92444144399987, 40.60579356899998], [-73.92158429099997, 40.607639084999924], [-73.92065861699989, 40.60675454299999], [-73.91970928699986, 40.607302162999915], [-73.9185276079998, 40.60611336699992], [-73.91794980550604, 40.60620925217108], [-73.91442813462284, 40.602863919563255], [-73.91389434799432, 40.60270357776869], [-73.91382020162834, 40.602888180050115], [-73.91368718510047, 40.60285042101268], [-73.91364075667397, 40.602524181704354], [-73.91347072649002, 40.602911690689986], [-73.91349826413605, 40.602366976067806], [-73.91301723241874, 40.602754248717645], [-73.91331444593793, 40.602258448198356], [-73.91273866862338, 40.602708677016494], [-73.91309691306819, 40.60221445392557], [-73.91158427689317, 40.60213548840345], [-73.91157836556718, 40.60221787119122], [-73.91230939977284, 40.602275084477945], [-73.91254170182432, 40.60236443995541], [-73.91154411182994, 40.602439323103944], [-73.91261098676527, 40.60253200659387], [-73.91257290407538, 40.60268330003468], [-73.91086536585769, 40.60249048328848], [-73.91151957194396, 40.602396868569336], [-73.91154234369162, 40.602224540785706], [-73.91092886882552, 40.60220894310248], [-73.91093999639928, 40.60212847422252], [-73.911555291408, 40.60215546472981], [-73.91075830846518, 40.60202750098346], [-73.91075123972264, 40.602437299862565], [-73.90903689530526, 40.60267734322022], [-73.91071154457026, 40.60241949317833], [-73.91070633053948, 40.602144515265365], [-73.90940934304653, 40.60219076575536], [-73.91073123013267, 40.602021376027615], [-73.9097964992642, 40.60204301300349], [-73.90894225138031, 40.60160704069873], [-73.90767859330253, 40.60229166672004], [-73.9039344950867, 40.60272510278647], [-73.90332866108642, 40.602456303985626], [-73.90143013761237, 40.60327267745601], [-73.89880755323303, 40.603657090412476], [-73.89530920285445, 40.603121080155475], [-73.8921960955575, 40.603388483617], [-73.88764437104099, 40.60527704731362], [-73.88477539810481, 40.60514484413423], [-73.8839804295303, 40.60556651972076], [-73.88269358924951, 40.60422497014922], [-73.88329452020042, 40.6029161045558], [-73.8816278073381, 40.59944648269104], [-73.87990713258998, 40.59204799432244], [-73.8794080701356, 40.592103406892335], [-73.8798990285191, 40.59202063885207], [-73.87971492228009, 40.59139889182908], [-73.87935729205896, 40.59084373529751], [-73.8789689043874, 40.590896773117606], [-73.87929326377282, 40.59066143187069], [-73.8787876035763, 40.58803046105842], [-73.87671672482064, 40.58491443020092], [-73.87970231664, 40.58013510069818], [-73.881742900221, 40.579591700764695], [-73.88206958203642, 40.57907397869664], [-73.88734824650477, 40.57807522462715], [-73.89118413759032, 40.57787211230091], [-73.89552381007165, 40.57676981843639], [-73.89708755890891, 40.579886959303984], [-73.89655591241934, 40.583005018974696], [-73.89813542477575, 40.585185655059846], [-73.89789705159707, 40.585821255728504], [-73.8983050622705, 40.58684118500346], [-73.89891599908806, 40.58753743606107], [-73.89973341305188, 40.58716521210991], [-73.89903425420563, 40.587676171745834], [-73.89981060525021, 40.58801445705562], [-73.89990604460492, 40.58779408924824], [-73.90121791883185, 40.58738334002315], [-73.8999523407064, 40.58804159869693], [-73.90071546045651, 40.58808399538838], [-73.90209953736353, 40.587356541176455], [-73.90426874447125, 40.58691226298859], [-73.90651874663754, 40.58802547389258], [-73.90712502406383, 40.587529702962364], [-73.90643924223771, 40.58703385637474], [-73.91088554171192, 40.58594764500445], [-73.9114817199007, 40.58607871871235], [-73.91197278431736, 40.58669735747135], [-73.9115767744986, 40.58726262488543], [-73.91191080135235, 40.58846743387374], [-73.91148579005616, 40.59110875301856], [-73.91204234015626, 40.59450695428889], [-73.91513297459494, 40.598781115930336], [-73.91859190395141, 40.60079639057202], [-73.92016573798129, 40.601087838804865], [-73.92151689981944, 40.60192365414113], [-73.92267444374241, 40.60159223648507], [-73.92400307854606, 40.59973014522805], [-73.92457042932716, 40.59972360273242], [-73.92950671202776, 40.60270923350435], [-73.92961589749179, 40.60318963997947], [-73.9290116971971, 40.60368541846882], [-73.92925238099349, 40.60397906752427], [-73.92987492996903, 40.6037423259888], [-73.9301425251583, 40.604029595341395], [-73.93056523214433, 40.603726825818654], [-73.9310033614306, 40.603935804666605], [-73.93212319646145, 40.602709739248795], [-73.93108919528449, 40.601722258264154], [-73.930306809869, 40.60117167464093], [-73.92964936173404, 40.601204457578824], [-73.92922698259743, 40.600488108516124], [-73.92865250413834, 40.60038559182874], [-73.9285923060007, 40.60061161597631], [-73.9272024040044, 40.59991008043424], [-73.92290185533977, 40.596447563816376], [-73.92177536324344, 40.59503092620121], [-73.92032141052387, 40.594718846993125], [-73.91795667035201, 40.592910465509675], [-73.91655940040121, 40.591092587437664], [-73.91454059121104, 40.58994422917546], [-73.91434427671781, 40.58888688930508], [-73.9172548455425, 40.58747791255731], [-73.91819087799986, 40.586606855], [-73.92956858299992, 40.59682026499997], [-73.92813139699999, 40.597777927999914], [-73.9335511719998, 40.60268728099995], [-73.93426266699994, 40.602230710999926], [-73.93972613899992, 40.60713291499998], [-73.936046277, 40.60951486900001], [-73.93423157599979, 40.60789771499996], [-73.93351310700004, 40.608343455999936]]], [[[-73.92084893682663, 40.59954139732847], [-73.91865887598058, 40.59947242837074], [-73.91626393108346, 40.59816113731277], [-73.91307588369632, 40.5941452004387], [-73.91300897860152, 40.59201915467993], [-73.91439422677782, 40.59151165799819], [-73.91524478304683, 40.59158750817848], [-73.91787543558024, 40.59472218152498], [-73.9208294770879, 40.59633469068292], [-73.92182277731894, 40.59733293287256], [-73.92213049353393, 40.59866259617735], [-73.92084893682663, 40.59954139732847]]]]}}, {"id": "153", "type": "Feature", "properties": {"taxi_zone_id": 155, "zone": "Marine Park/Mill Basin", "borough": "Brooklyn"}, "geometry": {"type": "Polygon", "coordinates": [[[-73.91535460301414, 40.629991695070686], [-73.90385540661482, 40.624940198699754], [-73.90544562242668, 40.62579278066401], [-73.90254656112614, 40.62444423916959], [-73.9032704594402, 40.62448418394107], [-73.9028326222324, 40.62405099444949], [-73.90241543050294, 40.624462907250084], [-73.9022870793228, 40.62440985393027], [-73.90291619574111, 40.623954531256466], [-73.90284160059183, 40.6234527372998], [-73.90236135937828, 40.623469218516085], [-73.9020901880153, 40.62298712199021], [-73.90094131085958, 40.62252791487648], [-73.90071952540437, 40.62163492049858], [-73.89811767568024, 40.62185156212645], [-73.89644123346895, 40.62139475619018], [-73.89561388501926, 40.61980128715065], [-73.89664335225238, 40.617347713147495], [-73.89586112894176, 40.61451813749481], [-73.89427581408144, 40.61388264324816], [-73.89249926249595, 40.613792312183776], [-73.89095414564672, 40.612834047317094], [-73.8914143047419, 40.61212544769953], [-73.893932400722, 40.61153659672422], [-73.89394013317667, 40.61118142665131], [-73.89354938853043, 40.61100089763652], [-73.89189389086438, 40.61153467124993], [-73.89107794632615, 40.61227686186855], [-73.88971513183803, 40.611598996904114], [-73.8902171644626, 40.610397257788314], [-73.89226735458966, 40.60916527314664], [-73.89272944999256, 40.6072271923165], [-73.8933462142001, 40.60674344623469], [-73.8983387811778, 40.605303659788035], [-73.89986880363854, 40.605524640544026], [-73.90087672510032, 40.6069801213473], [-73.90015619936528, 40.61007643818699], [-73.90134997400646, 40.61108861510199], [-73.90133303458649, 40.61171788290605], [-73.90248711043368, 40.61186185849175], [-73.90119253465454, 40.610563817546655], [-73.90132962659395, 40.610481043103306], [-73.90265077946786, 40.61178062116418], [-73.90236032096202, 40.61198041218266], [-73.90271854260655, 40.61182602529594], [-73.90304392812484, 40.61209521498722], [-73.90242274717579, 40.61203356000484], [-73.90717291149826, 40.616009875338506], [-73.90673848666401, 40.616295919990144], [-73.90725685565036, 40.616087581376895], [-73.9071059539902, 40.61660986021425], [-73.90752735132158, 40.61634443254888], [-73.90724169382693, 40.616551501887564], [-73.9079680653862, 40.61704658677697], [-73.9078138860334, 40.617374067585885], [-73.90815289956946, 40.61716189299595], [-73.90879088017641, 40.61743639672147], [-73.90863333912958, 40.61716785490942], [-73.90907145153933, 40.61716043833182], [-73.90835403214685, 40.61653099896156], [-73.9087942081916, 40.61687295732472], [-73.90913853186629, 40.61653162172908], [-73.90797306390525, 40.615736844061225], [-73.90917675105386, 40.61652194698021], [-73.90895706128725, 40.61699148481936], [-73.90959740910328, 40.61639266979936], [-73.90424103859327, 40.612362273218785], [-73.9042910372516, 40.61201485612889], [-73.90331047012505, 40.6115471638637], [-73.90313578707003, 40.610967538157155], [-73.90225859966276, 40.61042277259996], [-73.90177669809985, 40.60567468655587], [-73.90524300992108, 40.60491009032447], [-73.90597461177855, 40.60638402870435], [-73.90811001167562, 40.60627326534305], [-73.90863959535422, 40.6066587220479], [-73.90803306097814, 40.60535860211726], [-73.90840361574526, 40.60524329705989], [-73.90888574422165, 40.60653651882839], [-73.9098515484547, 40.60599972217773], [-73.90832536835171, 40.60407337391863], [-73.91092270021187, 40.60350547610069], [-73.91365119759595, 40.60398251383698], [-73.91673556486195, 40.6068145615502], [-73.91632230017511, 40.60867566266903], [-73.9167839443274, 40.60877388439224], [-73.91657073983414, 40.609423539545965], [-73.91683981118769, 40.60876001472056], [-73.91650924535926, 40.60862975409005], [-73.91708838503304, 40.60882085489857], [-73.9161647503772, 40.61051557507615], [-73.91449542205973, 40.61165322366493], [-73.91493418790427, 40.61395815505496], [-73.91386053060673, 40.61464226907093], [-73.91428072663338, 40.614938816163004], [-73.91642099003495, 40.61356935469275], [-73.9159145211068, 40.613845376312305], [-73.91572538303375, 40.613618030803686], [-73.91576807356563, 40.61354033333586], [-73.91597173175394, 40.61380783536672], [-73.91624768959588, 40.61362610079122], [-73.91574585230263, 40.613384860703064], [-73.91639586745879, 40.613446834034775], [-73.91587086536354, 40.612910037390584], [-73.91662804371141, 40.61344358926543], [-73.91573181927129, 40.611830844513875], [-73.91811036679019, 40.61020839405814], [-73.9178663862696, 40.60932723380085], [-73.91767870757266, 40.60966286494895], [-73.91796270083074, 40.608785937120366], [-73.91787400308746, 40.6093113276689], [-73.9185566612059, 40.6084983090435], [-73.91800500501185, 40.60814977851466], [-73.91857357570947, 40.60848794628738], [-73.91900737147333, 40.608267254971175], [-73.9181381488997, 40.60764538690778], [-73.91836246737634, 40.6075013694187], [-73.91902310765325, 40.608256868199476], [-73.91935398484114, 40.60804292228772], [-73.91825269092949, 40.607229350640544], [-73.918503004139, 40.60707123602703], [-73.91950358918922, 40.60797490397527], [-73.91794980550604, 40.60620925217108], [-73.91852760899995, 40.60611336699987], [-73.91970928699986, 40.607302162999915], [-73.92065861699989, 40.60675454299999], [-73.92158429099997, 40.607639084999924], [-73.92444144399987, 40.60579356899998], [-73.92624885099994, 40.60741352199993], [-73.92986880199989, 40.60507134099998], [-73.93351310700004, 40.608343455999936], [-73.93423157599979, 40.60789771499996], [-73.936046277, 40.60951486900001], [-73.93753749399987, 40.60855738999991], [-73.93934703399997, 40.610187140999955], [-73.94231175899985, 40.60826819699991], [-73.94354698, 40.60934655499996], [-73.9448277099998, 40.61604620899992], [-73.94346961900001, 40.61738500099996], [-73.94078914099985, 40.6176967899999], [-73.93686699599992, 40.62025328099995], [-73.93320457599995, 40.616970441999946], [-73.93173179199982, 40.6179269209999], [-73.92629604599998, 40.61311679899996], [-73.92640044599995, 40.61447853499992], [-73.92062400299996, 40.614838681999956], [-73.9205269409999, 40.61394269499991], [-73.91690302699992, 40.61627422899998], [-73.91860649599991, 40.63209041499993], [-73.91716071492723, 40.63173012599848], [-73.9175065733389, 40.63144181607991], [-73.91731998946489, 40.63100715271808], [-73.91535460301414, 40.629991695070686]]]}}, {"id": "154", "type": "Feature", "properties": {"taxi_zone_id": 156, "zone": "Mariners Harbor", "borough": "Staten Island"}, "geometry": {"type": "MultiPolygon", "coordinates": [[[[-74.17988406361408, 40.64511024036657], [-74.17972987752029, 40.6443807021119], [-74.17933117249432, 40.644400511772595], [-74.17920271291945, 40.64504692785544], [-74.17907466583888, 40.64464650705658], [-74.17903555928557, 40.64339478702071], [-74.17940482802032, 40.64312896647639], [-74.1795871372141, 40.641917683464065], [-74.17918728067563, 40.642987539996525], [-74.17825662146018, 40.642129227868274], [-74.17834127011962, 40.642589475995855], [-74.1772111857094, 40.64312277860311], [-74.1767048915117, 40.64241691128396], [-74.1763578661754, 40.64232722056294], [-74.17666795538247, 40.64338684477163], [-74.17560250954419, 40.64331129867252], [-74.17568470742572, 40.64471028489511], [-74.17529691545047, 40.6450750768189], [-74.17436572943608, 40.645136258645465], [-74.1729412389165, 40.64420452285592], [-74.17300154585647, 40.64358540507963], [-74.17236165386568, 40.64325626755189], [-74.17272145305189, 40.642948498996624], [-74.17150811099722, 40.64313444209087], [-74.17133587281808, 40.64285576505203], [-74.17186042582567, 40.6425229285189], [-74.1715872192374, 40.641029593394514], [-74.1720231585248, 40.64098921566291], [-74.17293896175397, 40.640579552697425], [-74.17298798800311, 40.64048910506628], [-74.17156994685418, 40.6410115320928], [-74.17137382350516, 40.64208501526813], [-74.17105017239898, 40.64259381912995], [-74.17119260951202, 40.64173962651398], [-74.17028635441103, 40.64177530825591], [-74.17007878651035, 40.642086160575566], [-74.16915295569137, 40.641872859874354], [-74.16906431628871, 40.642130016798646], [-74.16653375792842, 40.64142263788376], [-74.1660998989604, 40.64240658700121], [-74.16631887292456, 40.64143667500492], [-74.1658011075589, 40.641224511449465], [-74.16544310082392, 40.642280546708626], [-74.16494139041178, 40.64220899988936], [-74.16519041758224, 40.6406423057794], [-74.16473426536795, 40.64039146702495], [-74.16457132366716, 40.64141866159591], [-74.16459656597706, 40.640315746047534], [-74.16416886813627, 40.639994110230376], [-74.16386249420347, 40.641052797343775], [-74.16394491366825, 40.63991460682121], [-74.16345445681993, 40.639856560398265], [-74.16322855844136, 40.64094851032999], [-74.1616753469423, 40.64061078476682], [-74.1622846525209, 40.638765652772385], [-74.16181856612248, 40.63864627877766], [-74.16144917826759, 40.6394283366684], [-74.16166010706984, 40.63866499331333], [-74.161240158151, 40.638595011616246], [-74.16090490770398, 40.63938614081611], [-74.1610816175891, 40.638567768312555], [-74.16034819993155, 40.63844372645351], [-74.15986410465037, 40.63992782369277], [-74.1602347053031, 40.638410316924926], [-74.15985697767896, 40.63872920221947], [-74.1592271162294, 40.63779611975702], [-74.15900957887435, 40.63882257790979], [-74.15893299160653, 40.63826401781906], [-74.15789262953875, 40.637965051231205], [-74.15773352572349, 40.63887903516542], [-74.15777365937033, 40.63795716024869], [-74.15718782782525, 40.637950805228975], [-74.15710126690709, 40.639277718600226], [-74.15707077305574, 40.637947135640964], [-74.15610276490888, 40.637939590886134], [-74.15611488264744, 40.63753074716442], [-74.15569862053141, 40.637517938904125], [-74.15549268934303, 40.63846677952645], [-74.15558643758918, 40.637730775865386], [-74.15482932461856, 40.63772385541881], [-74.15469263864514, 40.639193968114306], [-74.15459670163321, 40.637343344069016], [-74.15279703511403, 40.637132754852566], [-74.15269700449673, 40.63764184172467], [-74.15221806884477, 40.63769258171689], [-74.15229786175496, 40.6382742882636], [-74.15204639233272, 40.63766721531552], [-74.15119545007182, 40.637730788536196], [-74.15124827966567, 40.63940934288595], [-74.15112965090489, 40.638500680073996], [-74.1505563884209, 40.63855933066732], [-74.14945818220086, 40.6374103208471], [-74.1494188170834, 40.63829164054709], [-74.1488817554376, 40.6387052079733], [-74.14855815092194, 40.63743783752727], [-74.14877792005885, 40.63887625112773], [-74.1451927948153, 40.63937849765471], [-74.14386163595884, 40.63888796251689], [-74.14312802471521, 40.639680373063825], [-74.14359998299996, 40.638514125999954], [-74.14478228999994, 40.63795377999995], [-74.14752618999992, 40.6293892879999], [-74.14622202799995, 40.629106956999955], [-74.14593544599994, 40.62782411500001], [-74.14554071999993, 40.627832522], [-74.14650354399993, 40.62420010099995], [-74.14772830399991, 40.622136619], [-74.15231170399994, 40.61716275599992], [-74.15379116699994, 40.61225561199994], [-74.1623545779999, 40.61833563799999], [-74.16808086299993, 40.620936255999936], [-74.17236260999994, 40.62163579899994], [-74.17459706299995, 40.62236401099991], [-74.17993706099998, 40.62660129699994], [-74.1955597527974, 40.63502398631663], [-74.19442256854931, 40.63658210621318], [-74.19462310145185, 40.63739118356371], [-74.19358317694844, 40.63746911688472], [-74.186524968976, 40.64338866217149], [-74.18623209809668, 40.64318739685529], [-74.18483594580836, 40.64412826633877], [-74.18411319064435, 40.64353008362583], [-74.18437046773803, 40.64309957688997], [-74.18365067064063, 40.64223964105069], [-74.18402611192003, 40.643100408569744], [-74.18324212279416, 40.64296367810302], [-74.1836674587201, 40.64461048505011], [-74.18118434243927, 40.64458615924495], [-74.18087212513211, 40.64485142967833], [-74.18048173953655, 40.64427892477655], [-74.18004077949224, 40.64428814067371], [-74.17988406361408, 40.64511024036657]]], [[[-74.15974815874294, 40.64141652579027], [-74.16111242522162, 40.64183545373735], [-74.16146036002638, 40.64429496988244], [-74.15798759520317, 40.64386178898304], [-74.15743349200979, 40.643302857779034], [-74.15855043770534, 40.64249750130644], [-74.158810937453, 40.641758634740306], [-74.15974815874294, 40.64141652579027]]]]}}, {"id": "155", "type": "Feature", "properties": {"taxi_zone_id": 157, "zone": "Maspeth", "borough": "Queens"}, "geometry": {"type": "Polygon", "coordinates": [[[-73.89922944799997, 40.73511159899992], [-73.89492421799993, 40.73500772199998], [-73.89255554699984, 40.73447812599999], [-73.8885228599999, 40.73453115999996], [-73.88805975199999, 40.730087229999924], [-73.8875596219999, 40.73019705599993], [-73.88723573099986, 40.72893296499999], [-73.8870771209998, 40.72463770199996], [-73.89030329399986, 40.72492388699991], [-73.89426494199992, 40.723143188999906], [-73.89569743299992, 40.72341258599999], [-73.8958238069999, 40.723898821999974], [-73.8983528509999, 40.723112289999975], [-73.89903191799989, 40.72385695999991], [-73.90010558699989, 40.72329624099997], [-73.89981610199999, 40.72123689999995], [-73.89739704899986, 40.72155120999992], [-73.89736598399989, 40.72046438299994], [-73.90009286399996, 40.72017685299998], [-73.90062644399997, 40.719764053999924], [-73.90033904299986, 40.71801994799991], [-73.89834760099983, 40.71919767799995], [-73.897267579, 40.71814715699989], [-73.89901821099993, 40.71738212699995], [-73.89750226399987, 40.71638386799993], [-73.90477244599997, 40.71286579999989], [-73.90537582199983, 40.7128765809999], [-73.90639010099999, 40.717363691999935], [-73.90965980099995, 40.717793154999946], [-73.91283037699982, 40.71536090699999], [-73.91015817899999, 40.71382159999999], [-73.91077807399988, 40.713187599999905], [-73.92404011299993, 40.71400831299997], [-73.92368352152519, 40.714082841408185], [-73.92412241575492, 40.71513804844522], [-73.92352547251075, 40.71561660836791], [-73.92232970167696, 40.716076545172456], [-73.92064258940593, 40.71577319202888], [-73.92057861388705, 40.71602742469072], [-73.92232773978448, 40.71659264406112], [-73.91132095099978, 40.71962422999997], [-73.91384828299984, 40.72289841199996], [-73.91257187699983, 40.72323963499992], [-73.90518057899999, 40.72895657699999], [-73.90041661699985, 40.734650587999994], [-73.89922944799997, 40.73511159899992]]]}}, {"id": "156", "type": "Feature", "properties": {"taxi_zone_id": 158, "zone": "Meatpacking/West Village West", "borough": "Manhattan"}, "geometry": {"type": "Polygon", "coordinates": [[[-74.00916608258481, 40.7424165912317], [-74.00515808199998, 40.74085808099994], [-74.00709020799991, 40.72877225299998], [-74.01067264999996, 40.72911266699993], [-74.01076791499999, 40.728173957999964], [-74.014390699162, 40.72846304776007], [-74.01408693559922, 40.73066317304031], [-74.01116195696464, 40.73045067634909], [-74.01099350879153, 40.732320417940656], [-74.01094127374121, 40.733020313341335], [-74.01400220214602, 40.733068001795466], [-74.01399957240956, 40.73333227751775], [-74.01072514326883, 40.733459523511144], [-74.01083284563215, 40.73400709451367], [-74.01201792010478, 40.73406374445635], [-74.01200124222407, 40.73433840166876], [-74.01081359479103, 40.73428344364756], [-74.0104765981442, 40.738063940595076], [-74.01108706635937, 40.738092750081385], [-74.01113915602558, 40.738389862813094], [-74.01045432864609, 40.73836450622818], [-74.0103930313456, 40.73917429605925], [-74.01158045502316, 40.73926453611208], [-74.0115274502041, 40.73987377144994], [-74.0123691740004, 40.73975164637218], [-74.01231001212764, 40.740194756204055], [-74.01151491736529, 40.73997286369885], [-74.01146073955334, 40.74058421475254], [-74.01215741913083, 40.740605998131294], [-74.01265928208485, 40.74074763849753], [-74.00949685520365, 40.74072701178547], [-74.00941140266131, 40.74115409331288], [-74.01216232909212, 40.7414918896827], [-74.01211745872139, 40.74175851621162], [-74.00951947145005, 40.74149030219867], [-74.00916608258481, 40.7424165912317]]]}}, {"id": "157", "type": "Feature", "properties": {"taxi_zone_id": 159, "zone": "Melrose South", "borough": "Bronx"}, "geometry": {"type": "Polygon", "coordinates": [[[-73.91189154999994, 40.822141481999935], [-73.90990894100004, 40.82255110799995], [-73.9012927759998, 40.820475442999964], [-73.9044655149999, 40.81228195999999], [-73.91094779, 40.81362092099991], [-73.91768626999985, 40.81608124299994], [-73.92048117399989, 40.814563686999925], [-73.92158392200005, 40.81555063200001], [-73.92124519699988, 40.816219397], [-73.92309299899993, 40.816697727999994], [-73.92399951299991, 40.81543891199995], [-73.92662718199988, 40.816118958999965], [-73.92265261199995, 40.82049431499997], [-73.91677400599986, 40.824387086999906], [-73.91587735799988, 40.8241037319999], [-73.91621588599988, 40.82346792999995], [-73.91189154999994, 40.822141481999935]]]}}, {"id": "158", "type": "Feature", "properties": {"taxi_zone_id": 160, "zone": "Middle Village", "borough": "Queens"}, "geometry": {"type": "Polygon", "coordinates": [[[-73.869707654, 40.72514643399996], [-73.86523870699996, 40.719976709999955], [-73.86003789899996, 40.71493223599991], [-73.85962920999985, 40.71397529499995], [-73.85965416799995, 40.7133799609999], [-73.86500981999998, 40.710776908999925], [-73.87016462499984, 40.709207742999915], [-73.86911007199988, 40.70708933699996], [-73.88088332699985, 40.70645397699996], [-73.87761134199985, 40.70716770500002], [-73.87872783199988, 40.7100275349999], [-73.87926181200001, 40.709905346999946], [-73.87943495499985, 40.71028441899993], [-73.87907685299999, 40.71035938999998], [-73.88006267699978, 40.71265257399998], [-73.88507555699985, 40.712161055999964], [-73.90477244599997, 40.71286579999989], [-73.89750226399987, 40.71638386799993], [-73.89901821099993, 40.71738212699995], [-73.897267579, 40.71814715699989], [-73.89834760099983, 40.71919767799995], [-73.90033904299986, 40.71801994799991], [-73.90062644399997, 40.719764053999924], [-73.90009286399996, 40.72017685299998], [-73.89736598399989, 40.72046438299994], [-73.89739704899986, 40.72155120999992], [-73.89981610199999, 40.72123689999995], [-73.90010558699989, 40.72329624099997], [-73.89903191799989, 40.72385695999991], [-73.8983528509999, 40.723112289999975], [-73.8958238069999, 40.723898821999974], [-73.89569743299992, 40.72341258599999], [-73.89426494199992, 40.723143188999906], [-73.89030329399986, 40.72492388699991], [-73.8870771209998, 40.72463770199996], [-73.88720524999995, 40.727792996999895], [-73.88500729499985, 40.72837189499993], [-73.88008877499988, 40.72890627499998], [-73.87509154199992, 40.73067136299998], [-73.87146074199987, 40.7293263739999], [-73.869707654, 40.72514643399996]]]}}, {"id": "159", "type": "Feature", "properties": {"taxi_zone_id": 161, "zone": "Midtown Center", "borough": "Manhattan"}, "geometry": {"type": "Polygon", "coordinates": [[[-73.97124277300003, 40.76093641799988], [-73.97580739399986, 40.754677274999985], [-73.9765156939999, 40.75497426299996], [-73.9783696929999, 40.75241622699997], [-73.98411754799999, 40.75484205299998], [-73.977686006, 40.76364440299997], [-73.97124277300003, 40.76093641799988]]]}}, {"id": "160", "type": "Feature", "properties": {"taxi_zone_id": 162, "zone": "Midtown East", "borough": "Manhattan"}, "geometry": {"type": "Polygon", "coordinates": [[[-73.96657146999985, 40.76148188], [-73.9744494109998, 40.750766444999954], [-73.9783696929999, 40.75241622699997], [-73.9765156939999, 40.75497426299996], [-73.97580739399986, 40.754677273999995], [-73.96980028899992, 40.76291351199996], [-73.96657146999985, 40.76148188]]]}}, {"id": "161", "type": "Feature", "properties": {"taxi_zone_id": 163, "zone": "Midtown North", "borough": "Manhattan"}, "geometry": {"type": "Polygon", "coordinates": [[[-73.98136213699995, 40.76783673899994], [-73.96980028899992, 40.76291351199996], [-73.97124277300003, 40.76093641799988], [-73.977686006, 40.76364440299997], [-73.97860169399989, 40.762396072], [-73.98428230099987, 40.764791814999974], [-73.98215157200003, 40.76768179699996], [-73.98136213699995, 40.76783673899994]]]}}, {"id": "162", "type": "Feature", "properties": {"taxi_zone_id": 164, "zone": "Midtown South", "borough": "Manhattan"}, "geometry": {"type": "Polygon", "coordinates": [[[-73.98085054499998, 40.74775036999999], [-73.98407485299994, 40.743324717999904], [-73.99051761299985, 40.74603863799992], [-73.98411754799999, 40.75484205299998], [-73.98088709899987, 40.75348098899991], [-73.98407636100002, 40.749102124999965], [-73.98085054499998, 40.74775036999999]]]}}, {"id": "163", "type": "Feature", "properties": {"taxi_zone_id": 165, "zone": "Midwood", "borough": "Brooklyn"}, "geometry": {"type": "Polygon", "coordinates": [[[-73.96040734299989, 40.630162530999954], [-73.95995565099992, 40.62777867199995], [-73.94732672199996, 40.62916656699987], [-73.946422661, 40.624385566999955], [-73.94542442899984, 40.624495609999954], [-73.94451833400001, 40.61971364699994], [-73.94651373199997, 40.619494019], [-73.94573691999982, 40.61536340699995], [-73.94742608799993, 40.61422460099993], [-73.95026514899993, 40.61392435199986], [-73.94978380499995, 40.61137174999991], [-73.96237947799978, 40.609986374000016], [-73.96471983399981, 40.62237296099999], [-73.96864510599995, 40.62194169499994], [-73.96909724499984, 40.624332825], [-73.97047171899992, 40.62417002999999], [-73.97136622199992, 40.628929162], [-73.96040734299989, 40.630162530999954]]]}}, {"id": "164", "type": "Feature", "properties": {"taxi_zone_id": 166, "zone": "Morningside Heights", "borough": "Manhattan"}, "geometry": {"type": "Polygon", "coordinates": [[[-73.95949328899988, 40.817007473999944], [-73.95626957999987, 40.81337502299991], [-73.95570690100003, 40.81414396000001], [-73.95408058399987, 40.81228011299993], [-73.9521012519999, 40.811442853999985], [-73.9535757779999, 40.80947669799994], [-73.95496657099991, 40.810064554999975], [-73.95818167299996, 40.80559679099995], [-73.95824878299987, 40.80310648599993], [-73.95964685399987, 40.801156422999966], [-73.97110765876137, 40.80579013958968], [-73.96414082888293, 40.81577165745395], [-73.96203105797969, 40.818086330740904], [-73.95949328899988, 40.817007473999944]]]}}, {"id": "165", "type": "Feature", "properties": {"taxi_zone_id": 167, "zone": "Morrisania/Melrose", "borough": "Bronx"}, "geometry": {"type": "Polygon", "coordinates": [[[-73.8963019999999, 40.83354321799993], [-73.89717220999982, 40.830368833000044], [-73.894692052, 40.8306190939999], [-73.893360418, 40.830152530999996], [-73.8899110649999, 40.830124191999914], [-73.88761307899999, 40.82933741999999], [-73.88601262699991, 40.82823853099996], [-73.88609624199987, 40.82765577699993], [-73.88789510999992, 40.82674318499992], [-73.89293226099981, 40.82678703699996], [-73.89483522899992, 40.82624684099998], [-73.8951102089999, 40.82803689899993], [-73.89548522799996, 40.82824854099997], [-73.89979756799993, 40.82768435399996], [-73.90093510699997, 40.82792810199995], [-73.90164895599993, 40.82625697799996], [-73.90050540499992, 40.82600762199996], [-73.90198758599993, 40.82244042299994], [-73.90061141099989, 40.82210880799991], [-73.9012927759998, 40.820475442999964], [-73.90990894100004, 40.82255110799995], [-73.91181615799985, 40.822035021999945], [-73.91621588599988, 40.82346792999995], [-73.91587735799988, 40.8241037319999], [-73.91677400599986, 40.824387086999906], [-73.91608782899984, 40.82483785199994], [-73.91661368499985, 40.824992308], [-73.91541108199998, 40.82577390899996], [-73.91351191699981, 40.82480494399994], [-73.91316674499997, 40.825456454999916], [-73.91130974499993, 40.824848557999935], [-73.91179361999997, 40.82642815599994], [-73.91169430299983, 40.827758715999956], [-73.908959903, 40.830226232999934], [-73.90553116799988, 40.82910413299992], [-73.90122534999992, 40.83549991099997], [-73.89697220299995, 40.83434525399994], [-73.8963019999999, 40.83354321799993]]]}}, {"id": "166", "type": "Feature", "properties": {"taxi_zone_id": 168, "zone": "Mott Haven/Port Morris", "borough": "Bronx"}, "geometry": {"type": "MultiPolygon", "coordinates": [[[[-73.89693872998787, 40.79563587285359], [-73.89796839783742, 40.79564483916204], [-73.89919434249981, 40.7965024560182], [-73.8978825324018, 40.79711653214709], [-73.89678526341211, 40.79632916648716], [-73.89693872998787, 40.79563587285359]]], [[[-73.89646668834578, 40.800790470891386], [-73.89864038714974, 40.7991011646214], [-73.90021004993142, 40.79926415589605], [-73.89978738800835, 40.79950955437455], [-73.8997156381744, 40.800798808502854], [-73.90003735815736, 40.80090874205027], [-73.89948919423654, 40.80090111592959], [-73.89938748571029, 40.801935665070346], [-73.89833036270552, 40.802412820940006], [-73.89646668834578, 40.800790470891386]]], [[[-73.92395483099982, 40.81550096099997], [-73.92309299899993, 40.816697727999994], [-73.92124519699988, 40.816219397], [-73.92158392200005, 40.81555063200001], [-73.92048117399989, 40.814563686999925], [-73.91768626999985, 40.81608124299994], [-73.91094779, 40.81362092099991], [-73.9044655149999, 40.81228195999999], [-73.90341720399988, 40.81150688299992], [-73.90229231992772, 40.80456477614172], [-73.9045295409574, 40.803170235651876], [-73.90807397255666, 40.79957281916727], [-73.90779307559532, 40.79949348953795], [-73.9076822280089, 40.7993883139253], [-73.90842190768012, 40.79944209244503], [-73.90830303542083, 40.7989591359201], [-73.9116228580015, 40.79664107849615], [-73.91372255986785, 40.796789438879344], [-73.91904978748826, 40.798993935843285], [-73.92024068146364, 40.79961368793491], [-73.92132730789253, 40.801284591815694], [-73.9229271008289, 40.80237329482145], [-73.92665794788495, 40.80240980391473], [-73.92762788658843, 40.80269566548155], [-73.92728271943585, 40.803508264417076], [-73.92764500352583, 40.80398863284613], [-73.92872607489814, 40.80410362522734], [-73.9322696077928, 40.80833952748127], [-73.93287412001943, 40.81041404342904], [-73.93242632000944, 40.814117518979664], [-73.93027812699984, 40.813248025000014], [-73.92885642099992, 40.81487986599995], [-73.92731653099999, 40.81855963399994], [-73.92518486499998, 40.81801266899992], [-73.92662718199988, 40.816118958999965], [-73.92395483099982, 40.81550096099997]]]]}}, {"id": "167", "type": "Feature", "properties": {"taxi_zone_id": 169, "zone": "Mount Hope", "borough": "Bronx"}, "geometry": {"type": "Polygon", "coordinates": [[[-73.89816577499982, 40.85514637599991], [-73.89863543699985, 40.85390697499997], [-73.89709926799996, 40.85517229099992], [-73.8956088329998, 40.85457036999991], [-73.901344046, 40.84442875099997], [-73.90483121999989, 40.844800341999935], [-73.9050151499998, 40.842404697999896], [-73.91046008499987, 40.84279164299991], [-73.91043026399994, 40.84310772999994], [-73.91193751499992, 40.84320238799996], [-73.91689747599989, 40.845117733999935], [-73.91416184199993, 40.845179187999975], [-73.910581699, 40.850181594999924], [-73.90557007299988, 40.85578732199993], [-73.90395154299999, 40.854973922999974], [-73.90185996099993, 40.854586148999985], [-73.90077922699986, 40.85604710999996], [-73.89816577499982, 40.85514637599991]]]}}, {"id": "168", "type": "Feature", "properties": {"taxi_zone_id": 170, "zone": "Murray Hill", "borough": "Manhattan"}, "geometry": {"type": "Polygon", "coordinates": [[[-73.97121971999988, 40.746921541], [-73.97350835000003, 40.743782033999935], [-73.97812378199983, 40.74572717299991], [-73.98085965399993, 40.741969767999926], [-73.98407485299994, 40.743324717999904], [-73.98085054399985, 40.74775036999999], [-73.98407636100002, 40.749102124999965], [-73.98088709899987, 40.75348098899991], [-73.9744494109998, 40.750766444999954], [-73.9758346669999, 40.74886314600001], [-73.97121971999988, 40.746921541]]]}}, {"id": "169", "type": "Feature", "properties": {"taxi_zone_id": 171, "zone": "Murray Hill-Queens", "borough": "Queens"}, "geometry": {"type": "Polygon", "coordinates": [[[-73.79317944599987, 40.77040317699993], [-73.7939591469999, 40.76469531999994], [-73.79302551399985, 40.764621191999915], [-73.79343991199988, 40.76076412799998], [-73.79076004599987, 40.760985768999966], [-73.79031517, 40.75782345099993], [-73.79493246199993, 40.75779802999999], [-73.80030038999979, 40.75970229899997], [-73.81104963199984, 40.76141702100001], [-73.82063593299986, 40.758872267999934], [-73.82348245199985, 40.76465179199997], [-73.82466908999987, 40.77040760799989], [-73.82655841999986, 40.77013708399996], [-73.82625348499994, 40.774520658999926], [-73.82583089999997, 40.7759152709999], [-73.82433101899987, 40.77674306999997], [-73.82331286899986, 40.77957865999991], [-73.81452997799975, 40.778888174999956], [-73.81485850699984, 40.776485922999896], [-73.79853009399987, 40.77519072899996], [-73.79741522800005, 40.77401031899991], [-73.79521550699988, 40.77267490699993], [-73.79317944599987, 40.77040317699993]]]}}, {"id": "170", "type": "Feature", "properties": {"taxi_zone_id": 172, "zone": "New Dorp/Midland Beach", "borough": "Staten Island"}, "geometry": {"type": "Polygon", "coordinates": [[[-74.08495715819193, 40.57125984002113], [-74.08691263653212, 40.56898584268368], [-74.08621632224266, 40.56853269814718], [-74.08725078316105, 40.569081678192944], [-74.08924906075133, 40.56701557053476], [-74.08998259932834, 40.56738001153313], [-74.09054960106333, 40.56708359721135], [-74.09407071109436, 40.56273161946125], [-74.09542371796327, 40.56315463556864], [-74.09661362272206, 40.562087145537376], [-74.09819767261925, 40.55983647680468], [-74.09829030823695, 40.55933261415685], [-74.09782127023999, 40.55905346621773], [-74.09876415480899, 40.559423551650916], [-74.09938031432728, 40.55896419336127], [-74.10299799599996, 40.560469557999994], [-74.11376161199998, 40.56649718899998], [-74.11636336399992, 40.563915637999905], [-74.12489904399992, 40.56894914199996], [-74.12150213699994, 40.57172155899995], [-74.12136044699997, 40.57282674399995], [-74.12185333599992, 40.5746531809999], [-74.1215372899999, 40.575153252999925], [-74.11910954899994, 40.57615725199993], [-74.11702078599996, 40.57819692599996], [-74.11562578199988, 40.578479752999975], [-74.11306954499995, 40.58076852199992], [-74.10924835499999, 40.58267841299994], [-74.10525775499998, 40.58592143599991], [-74.09844000899997, 40.58124170599995], [-74.10039083499996, 40.57968866599996], [-74.08597647499992, 40.57223697099989], [-74.08495715819193, 40.57125984002113]]]}}, {"id": "171", "type": "Feature", "properties": {"taxi_zone_id": 173, "zone": "North Corona", "borough": "Queens"}, "geometry": {"type": "Polygon", "coordinates": [[[-73.85540366099997, 40.758340308999934], [-73.85436796999998, 40.75811908299992], [-73.85312635499994, 40.75510934299993], [-73.85579909099987, 40.75440952799997], [-73.85455552299993, 40.75196191899995], [-73.855834956, 40.75157727199993], [-73.85442575299999, 40.748851725999934], [-73.86790963899986, 40.744933715999935], [-73.86852925199995, 40.74758830199998], [-73.87365721799983, 40.75680348599999], [-73.85540366099997, 40.758340308999934]]]}}, {"id": "172", "type": "Feature", "properties": {"taxi_zone_id": 174, "zone": "Norwood", "borough": "Bronx"}, "geometry": {"type": "Polygon", "coordinates": [[[-73.87772817699982, 40.883454195000006], [-73.87812594399992, 40.88215382599995], [-73.87467601499999, 40.88156285199999], [-73.87494589799991, 40.87994766899992], [-73.87084077099992, 40.880438893999994], [-73.87024100099985, 40.880229352999976], [-73.87255250899982, 40.87517518299992], [-73.87619224999979, 40.870476710999924], [-73.8830900319999, 40.866591508999996], [-73.88362518100003, 40.86725758799995], [-73.88146889699983, 40.868573645999966], [-73.88255391499996, 40.87245728799996], [-73.883400353, 40.87394662600003], [-73.88345579299984, 40.87605609499998], [-73.88527683199987, 40.879217668999935], [-73.88567517999986, 40.878872510999905], [-73.88595071699983, 40.88050741199995], [-73.88716505299983, 40.882576510999954], [-73.88705142599984, 40.88434957599995], [-73.88421696399995, 40.88319772799994], [-73.88274833399998, 40.88339738699999], [-73.88124422499992, 40.88270963299995], [-73.87803562399996, 40.887118321999914], [-73.87772817699982, 40.883454195000006]]]}}, {"id": "173", "type": "Feature", "properties": {"taxi_zone_id": 175, "zone": "Oakland Gardens", "borough": "Queens"}, "geometry": {"type": "Polygon", "coordinates": [[[-73.75682062199996, 40.75973480599988], [-73.75583713299987, 40.757742061999984], [-73.75511648399994, 40.758479497999964], [-73.75320997199995, 40.75824487299995], [-73.75230259399993, 40.759455198999966], [-73.75115582999986, 40.75906976799997], [-73.75057710699984, 40.758014894999945], [-73.75004764499985, 40.758404658], [-73.74711113899991, 40.75417328599997], [-73.74774116499992, 40.75384994399993], [-73.7470988539999, 40.75234682899992], [-73.74577948799998, 40.75156080499997], [-73.74384322099985, 40.74769009599993], [-73.74625984399985, 40.74671147499997], [-73.74477587099986, 40.743281096999986], [-73.74567621100002, 40.743027298999955], [-73.74887697299984, 40.743288373999945], [-73.75347299999997, 40.742404843999964], [-73.75098230099987, 40.740021462000016], [-73.74996804299997, 40.739745751999905], [-73.74396193599989, 40.74078912699989], [-73.74360280299992, 40.739012608999964], [-73.74306820799991, 40.73844081799995], [-73.74128113899988, 40.73878869200001], [-73.74016951799993, 40.73848189799991], [-73.742947859, 40.73545655199997], [-73.75048295699995, 40.72922129399998], [-73.7529702879999, 40.727705619999924], [-73.75669771299987, 40.72622871099994], [-73.76234209799992, 40.72953829099992], [-73.76564374500005, 40.732533127], [-73.76369979199988, 40.73286411699995], [-73.76510920699994, 40.734556584999964], [-73.76273303499985, 40.73526216299998], [-73.76248609299982, 40.736730981999926], [-73.76556849799985, 40.743258154999914], [-73.76687853599992, 40.74409357899993], [-73.76772991399994, 40.74577622599997], [-73.76073612099987, 40.74773738499998], [-73.75684127399992, 40.749322077999985], [-73.75910049199996, 40.752253821000004], [-73.75996192099981, 40.75277744699989], [-73.76080194199993, 40.754547730000006], [-73.76184343999986, 40.75553726899991], [-73.76176692899985, 40.7572788019999], [-73.76239510599996, 40.75949699799989], [-73.75800131799996, 40.76037986699993], [-73.75682062199996, 40.75973480599988]]]}}, {"id": "174", "type": "Feature", "properties": {"taxi_zone_id": 176, "zone": "Oakwood", "borough": "Staten Island"}, "geometry": {"type": "Polygon", "coordinates": [[[-74.1231838069999, 40.575751851999954], [-74.1215372899999, 40.575153252999925], [-74.12185333599992, 40.5746531809999], [-74.12136044699997, 40.57282674399995], [-74.12150213699994, 40.57172155899995], [-74.12489904399992, 40.56894914199996], [-74.11636336299996, 40.5639156379999], [-74.11376161199998, 40.56649718899998], [-74.0999291420065, 40.55907068582621], [-74.10079963928099, 40.55832182111592], [-74.10160202986725, 40.556803458719465], [-74.10184032964895, 40.55594463924128], [-74.10140516910823, 40.555538526164455], [-74.10265076360245, 40.55613440478526], [-74.10309839111532, 40.555904641451185], [-74.10465943491393, 40.554120467311215], [-74.10508907947455, 40.553235468010676], [-74.10484447636338, 40.553025814556285], [-74.10654741892462, 40.554166999074035], [-74.10768623464052, 40.553976671477564], [-74.11028457387536, 40.55149635741756], [-74.11301046102231, 40.547780065215036], [-74.11495831999993, 40.54958143899995], [-74.11656290099995, 40.54912774199992], [-74.1194585929999, 40.55222190599994], [-74.12730057799997, 40.557295171999954], [-74.13321002499998, 40.552383875999965], [-74.13885092699991, 40.55695117899995], [-74.13561300299993, 40.558980026999976], [-74.13480973399993, 40.560828618999906], [-74.13170009, 40.56453574899994], [-74.13527417299991, 40.56551776099991], [-74.14438744999988, 40.56970609999991], [-74.14387453599991, 40.57060659399994], [-74.14418588199999, 40.57203740999992], [-74.13261022999991, 40.57353016299994], [-74.12765358299998, 40.57523494299992], [-74.12708814799998, 40.57636910599999], [-74.1231838069999, 40.575751851999954]]]}}, {"id": "175", "type": "Feature", "properties": {"taxi_zone_id": 177, "zone": "Ocean Hill", "borough": "Brooklyn"}, "geometry": {"type": "Polygon", "coordinates": [[[-73.91804607, 40.68721324799994], [-73.90004626199993, 40.67689308999999], [-73.92275257199998, 40.66709733299994], [-73.92164666399992, 40.67886992299996], [-73.9163011989999, 40.678577111999935], [-73.91804607, 40.68721324799994]]]}}, {"id": "176", "type": "Feature", "properties": {"taxi_zone_id": 178, "zone": "Ocean Parkway South", "borough": "Brooklyn"}, "geometry": {"type": "Polygon", "coordinates": [[[-73.97092126300004, 40.626569984999996], [-73.97047171899992, 40.62417002999999], [-73.96909724499984, 40.624332825], [-73.96864510599995, 40.62194169499994], [-73.96471983399981, 40.62237296099999], [-73.96285973999984, 40.61254948599992], [-73.96478112799986, 40.6123309219999], [-73.96429649899991, 40.60977642599997], [-73.97403097799986, 40.60870230999995], [-73.97517176999992, 40.61472418599994], [-73.97399319500002, 40.61402989399997], [-73.97290326899996, 40.6141529679999], [-73.97335879399992, 40.616541714999954], [-73.97548096999985, 40.61631192499994], [-73.97537335500002, 40.61575472199992], [-73.97785009299986, 40.61728760599995], [-73.97539380499998, 40.62076998699999], [-73.97705352899999, 40.621532521999896], [-73.97656583899989, 40.62199490299996], [-73.9772614999999, 40.625852772999956], [-73.97092126300004, 40.626569984999996]]]}}, {"id": "177", "type": "Feature", "properties": {"taxi_zone_id": 179, "zone": "Old Astoria", "borough": "Queens"}, "geometry": {"type": "Polygon", "coordinates": [[[-73.93508232492145, 40.77794423372779], [-73.93178834305208, 40.77787060660236], [-73.92988058500097, 40.77622163190192], [-73.92827730816353, 40.7768989751622], [-73.92782147400004, 40.77669752699999], [-73.92279264499986, 40.77396229499994], [-73.91770217299991, 40.77039311199994], [-73.91995596899991, 40.768440064999886], [-73.91849336999998, 40.767734657], [-73.91977764799998, 40.76615218399994], [-73.92218946199995, 40.76726735699992], [-73.92425288799978, 40.764724563999984], [-73.93344468499993, 40.768817789999964], [-73.93493511099992, 40.76701302399992], [-73.93618379699993, 40.76769180099999], [-73.93577134099989, 40.7690500099999], [-73.93424609600005, 40.771029275999915], [-73.93495398714983, 40.771372943016885], [-73.93448015089042, 40.771323068200324], [-73.93480681344163, 40.771734138889926], [-73.93746638537067, 40.77253149512523], [-73.93785811822775, 40.7740875689731], [-73.93765483090819, 40.77508568538364], [-73.9363802281754, 40.77692145656277], [-73.93508232492145, 40.77794423372779]]]}}, {"id": "178", "type": "Feature", "properties": {"taxi_zone_id": 180, "zone": "Ozone Park", "borough": "Queens"}, "geometry": {"type": "Polygon", "coordinates": [[[-73.8411960569998, 40.68335136599993], [-73.83794250999986, 40.676794208999894], [-73.83334819299995, 40.666773187], [-73.84215802199992, 40.6687014479999], [-73.8424358539999, 40.66928855699998], [-73.86131863599985, 40.67502126899994], [-73.86234580499983, 40.67916478599997], [-73.86328640800004, 40.67907719699989], [-73.86334943599995, 40.67935163999996], [-73.85878576899987, 40.68063046299994], [-73.85819836099995, 40.679430848999914], [-73.85392389199987, 40.67968615599993], [-73.85099089299987, 40.68056836699993], [-73.8519786459999, 40.6825642109999], [-73.84786817599985, 40.681486831999955], [-73.8411960569998, 40.68335136599993]]]}}, {"id": "179", "type": "Feature", "properties": {"taxi_zone_id": 181, "zone": "Park Slope", "borough": "Brooklyn"}, "geometry": {"type": "Polygon", "coordinates": [[[-73.9704128949999, 40.672593722999935], [-73.97965353499985, 40.661243232999965], [-73.98017161099993, 40.66115465799996], [-73.98223034199995, 40.66214149299996], [-73.98508679399998, 40.65901328799994], [-73.98725068999991, 40.66037895599992], [-73.988716511, 40.66240493800001], [-73.9906354539999, 40.66057908800001], [-73.99692689899985, 40.66437491499997], [-73.99490350199991, 40.66678543499994], [-73.99277080699981, 40.66550728099991], [-73.98390048699991, 40.67614865299996], [-73.97804289599988, 40.684856614999916], [-73.97709796699996, 40.68386977999995], [-73.9737559849999, 40.68303401999993], [-73.97469118399995, 40.68026661599994], [-73.97618051399984, 40.67806432099999], [-73.97188596799982, 40.67639465299996], [-73.9694973889999, 40.67590638000002], [-73.96969317499985, 40.67536085399993], [-73.96871822199984, 40.67392423399993], [-73.96892332199981, 40.67293755299995], [-73.9704128949999, 40.672593722999935]]]}}, {"id": "180", "type": "Feature", "properties": {"taxi_zone_id": 182, "zone": "Parkchester", "borough": "Bronx"}, "geometry": {"type": "Polygon", "coordinates": [[[-73.85168459699997, 40.83420105199993], [-73.86033845899995, 40.83325316599999], [-73.86085019699982, 40.83361353799993], [-73.86271114399993, 40.83299150900002], [-73.8639374809998, 40.84004456599999], [-73.86448011799995, 40.84108779699997], [-73.85333524999986, 40.84247015499991], [-73.85168459699997, 40.83420105199993]]]}}, {"id": "181", "type": "Feature", "properties": {"taxi_zone_id": 183, "zone": "Pelham Bay", "borough": "Bronx"}, "geometry": {"type": "Polygon", "coordinates": [[[-73.83676643699985, 40.84338596999998], [-73.83555900199993, 40.85196401299998], [-73.83463970299987, 40.85381799399994], [-73.83228148899984, 40.855177449999985], [-73.82860197199996, 40.855717847999934], [-73.82721751200002, 40.85325051299999], [-73.82713133299993, 40.851871080999956], [-73.82799676999998, 40.848624313999935], [-73.82611300699996, 40.845338693999956], [-73.83043186399985, 40.84385798399998], [-73.83676643699985, 40.84338596999998]]]}}, {"id": "182", "type": "Feature", "properties": {"taxi_zone_id": 184, "zone": "Pelham Bay Park", "borough": "Bronx"}, "geometry": {"type": "MultiPolygon", "coordinates": [[[[-73.80694608641589, 40.841462447186416], [-73.80680801372397, 40.84248913998755], [-73.80393073307404, 40.84259407255003], [-73.8022229535527, 40.84163481314416], [-73.80263811156135, 40.841081153267126], [-73.80694608641589, 40.841462447186416]]], [[[-73.78328053505923, 40.86278070671262], [-73.78289032081526, 40.862317193725495], [-73.7831450428813, 40.862068678905615], [-73.78328053505923, 40.86278070671262]]], [[[-73.7842865050008, 40.863205088780525], [-73.78353843789931, 40.86308033467234], [-73.78379307646343, 40.862589423570654], [-73.78469165850701, 40.86254278990826], [-73.7842865050008, 40.863205088780525]]], [[[-73.81442762200005, 40.886771964999944], [-73.80550576700001, 40.886092948999895], [-73.79322870891143, 40.88282259495226], [-73.7949170558667, 40.88054379098491], [-73.79554579908852, 40.880691015375014], [-73.79502596232832, 40.87974779721176], [-73.79743815457286, 40.87513533295318], [-73.7985533078771, 40.87440142827452], [-73.79891245463618, 40.87464589314297], [-73.79981389580328, 40.874159849716264], [-73.80087270458245, 40.87159011989398], [-73.80252284756597, 40.870506644696846], [-73.80317726501715, 40.871683155070635], [-73.80269939786253, 40.872214691294296], [-73.8033911752309, 40.872505037631136], [-73.80431849468226, 40.87115974106801], [-73.80373339399281, 40.870962602823816], [-73.80358314939251, 40.869948061028644], [-73.8028295989319, 40.87007629403047], [-73.80302203685278, 40.869155119796545], [-73.80422027051749, 40.86900214816818], [-73.80483122145964, 40.869313181786005], [-73.80588410012888, 40.86906850218496], [-73.8057448608033, 40.86969257655283], [-73.80841596818787, 40.87118969336755], [-73.80838731046325, 40.87057162161177], [-73.80754063636171, 40.87037755217344], [-73.80780673194735, 40.8697875204285], [-73.80695275224407, 40.869657948176005], [-73.80673074905101, 40.868770013078375], [-73.80487266169933, 40.868233302832266], [-73.80464604502912, 40.866647116436894], [-73.80385280781442, 40.86716648480006], [-73.80300388108948, 40.867041836568944], [-73.80306041484539, 40.865815133706796], [-73.80225816157765, 40.86560820641094], [-73.79780377219292, 40.87225613227401], [-73.79479044681598, 40.873200484033994], [-73.79397363837722, 40.87456659456845], [-73.79359605330511, 40.876720732725936], [-73.79316703778704, 40.87705563906649], [-73.79440294586227, 40.87764184299907], [-73.7938470278817, 40.878594459790904], [-73.7917458394124, 40.87989007165246], [-73.79068927478805, 40.880158864278236], [-73.79043046503072, 40.88079725802926], [-73.7895587294431, 40.88126128491547], [-73.78912020636906, 40.880080210993505], [-73.79006332860774, 40.8795946615149], [-73.789523093688, 40.87899812706051], [-73.78588496976647, 40.87906723175269], [-73.7843816810755, 40.87842053167054], [-73.7841773836883, 40.877721353928536], [-73.78470964026441, 40.87635799484772], [-73.78668493218761, 40.874293475542586], [-73.78719087560506, 40.87273055372917], [-73.78624874452605, 40.872382846772176], [-73.78508139658601, 40.873589963225726], [-73.78568099853844, 40.87238726505717], [-73.78526152075709, 40.87174532233241], [-73.78402157839528, 40.87369242209933], [-73.78358738486025, 40.87378095468033], [-73.78343142541377, 40.87317870194885], [-73.78403716971833, 40.87282660126362], [-73.78306853426027, 40.87215357592273], [-73.78320175426292, 40.87067036085378], [-73.7849021607777, 40.86976397324067], [-73.78560245305442, 40.86834165222374], [-73.78551744254952, 40.86916956571916], [-73.78598679893318, 40.869592738286414], [-73.78795446145405, 40.86984541906362], [-73.78968197448623, 40.86936131077265], [-73.79139032586131, 40.86814130746619], [-73.79265095767063, 40.86413665318483], [-73.79147317119875, 40.86220710624903], [-73.791904549275, 40.86082956271212], [-73.79351029757724, 40.860551681290886], [-73.79339985516695, 40.85994848620099], [-73.79454562318031, 40.85888825916124], [-73.794869838669, 40.85807555125809], [-73.79435005934272, 40.85652702380396], [-73.79685461759917, 40.856264358213416], [-73.79798533480839, 40.854848932595765], [-73.7987225560008, 40.854914401172636], [-73.7990241939332, 40.85395726765016], [-73.79795583310242, 40.852988330716244], [-73.79780522990592, 40.851949598597194], [-73.7981936599684, 40.85059256140671], [-73.79948681481507, 40.84974844806473], [-73.80040387554423, 40.84810822100147], [-73.80146735269052, 40.84877021370572], [-73.80183056444126, 40.850130657058465], [-73.80417557932397, 40.85334012018912], [-73.8045252673004, 40.85485186446632], [-73.8035235980902, 40.855556694889586], [-73.80478410547944, 40.86154633053465], [-73.80592716427573, 40.86194119699033], [-73.80624571930763, 40.86142748444243], [-73.80582041215638, 40.86003461246946], [-73.80612390783546, 40.85981220661907], [-73.8065822930691, 40.85967223238397], [-73.80709632600464, 40.860295897112394], [-73.80783343870087, 40.86031813330542], [-73.80812573026353, 40.859748039903224], [-73.80768048107562, 40.85853806328956], [-73.80851624551879, 40.85995638438498], [-73.81088792104823, 40.86234892171813], [-73.81329794398005, 40.86322312991147], [-73.81384566155016, 40.86390175802968], [-73.81411414337536, 40.86373145821169], [-73.81458906516404, 40.862726436631085], [-73.81515628564216, 40.862306744929576], [-73.81501897203428, 40.863122525364915], [-73.81641392102722, 40.86118062770398], [-73.81479629757334, 40.86112895674684], [-73.8138180258687, 40.86054827867077], [-73.81273146495035, 40.858877541947756], [-73.81230602708416, 40.85416202647323], [-73.81658051197839, 40.85394563638096], [-73.81712409042197, 40.851269573444874], [-73.81685873870755, 40.85095737599875], [-73.81571882498523, 40.85082099034478], [-73.8162499670897, 40.85019447536705], [-73.81507165904239, 40.84913361979454], [-73.816301192, 40.84857217199997], [-73.82014043700003, 40.848020598999945], [-73.82048405599983, 40.84850102599999], [-73.82495697699986, 40.8461054449999], [-73.82517998999998, 40.84270005899992], [-73.82624132899997, 40.842993594000006], [-73.82617014099992, 40.845573987999984], [-73.82799676999987, 40.84862431299993], [-73.82713133299993, 40.851871080999956], [-73.82723026100001, 40.85335075699993], [-73.8280141599998, 40.85472248699996], [-73.82860197199996, 40.855717847999934], [-73.83129157799985, 40.85543410499994], [-73.83283502299986, 40.85603584499994], [-73.83111449199998, 40.85752432999993], [-73.82834347399992, 40.860892025999945], [-73.82787032399982, 40.86067821299997], [-73.82699653199998, 40.85908778599991], [-73.82444012099991, 40.85950138399995], [-73.82450575099989, 40.859764021000004], [-73.82037552999996, 40.86103300499996], [-73.8168449589999, 40.86430679299995], [-73.81578764099999, 40.865758060999944], [-73.821266938, 40.869071605999935], [-73.82329599399986, 40.873097417999915], [-73.81992586499995, 40.88211933299992], [-73.82027432999985, 40.88555069999997], [-73.81442762200005, 40.886771964999944]]], [[[-73.78665449887535, 40.873393637761005], [-73.78626202153426, 40.87339368663399], [-73.78662489062734, 40.87303464803446], [-73.78665449887535, 40.873393637761005]]], [[[-73.78633325996694, 40.87367772488749], [-73.78605394964902, 40.87378264619282], [-73.78618924358646, 40.873599727699784], [-73.78633325996694, 40.87367772488749]]], [[[-73.78247604125525, 40.87516813337891], [-73.78241811865315, 40.874923270421796], [-73.78265785360907, 40.87479265669403], [-73.78280207510406, 40.874948866205465], [-73.78247604125525, 40.87516813337891]]], [[[-73.78572615707053, 40.88057541460281], [-73.785981809052, 40.88031748451102], [-73.78684884910366, 40.880448111291976], [-73.78679741033042, 40.87994707381411], [-73.78742039384403, 40.87977089029004], [-73.787127834652, 40.8809234631713], [-73.78572615707053, 40.88057541460281]]], [[[-73.77310632921936, 40.86161457503282], [-73.77323150244695, 40.86074716979342], [-73.77351264165688, 40.86124118408712], [-73.77310632921936, 40.86161457503282]]], [[[-73.77457307831463, 40.86199603090653], [-73.7749432115575, 40.86139149988955], [-73.77523206568029, 40.861192356494094], [-73.77485681624742, 40.861983634334294], [-73.77457307831463, 40.86199603090653]]], [[[-73.76964988627088, 40.86548557242447], [-73.76979148260493, 40.865128233564505], [-73.77022931630273, 40.865138939396054], [-73.770068972998, 40.86552587618346], [-73.76964988627088, 40.86548557242447]]], [[[-73.76668965841924, 40.86709778162453], [-73.76709907439783, 40.86670457274824], [-73.76779449382023, 40.8667811737655], [-73.76760072096499, 40.86749638654148], [-73.76668965841924, 40.86709778162453]]], [[[-73.77217786492288, 40.87198111068942], [-73.77080975398194, 40.871549946848006], [-73.76990710668542, 40.8704769444703], [-73.77288042665229, 40.871245263430296], [-73.77217786492288, 40.87198111068942]]], [[[-73.7744796961532, 40.874077670286], [-73.77453640510954, 40.87471001543837], [-73.77409538292126, 40.87489618448017], [-73.7740318153443, 40.87439477495625], [-73.7744796961532, 40.874077670286]]], [[[-73.78112767478156, 40.87665268050815], [-73.78120649649391, 40.87628502546017], [-73.78132704118002, 40.876361326546416], [-73.78112767478156, 40.87665268050815]]]]}}, {"id": "183", "type": "Feature", "properties": {"taxi_zone_id": 185, "zone": "Pelham Parkway", "borough": "Bronx"}, "geometry": {"type": "Polygon", "coordinates": [[[-73.8493089339999, 40.8587175029999], [-73.83681918499988, 40.85727680899992], [-73.83667557299988, 40.85665266299993], [-73.83499552599993, 40.85657120099992], [-73.83818561199983, 40.855564009999966], [-73.8404976739999, 40.854184104999945], [-73.84494053799982, 40.84821822099997], [-73.8449695409999, 40.85009703099995], [-73.8443084699999, 40.85119046399992], [-73.84968869799998, 40.85105890699993], [-73.85304526899994, 40.849547331999894], [-73.85457388299992, 40.851508345999996], [-73.86069456699983, 40.8487533939999], [-73.86250923799993, 40.8483622809999], [-73.86303938099996, 40.85061130699999], [-73.86518787199995, 40.85016438599997], [-73.86860515599989, 40.852068645999935], [-73.86990421600004, 40.855773292999906], [-73.8681883059999, 40.85806383400002], [-73.86758752499986, 40.857830089999936], [-73.8566377459999, 40.858119171999974], [-73.8493089339999, 40.8587175029999]]]}}, {"id": "184", "type": "Feature", "properties": {"taxi_zone_id": 186, "zone": "Penn Station/Madison Sq West", "borough": "Manhattan"}, "geometry": {"type": "Polygon", "coordinates": [[[-73.98776905899994, 40.749787028999975], [-73.99141858599994, 40.74480268199992], [-73.99709902899994, 40.74720510199997], [-73.99346417699985, 40.75219005499992], [-73.98776905899994, 40.749787028999975]]]}}, {"id": "185", "type": "Feature", "properties": {"taxi_zone_id": 187, "zone": "Port Richmond", "borough": "Staten Island"}, "geometry": {"type": "MultiPolygon", "coordinates": [[[[-74.13346740034588, 40.641595789936865], [-74.13125581180262, 40.64159683076389], [-74.13146199764822, 40.64131010407513], [-74.13018370013205, 40.6407238260831], [-74.12949057637357, 40.64135483519596], [-74.1299774026272, 40.64072987285563], [-74.1293071318684, 40.64033741121101], [-74.12893301209895, 40.64041392948782], [-74.12890729033458, 40.64119482758622], [-74.12881201847124, 40.64022697750395], [-74.1275267724088, 40.64015530471655], [-74.12724481838394, 40.639766890856976], [-74.1268887269999, 40.63721008799997], [-74.12867047299994, 40.637348264999964], [-74.12893129399997, 40.63457748699994], [-74.13046976799993, 40.63167632099995], [-74.13047428999985, 40.630885508999924], [-74.13107460299986, 40.63114772999994], [-74.13343731199994, 40.62907434599991], [-74.13408698299992, 40.62954168099988], [-74.13586108399996, 40.62806152799994], [-74.13674237799992, 40.628662536999904], [-74.13806393799992, 40.62756847099997], [-74.13805849499992, 40.6270685179999], [-74.13581008299997, 40.62506433999993], [-74.137227136, 40.62429519699991], [-74.13826358199992, 40.62424376999999], [-74.13836666899986, 40.62173711699994], [-74.13982184799994, 40.616299824999906], [-74.14603562099998, 40.617012777], [-74.14696864199988, 40.61015135599995], [-74.15018666499996, 40.609497810999954], [-74.15379116699994, 40.61225561199994], [-74.15231170399994, 40.61716275599992], [-74.14772830399991, 40.622136619], [-74.14622812499992, 40.624925361999956], [-74.14554071999993, 40.627832522], [-74.14593544599994, 40.62782411500001], [-74.14622202799995, 40.629106956999955], [-74.14752618999992, 40.6293892879999], [-74.14478228999994, 40.63795377999995], [-74.14359998299996, 40.638514125999954], [-74.14312802471521, 40.639680373063825], [-74.1423879514932, 40.639641210829936], [-74.14229766980965, 40.64030580709365], [-74.14155622972346, 40.64036676881702], [-74.1414804740345, 40.640092194295526], [-74.14076253645274, 40.64058939691128], [-74.13757574838482, 40.64100115237119], [-74.13737001749985, 40.641295463489], [-74.13435269573621, 40.64188679740519], [-74.13346740034588, 40.641595789936865]]], [[[-74.12619996291646, 40.64126431430291], [-74.12564026870596, 40.641418492082316], [-74.12613276551227, 40.64126438802825], [-74.1259954246122, 40.64023124281444], [-74.12619996291646, 40.64126431430291]]], [[[-74.12269555893829, 40.64135302683625], [-74.12276203509289, 40.641426635297194], [-74.12271103075855, 40.64143375525274], [-74.12269555893829, 40.64135302683625]]], [[[-74.12185329597821, 40.64158069227963], [-74.12186561799325, 40.6415559498269], [-74.12199083807539, 40.64155463949947], [-74.12185329597821, 40.64158069227963]]], [[[-74.12121470277087, 40.641396839993746], [-74.12107727405213, 40.64160742058874], [-74.12118039503834, 40.64138344518975], [-74.12121470277087, 40.641396839993746]]], [[[-74.12176052602824, 40.64157431506244], [-74.12177911197513, 40.641592547117085], [-74.12155886560592, 40.64162163225006], [-74.12176052602824, 40.64157431506244]]], [[[-74.12138690694671, 40.64148533252628], [-74.12130529083001, 40.641600703130074], [-74.12137332919552, 40.64147647512168], [-74.12138690694671, 40.64148533252628]]], [[[-74.12131194814833, 40.64145253116252], [-74.12117246275159, 40.64166914557253], [-74.12128074797168, 40.64143249599359], [-74.12131194814833, 40.64145253116252]]]]}}, {"id": "186", "type": "Feature", "properties": {"taxi_zone_id": 188, "zone": "Prospect-Lefferts Gardens", "borough": "Brooklyn"}, "geometry": {"type": "Polygon", "coordinates": [[[-73.95729172699996, 40.66430263199993], [-73.95720935499996, 40.66351739699995], [-73.94546293699983, 40.66422610399994], [-73.94269628999989, 40.66405512900001], [-73.94282892199992, 40.66284748599993], [-73.93068465499985, 40.66362047699997], [-73.92646424299983, 40.65981436199999], [-73.92725505399994, 40.65933756399992], [-73.92834017599986, 40.66006003599993], [-73.92799465199988, 40.65680210099991], [-73.95006664899988, 40.65542299699992], [-73.94957113100006, 40.65080789999996], [-73.9587078989999, 40.65038727299993], [-73.95986103199981, 40.65563478899993], [-73.96190028499997, 40.65487096199994], [-73.96307724199983, 40.662130194999925], [-73.96242894199995, 40.66312520799993], [-73.96061544799986, 40.66330274999998], [-73.96033682899981, 40.664108698], [-73.95729172699996, 40.66430263199993]]]}}, {"id": "187", "type": "Feature", "properties": {"taxi_zone_id": 189, "zone": "Prospect Heights", "borough": "Brooklyn"}, "geometry": {"type": "Polygon", "coordinates": [[[-73.96007428300001, 40.674878071], [-73.96131877999991, 40.671406675999926], [-73.96746491799992, 40.672927297999905], [-73.96892332199981, 40.67293755299995], [-73.96874205, 40.674087121999946], [-73.96969317499985, 40.67536085399993], [-73.9694973889999, 40.67590638000002], [-73.97188596799982, 40.67639465299996], [-73.97618051399984, 40.67806432099999], [-73.97469118399995, 40.68026661599994], [-73.9737559849999, 40.68303401999993], [-73.96134655899994, 40.68046352399993], [-73.96318238899983, 40.675529503999925], [-73.96007428300001, 40.674878071]]]}}, {"id": "188", "type": "Feature", "properties": {"taxi_zone_id": 190, "zone": "Prospect Park", "borough": "Brooklyn"}, "geometry": {"type": "Polygon", "coordinates": [[[-73.96307724199983, 40.662130194999925], [-73.96190028499997, 40.65487096199994], [-73.96621321999996, 40.653189404999935], [-73.96465438699984, 40.65088772799996], [-73.97139631700004, 40.6482577859999], [-73.97210978599996, 40.65066414399993], [-73.97265769799989, 40.65091203999991], [-73.97232846299997, 40.6513979289999], [-73.97436701299992, 40.658187903999966], [-73.9802271629999, 40.66104797499992], [-73.97935059899989, 40.66159482099992], [-73.97041289500005, 40.672593723999945], [-73.96793529099995, 40.67300188399988], [-73.96258784899996, 40.67171159699992], [-73.96095595499996, 40.66328505499996], [-73.96242894199995, 40.66312520799993], [-73.96307724199983, 40.662130194999925]]]}}, {"id": "189", "type": "Feature", "properties": {"taxi_zone_id": 191, "zone": "Queens Village", "borough": "Queens"}, "geometry": {"type": "Polygon", "coordinates": [[[-73.7314721509999, 40.72741179499996], [-73.72990512499977, 40.72327249500001], [-73.72836415399993, 40.723614351999906], [-73.72816233910696, 40.723084139891334], [-73.73032628984046, 40.72215729689238], [-73.7269714679152, 40.710714504016785], [-73.72677759516957, 40.70305929119944], [-73.73426455299999, 40.70321954199999], [-73.73430403699984, 40.702478130999985], [-73.74077675799997, 40.70267983699999], [-73.74050336499982, 40.70343355599997], [-73.74109293999989, 40.70348106299995], [-73.74590871000004, 40.70228727399993], [-73.74500119100004, 40.70026221299992], [-73.74773012199991, 40.69955313699997], [-73.74618157999997, 40.69612192599999], [-73.74863325999986, 40.69544476099996], [-73.75019295799989, 40.69891208199994], [-73.7493054709999, 40.69914231299996], [-73.75205066499984, 40.70522802799998], [-73.75047058199985, 40.705639930999986], [-73.75370834599995, 40.713324635999975], [-73.75725671499985, 40.71813860199996], [-73.7523343839998, 40.72026246099998], [-73.75577120999998, 40.72364021599996], [-73.75496919499986, 40.72415964699997], [-73.75508625099991, 40.72449005999989], [-73.75669771299987, 40.72622871099994], [-73.75184238299993, 40.72832650199995], [-73.74672140400004, 40.73247715099994], [-73.74649162199997, 40.731414588999925], [-73.74555667199989, 40.730636897999986], [-73.7314721509999, 40.72741179499996]]]}}, {"id": "190", "type": "Feature", "properties": {"taxi_zone_id": 192, "zone": "Queensboro Hill", "borough": "Queens"}, "geometry": {"type": "Polygon", "coordinates": [[[-73.82426493799993, 40.75183288799998], [-73.82108427599998, 40.74855844599996], [-73.81782025899999, 40.74738541599992], [-73.81575069499983, 40.74697947999995], [-73.8153731739999, 40.74721833799999], [-73.81416171999987, 40.746138579999965], [-73.80750599299991, 40.75013658699997], [-73.80287666499983, 40.74976514999995], [-73.80276629299996, 40.74812214499995], [-73.8033521419999, 40.746431964999914], [-73.7946756879998, 40.74721192799999], [-73.79453507400001, 40.74450763799993], [-73.79723084999992, 40.74169550699998], [-73.79725670899992, 40.74021304299996], [-73.79640218700004, 40.73828235799989], [-73.81504998799993, 40.73894313299999], [-73.81497208299996, 40.73856071599992], [-73.8160767679998, 40.73885793399998], [-73.81677959599986, 40.738379793999904], [-73.8243501109999, 40.73975360599997], [-73.82559030299986, 40.73944759199995], [-73.82686746499992, 40.7386289119999], [-73.8279436029999, 40.738489981999926], [-73.82809152599998, 40.73708317499999], [-73.82946751999992, 40.73702448199996], [-73.83053551299994, 40.737520194999945], [-73.83143025500004, 40.73913573299999], [-73.83113122799989, 40.742338], [-73.83586131899989, 40.743227984999955], [-73.83567553899992, 40.744850517999964], [-73.83469042599992, 40.74690269799998], [-73.83364897199982, 40.747646098999994], [-73.83125479799999, 40.74810635899995], [-73.83081942899994, 40.748995791999974], [-73.82751792599984, 40.74987478999993], [-73.82584440999999, 40.749348390999955], [-73.82576557199985, 40.750969023999914], [-73.82426493799993, 40.75183288799998]]]}}, {"id": "191", "type": "Feature", "properties": {"taxi_zone_id": 193, "zone": "Queensbridge/Ravenswood", "borough": "Queens"}, "geometry": {"type": "Polygon", "coordinates": [[[-73.93522718099996, 40.76952572899992], [-73.93577134099989, 40.7690500099999], [-73.93593177099983, 40.76778370199994], [-73.93858976899998, 40.76681735899994], [-73.93600532399995, 40.7658848949999], [-73.93700478599986, 40.764239954], [-73.93398092199995, 40.7628259819999], [-73.944052652, 40.75231325999996], [-73.95080763809156, 40.75526368005711], [-73.9413117494144, 40.766918004769664], [-73.93983559283014, 40.767988005938996], [-73.93895502453339, 40.76795818621702], [-73.9382038348605, 40.768727571864055], [-73.93681460654729, 40.76890394747846], [-73.93640381736212, 40.76947488401435], [-73.93574021432624, 40.769367229866596], [-73.93524016831192, 40.769679325463024], [-73.93469499066988, 40.77042533852516], [-73.93514715402594, 40.77054195605848], [-73.93490481291309, 40.77127064109338], [-73.93424609599985, 40.771029274999975], [-73.93522718099996, 40.76952572899992]]]}}, {"id": "192", "type": "Feature", "properties": {"taxi_zone_id": 194, "zone": "Randalls Island", "borough": "Manhattan"}, "geometry": {"type": "Polygon", "coordinates": [[[-73.9203146552122, 40.79937545929007], [-73.91545470966419, 40.79706346603098], [-73.91443827233297, 40.79566551786389], [-73.91378385370594, 40.79383628548212], [-73.9168544196006, 40.79035844788471], [-73.9185629977498, 40.789695333825925], [-73.92218831157653, 40.7855092781393], [-73.92306473139391, 40.783342884774285], [-73.92448052280419, 40.78232049064594], [-73.92571808678538, 40.78217655794461], [-73.92810118993663, 40.7809203200211], [-73.93105352803921, 40.78239659378329], [-73.93502345117236, 40.78300638201438], [-73.93607064658492, 40.78421721581014], [-73.93571265998845, 40.78568048924629], [-73.93240673563922, 40.78971850304654], [-73.93084178719639, 40.790991430000815], [-73.92972400790947, 40.79136617817157], [-73.92807273587826, 40.790823391141586], [-73.9261041024332, 40.790731607310015], [-73.92616023377902, 40.791716073510926], [-73.9265688801793, 40.79185873681864], [-73.92560814781015, 40.79189695828151], [-73.92673913886138, 40.79192875185235], [-73.92633080392882, 40.791503873114245], [-73.92656584807987, 40.79097950185664], [-73.9278688922052, 40.790954838317255], [-73.92713563764022, 40.791929306801535], [-73.92826720298079, 40.79232852397407], [-73.9283194359912, 40.79309126608276], [-73.9269361484504, 40.79549716094054], [-73.92743922192645, 40.79771053810803], [-73.92726293295631, 40.79891864506112], [-73.92569826189312, 40.80181087142663], [-73.92263378594883, 40.801868738141174], [-73.92191092229565, 40.801502666253526], [-73.9203146552122, 40.79937545929007]]]}}, {"id": "193", "type": "Feature", "properties": {"taxi_zone_id": 195, "zone": "Red Hook", "borough": "Brooklyn"}, "geometry": {"type": "Polygon", "coordinates": [[[-74.0071710969999, 40.686357009999945], [-74.00485241599992, 40.685668130999915], [-74.00596041099988, 40.68336287099998], [-74.00153194399996, 40.67727039699993], [-74.0006740919999, 40.67555578899993], [-74.00105973699986, 40.67555567799999], [-73.9986188799999, 40.671830171999936], [-74.00030337854434, 40.6687168922485], [-74.0010566411318, 40.66894568171732], [-74.00141527103162, 40.668359414347], [-74.00221506816538, 40.668578637441215], [-74.00289483876944, 40.66734846594938], [-74.0058636618068, 40.66799376258572], [-74.00683236078251, 40.666049645526805], [-74.00696707834247, 40.6660521823567], [-74.00475388692331, 40.67072135894505], [-74.00543926529352, 40.67092146823842], [-74.00754821618384, 40.66705174573362], [-74.00779653349619, 40.66715977077729], [-74.00708724221813, 40.6685913585358], [-74.00985411855632, 40.668523628335386], [-74.01154017543327, 40.66508591975665], [-74.01574872882654, 40.66456833629165], [-74.01690267361069, 40.66484660233891], [-74.01788719149395, 40.6658504662854], [-74.01857605010865, 40.67039241386999], [-74.01933946871777, 40.67162494842267], [-74.01751037086694, 40.67103453098419], [-74.01648665554487, 40.664930508953844], [-74.01602551776006, 40.66486304878808], [-74.0159369853455, 40.665470791721454], [-74.01227967872792, 40.665732414158846], [-74.01033845947926, 40.66907819544805], [-74.01091024340404, 40.669190492369516], [-74.01087343978188, 40.66971011555847], [-74.01154288031563, 40.6697843427503], [-74.01162527521356, 40.670581028275926], [-74.01424926931875, 40.669728604737124], [-74.01175350509699, 40.670657757578375], [-74.01427407257738, 40.67137929918192], [-74.0151998057007, 40.670754027664444], [-74.01387273763235, 40.67188076176048], [-74.01423289452782, 40.67213000051303], [-74.01568625497515, 40.67103883492888], [-74.01297587792189, 40.673327918720986], [-74.01336378218134, 40.67359153693444], [-74.01511918663962, 40.672156995969104], [-74.01632099922307, 40.67290826956374], [-74.01457946720949, 40.67441401707162], [-74.01496392184576, 40.674677630294276], [-74.01816839280792, 40.67193924060111], [-74.0188009477692, 40.67225076484874], [-74.01727138470127, 40.67360864580548], [-74.01775247096357, 40.67404772289254], [-74.01801077320536, 40.67391318105241], [-74.01783447572687, 40.67525822301438], [-74.01829802655324, 40.67545917918146], [-74.0183929089602, 40.67510772414787], [-74.0188577695892, 40.67510229240893], [-74.0185033263665, 40.67584155869202], [-74.01797535616167, 40.67595301480276], [-74.01791198226178, 40.67651046280199], [-74.01976925613225, 40.67661322491727], [-74.01995197864672, 40.67710301044998], [-74.01908257386326, 40.677139564047586], [-74.0191774394689, 40.67782694900705], [-74.01843040661609, 40.67790832186491], [-74.01841103183156, 40.678407121278454], [-74.01966312651498, 40.678388201270636], [-74.01825267004557, 40.67855288672591], [-74.01857882788774, 40.678983079472374], [-74.01954011569893, 40.678968206237904], [-74.01928128101007, 40.67964814029771], [-74.01282000316418, 40.683622416248696], [-74.01213481688791, 40.68290592802511], [-74.01410549647976, 40.68171251937544], [-74.01360863270277, 40.681221946728215], [-74.01387398777976, 40.68100981281638], [-74.013018354221, 40.6804123740143], [-74.00967108558879, 40.68326872771507], [-74.01077312339376, 40.68435861554088], [-74.01193259955522, 40.68388774907758], [-74.00798157801087, 40.68627511006109], [-74.00753083199993, 40.686074486999956], [-74.0071710969999, 40.686357009999945]]]}}, {"id": "194", "type": "Feature", "properties": {"taxi_zone_id": 196, "zone": "Rego Park", "borough": "Queens"}, "geometry": {"type": "Polygon", "coordinates": [[[-73.85851097899999, 40.73028680199994], [-73.85741240699991, 40.728322479999896], [-73.8580876569999, 40.72856872199992], [-73.8594198799999, 40.72646483799996], [-73.857271081, 40.72568129799993], [-73.85805416899993, 40.72444540599991], [-73.86203833799982, 40.725956784999966], [-73.85990796499992, 40.7243462339999], [-73.8586809759999, 40.72261243999991], [-73.85729287299985, 40.71146767699992], [-73.85975932900001, 40.71184505899989], [-73.85962920999985, 40.71397529499995], [-73.86003789899996, 40.71493223599991], [-73.86929270499994, 40.72443592899995], [-73.87146074199987, 40.7293263739999], [-73.87509154199992, 40.73067136299998], [-73.85886555799988, 40.73593913899994], [-73.85625665099992, 40.73095912299998], [-73.85851097899999, 40.73028680199994]]]}}, {"id": "195", "type": "Feature", "properties": {"taxi_zone_id": 197, "zone": "Richmond Hill", "borough": "Queens"}, "geometry": {"type": "Polygon", "coordinates": [[[-73.83696237799982, 40.70421245199998], [-73.83661882199989, 40.70342001799994], [-73.83460244999996, 40.70392746699995], [-73.83391709699988, 40.702347367], [-73.83213204199994, 40.702794080999944], [-73.83152109599999, 40.70138962899999], [-73.82245890399994, 40.70365553099992], [-73.81637824499992, 40.70245196399992], [-73.81063298299996, 40.69194738299991], [-73.82501128899997, 40.687952317999994], [-73.82599347399987, 40.689953661999944], [-73.82851136799992, 40.689239056], [-73.82753021399995, 40.68723948299995], [-73.83807769099997, 40.68423890999991], [-73.83697486299991, 40.68198801799993], [-73.84012856099982, 40.68114665099992], [-73.84419150899994, 40.68947440799996], [-73.84500533199989, 40.68924391099997], [-73.84947763499991, 40.698195806999905], [-73.845024729, 40.69935937699994], [-73.84156378099983, 40.7011005979999], [-73.83696237799982, 40.70421245199998]]]}}, {"id": "196", "type": "Feature", "properties": {"taxi_zone_id": 198, "zone": "Ridgewood", "borough": "Queens"}, "geometry": {"type": "Polygon", "coordinates": [[[-73.90965980099995, 40.717793154999946], [-73.90639010099999, 40.717363691999935], [-73.90537582199983, 40.7128765809999], [-73.88507555699987, 40.71216105499994], [-73.88006267699978, 40.71265257399998], [-73.87907685299999, 40.71035938999998], [-73.87943495499985, 40.71028441899993], [-73.87926181200001, 40.709905346999946], [-73.87872783199988, 40.7100275349999], [-73.87761134199985, 40.70716770500002], [-73.88088332699985, 40.70645397699996], [-73.88553214199999, 40.706445682999885], [-73.88554946899997, 40.70615461899997], [-73.88652826799989, 40.70622520599991], [-73.88911917799989, 40.70559887699995], [-73.89500322699999, 40.6997123769999], [-73.8948499499999, 40.69858962299993], [-73.89578005099996, 40.69851096199992], [-73.89558457599986, 40.697127641999955], [-73.89838185199996, 40.69613599799997], [-73.90123290699994, 40.69144227899999], [-73.90579597099993, 40.694127154999926], [-73.9042601839999, 40.695700370999944], [-73.91180820099987, 40.69993800299992], [-73.91067882699998, 40.70104596899996], [-73.91290404099983, 40.70236189199991], [-73.91180710099992, 40.70343495299989], [-73.92189184699987, 40.70939609599988], [-73.92074519699985, 40.71052968599992], [-73.92154601699998, 40.7110432839999], [-73.92223294699991, 40.71285442499994], [-73.92404011299993, 40.71400831299997], [-73.91077807399988, 40.713187599999905], [-73.91015817899999, 40.71382159999999], [-73.91283037699992, 40.715360907999894], [-73.90965980099995, 40.717793154999946]]]}}, {"id": "197", "type": "Feature", "properties": {"taxi_zone_id": 199, "zone": "Rikers Island", "borough": "Bronx"}, "geometry": {"type": "Polygon", "coordinates": [[[-73.88885148496313, 40.798706328958794], [-73.88821348851273, 40.79866530463855], [-73.88823353313644, 40.798242884285955], [-73.88755967580657, 40.79836873243709], [-73.88665108524579, 40.79803819669986], [-73.88371602364624, 40.79568983925945], [-73.88366175261613, 40.79596829128223], [-73.88209633687474, 40.795159861043125], [-73.87797523216784, 40.79435979009445], [-73.87485267905681, 40.79226072390685], [-73.87221878971064, 40.79103686176644], [-73.87121154143482, 40.79003612173714], [-73.8707857397605, 40.78799646512276], [-73.8716306538668, 40.78679790542153], [-73.87342763293343, 40.78576182947977], [-73.87628987276307, 40.78585777993137], [-73.8783068007881, 40.78535662075428], [-73.88770126353202, 40.7868722742863], [-73.88905212421602, 40.78737256012903], [-73.89030135549454, 40.78987672716735], [-73.89212803173004, 40.79031548212445], [-73.89282283610926, 40.79281708195151], [-73.89179289686568, 40.79677524575869], [-73.89062148266537, 40.79774892344858], [-73.89079505126988, 40.79802183785569], [-73.89060785824246, 40.797767507137806], [-73.88921283898088, 40.79780120410418], [-73.8883524809819, 40.798139359700976], [-73.88885148496313, 40.798706328958794]]]}}, {"id": "198", "type": "Feature", "properties": {"taxi_zone_id": 200, "zone": "Riverdale/North Riverdale/Fieldston", "borough": "Bronx"}, "geometry": {"type": "Polygon", "coordinates": [[[-73.89641133500001, 40.90450452099994], [-73.89715717199994, 40.89937182699992], [-73.89643170799985, 40.89365527899993], [-73.89787887499983, 40.890276100999955], [-73.89853911899992, 40.89038907399994], [-73.90090301399997, 40.888910548999945], [-73.90285949099989, 40.88916474399996], [-73.90413642399992, 40.88708070899993], [-73.90738830199982, 40.88781969199992], [-73.9079634, 40.888859752999956], [-73.90900536, 40.889500140999914], [-73.90975930299997, 40.889250027999935], [-73.91173089099985, 40.888218712999986], [-73.91281277499982, 40.88639518699992], [-73.9148927699999, 40.88462477099993], [-73.91876151499996, 40.88556968400001], [-73.91869590499994, 40.88688520399991], [-73.92058641888602, 40.887182678309905], [-73.9151845587166, 40.90158428286218], [-73.91543172958416, 40.90181268368836], [-73.91501449586045, 40.90308129910643], [-73.9145903924332, 40.90411900219651], [-73.91418416752522, 40.904139333800984], [-73.91286540202547, 40.907535122202965], [-73.91310863924069, 40.90784448415005], [-73.91264932172878, 40.90807081195539], [-73.91149190703744, 40.91223376931206], [-73.91165472402199, 40.91341785189675], [-73.9103325682445, 40.91553277700263], [-73.89663333881637, 40.91141737492309], [-73.89641133500001, 40.90450452099994]]]}}, {"id": "199", "type": "Feature", "properties": {"taxi_zone_id": 201, "zone": "Rockaway Park", "borough": "Queens"}, "geometry": {"type": "Polygon", "coordinates": [[[-73.81849901800001, 40.587362352999946], [-73.81788322299984, 40.58744846899995], [-73.81544517899997, 40.58337349199997], [-73.81751059199993, 40.58278527099995], [-73.81730795916116, 40.58233475897004], [-73.83386923172188, 40.57764989760896], [-73.8377849130498, 40.57592368347545], [-73.85396556577078, 40.570312548872735], [-73.86286892288632, 40.56683057177317], [-73.86662812000003, 40.57305764899995], [-73.86361132999987, 40.573823057999995], [-73.86340629400003, 40.5741143309999], [-73.86396642099993, 40.5750267869999], [-73.86288301945423, 40.57605976162737], [-73.85305549585115, 40.58125526785504], [-73.8504438514919, 40.58213024358144], [-73.84861053538168, 40.58218814264628], [-73.84521016865186, 40.58157982626371], [-73.83929597982015, 40.58186354547821], [-73.83855306451112, 40.5827917142993], [-73.83584132334414, 40.58287524942921], [-73.82852471261212, 40.5848542203825], [-73.82803692404548, 40.58605253836637], [-73.82480116623435, 40.58715461536998], [-73.82293688631506, 40.587491649727504], [-73.82145971991768, 40.58676992492125], [-73.81912916381579, 40.588038892972634], [-73.81849901800001, 40.587362352999946]]]}}, {"id": "200", "type": "Feature", "properties": {"taxi_zone_id": 202, "zone": "Roosevelt Island", "borough": "Manhattan"}, "geometry": {"type": "Polygon", "coordinates": [[[-73.9411177871802, 40.769414408574676], [-73.94285528620689, 40.76830349440934], [-73.94943175497114, 40.760548617361195], [-73.95177822026001, 40.75840254987702], [-73.95254079336881, 40.757095314537295], [-73.95791452493181, 40.75210985452535], [-73.96158304969282, 40.749414301053235], [-73.95901616663733, 40.753595059478684], [-73.9520863228326, 40.760862154202435], [-73.94472478498723, 40.7697862717674], [-73.94212674623404, 40.77203470075468], [-73.94088707205813, 40.772372515888065], [-73.94017959802048, 40.77295931579715], [-73.94027985829325, 40.770670711009814], [-73.9411177871802, 40.769414408574676]]]}}, {"id": "201", "type": "Feature", "properties": {"taxi_zone_id": 203, "zone": "Rosedale", "borough": "Queens"}, "geometry": {"type": "Polygon", "coordinates": [[[-73.72753500301229, 40.67393028414617], [-73.72826385201664, 40.66807287581595], [-73.72781392396702, 40.663223969239006], [-73.72833071887973, 40.66304394386554], [-73.72592687720594, 40.657731319176435], [-73.72505569109768, 40.653507893820915], [-73.72522608103496, 40.65200100007378], [-73.73051457300515, 40.650310312003256], [-73.73513501486147, 40.64973204023339], [-73.74143706021165, 40.646889178160755], [-73.74166141308763, 40.64219806209125], [-73.74205084926373, 40.641474204762844], [-73.74142279307473, 40.6405033908767], [-73.74227387212949, 40.640123381225735], [-73.73947121613399, 40.635706431914755], [-73.7399595753528, 40.63514380918664], [-73.74221252506776, 40.635015810579105], [-73.7423912395262, 40.63563030012681], [-73.74258539843598, 40.63545335666114], [-73.74096487686366, 40.637304775030096], [-73.74189040305612, 40.63812221354031], [-73.7427296630336, 40.63827015598168], [-73.74397128496219, 40.637880012614886], [-73.74364746537915, 40.638988848348085], [-73.7447955814851, 40.63707502907612], [-73.74471275511705, 40.63730704689426], [-73.74519496966812, 40.637191712312095], [-73.74629219000661, 40.63643726798242], [-73.74679074637297, 40.63677813554674], [-73.74527138642911, 40.63791590124538], [-73.74532770333599, 40.638372211969795], [-73.74704226024105, 40.63693236524015], [-73.74632293238811, 40.639334645482485], [-73.74631467883957, 40.64139431309084], [-73.7472915388935, 40.643186686711154], [-73.74875121280796, 40.64447110317516], [-73.7487767478731, 40.64511819098252], [-73.74944886976486, 40.644933500237606], [-73.75428169216147, 40.647885346006206], [-73.75487502521172, 40.647680932847244], [-73.75460006764924, 40.64720077303136], [-73.75522386899995, 40.64744446899993], [-73.75411086699988, 40.64869766499994], [-73.76406290099993, 40.654356265999915], [-73.76319000499986, 40.655898053999934], [-73.76184429799997, 40.656536949999975], [-73.76165732899996, 40.65823808599989], [-73.75922652199985, 40.65790223599994], [-73.75680959499985, 40.657093283999956], [-73.74867194699979, 40.65267808799997], [-73.74332546799988, 40.652537803999955], [-73.74328714099993, 40.656134731999956], [-73.74487420299994, 40.656144557999994], [-73.74506037799982, 40.657407149999926], [-73.74853177199994, 40.65757569699998], [-73.74733230899986, 40.65912452099997], [-73.74679260099995, 40.65890762199997], [-73.74684750599981, 40.660795540999914], [-73.74450922599979, 40.663821277999915], [-73.74405313899989, 40.663658070999986], [-73.74281884699987, 40.66530554899991], [-73.73954958300003, 40.665256021999916], [-73.73891022900001, 40.6659544919999], [-73.73856469500002, 40.666396897999974], [-73.74117817299991, 40.66640295399995], [-73.73775794399985, 40.67005754699996], [-73.73593438599974, 40.67243297099991], [-73.736249418, 40.672630601999956], [-73.73597469399992, 40.67256742099998], [-73.7330322339999, 40.67649502599994], [-73.72851656799985, 40.681210472999986], [-73.72718272499995, 40.68359732999992], [-73.72586264191175, 40.68324108097392], [-73.72563005109944, 40.679587950890706], [-73.72753500301229, 40.67393028414617]]]}}, {"id": "202", "type": "Feature", "properties": {"taxi_zone_id": 204, "zone": "Rossville/Woodrow", "borough": "Staten Island"}, "geometry": {"type": "Polygon", "coordinates": [[[-74.2032648999999, 40.555628476999935], [-74.19174368799999, 40.53191669699989], [-74.19909783799994, 40.52829964499997], [-74.20152661599995, 40.52626520599997], [-74.2075530649999, 40.52524734899996], [-74.20919660199999, 40.525376579999914], [-74.21142518399989, 40.52441410199992], [-74.2156723039999, 40.523957627999955], [-74.21574341099989, 40.526464005999905], [-74.21800676499996, 40.53229858999998], [-74.2183151519999, 40.53531207899996], [-74.21770976099997, 40.53831199299992], [-74.21776941599992, 40.54112662999997], [-74.22131562699998, 40.55025307399997], [-74.21778377699997, 40.55304918799999], [-74.21784397799998, 40.55443271799991], [-74.21509339699995, 40.55549893300001], [-74.21350175499995, 40.55566761799991], [-74.21050789400002, 40.55706418199999], [-74.205854485, 40.55750245699995], [-74.20314825999996, 40.5560617849999], [-74.2032648999999, 40.555628476999935]]]}}, {"id": "203", "type": "Feature", "properties": {"taxi_zone_id": 205, "zone": "Saint Albans", "borough": "Queens"}, "geometry": {"type": "Polygon", "coordinates": [[[-73.76844546499984, 40.709637026999935], [-73.76612489399999, 40.70233448599993], [-73.76126359299997, 40.70359893999997], [-73.76095546600004, 40.70290957799998], [-73.75205066499984, 40.70522802799998], [-73.7493054709999, 40.69914231299996], [-73.75019295799989, 40.69891208199994], [-73.74863325999986, 40.69544476099996], [-73.74523747599996, 40.696374658999986], [-73.7435928609999, 40.6962153249999], [-73.74467955599985, 40.69341226299994], [-73.75008991199991, 40.68592344599996], [-73.75225828699998, 40.68149141099991], [-73.75484909699989, 40.67792883799999], [-73.75576169199995, 40.67588590899991], [-73.75648885799987, 40.67602276199997], [-73.756918817, 40.67652887099997], [-73.76248600399997, 40.674194981999925], [-73.76367677599995, 40.67474552499996], [-73.76380484799996, 40.67376993299999], [-73.77469730199986, 40.680486045999956], [-73.77220275299987, 40.68161033899995], [-73.7732870399999, 40.6834547319999], [-73.77418414899984, 40.68323792099995], [-73.77699767599997, 40.68628268899994], [-73.77966850599998, 40.68537712299999], [-73.78148675699995, 40.68869718299996], [-73.78234452799995, 40.68840743799999], [-73.78326624999988, 40.689994292999955], [-73.78078155499992, 40.691029942999975], [-73.77977295099997, 40.68928116999997], [-73.77789337399993, 40.689917689999966], [-73.7802372379999, 40.69297233499994], [-73.77783593399984, 40.69432133499991], [-73.77395659499993, 40.69980578099992], [-73.77230768699997, 40.700571506999935], [-73.77507462299982, 40.70523998399993], [-73.77559218799982, 40.705329308999914], [-73.7749009329999, 40.707066661999924], [-73.76844546499984, 40.709637026999935]]]}}, {"id": "204", "type": "Feature", "properties": {"taxi_zone_id": 206, "zone": "Saint George/New Brighton", "borough": "Staten Island"}, "geometry": {"type": "Polygon", "coordinates": [[[-74.08221272914942, 40.648280162290106], [-74.08142228203803, 40.648504725949486], [-74.07899546333263, 40.648142554422456], [-74.07650657152854, 40.646968818183396], [-74.07445282563698, 40.64506748872328], [-74.07359107919265, 40.64499892804308], [-74.0738565368472, 40.645424816099656], [-74.0733381385699, 40.645783116162335], [-74.07369011806543, 40.645305725060005], [-74.0732385381076, 40.644963863909865], [-74.07302520507207, 40.645131238320154], [-74.07305559881726, 40.644807917841], [-74.07342590747642, 40.64500056851532], [-74.07312184183515, 40.644714799468936], [-74.0725877555387, 40.64479086317368], [-74.07269828799015, 40.64444127346735], [-74.07165829759784, 40.64503374643505], [-74.07229190281811, 40.64426604782043], [-74.0718608087088, 40.6442017617702], [-74.0720581750603, 40.64390042769862], [-74.0714820243262, 40.6432926250636], [-74.07093784471476, 40.64334596384066], [-74.07144331706321, 40.64327056133064], [-74.07113105720924, 40.64320526367829], [-74.07164892198989, 40.64267993167968], [-74.0721843496904, 40.642714093289094], [-74.07210952444638, 40.64246321679283], [-74.07032923715386, 40.642526128132424], [-74.07323829183592, 40.642184736082434], [-74.07314400586021, 40.64185297448017], [-74.07019399559213, 40.64200750280532], [-74.07308689819374, 40.641636814969694], [-74.07289005609624, 40.64092267287607], [-74.07001849148746, 40.641278132237545], [-74.06998354653952, 40.64106894311679], [-74.07285041194942, 40.640803688445146], [-74.07309035578784, 40.63861899968591], [-74.0723885295029, 40.63824526599676], [-74.07258133886755, 40.637941874296025], [-74.0768399779999, 40.637750259999954], [-74.07865269699992, 40.63830402499989], [-74.08373397299995, 40.63573714399995], [-74.08587882899995, 40.63669158999997], [-74.0869059279999, 40.63585724299992], [-74.08870582299987, 40.63684520599991], [-74.0897037829999, 40.63568250099997], [-74.09090698799996, 40.635485728999925], [-74.09242513499993, 40.63558181299995], [-74.09338942299995, 40.63659955499994], [-74.09409312599998, 40.63926691400002], [-74.09767290799995, 40.638960678999915], [-74.09787969199995, 40.64035805499993], [-74.10702926799993, 40.63870678799992], [-74.10974833299994, 40.63786583299998], [-74.11499559699989, 40.637292225999964], [-74.11519147399999, 40.63834768099992], [-74.11765722499996, 40.63806246699993], [-74.11614321199995, 40.62870226399992], [-74.11326249599989, 40.62305442499998], [-74.11790654899988, 40.62487746099993], [-74.12125677899994, 40.627822749999936], [-74.12216225499999, 40.62747689199993], [-74.1313098529999, 40.626328343000004], [-74.13014141499997, 40.62996520899998], [-74.13060220399994, 40.6313578269999], [-74.12900054099997, 40.63433359399999], [-74.12867047299994, 40.637348264999964], [-74.1268887269999, 40.63721008799997], [-74.12705362202625, 40.64024173781955], [-74.12415578422493, 40.640134716820064], [-74.12285630577614, 40.64082050817317], [-74.12257280489571, 40.640622340047074], [-74.12269555893829, 40.64135302683625], [-74.12144702079314, 40.641502379307695], [-74.12071317594332, 40.641045782095475], [-74.11993480088911, 40.64119760438396], [-74.11960716747862, 40.6413803093542], [-74.1199569987576, 40.6422094534291], [-74.1195298610575, 40.64146991432198], [-74.11909720493722, 40.64147346652349], [-74.11940029532461, 40.6423793785328], [-74.11900348200304, 40.64146461451005], [-74.11861635236262, 40.641530365029], [-74.11883624616948, 40.64254186406045], [-74.11840185083544, 40.64152980054286], [-74.1180489115635, 40.64215746101193], [-74.11762841614808, 40.64162158290139], [-74.1171709328468, 40.641624271041785], [-74.11750702523283, 40.64242040843016], [-74.11713706403347, 40.6418980646311], [-74.11672187663888, 40.64203175609666], [-74.1172247008255, 40.643027359962616], [-74.11666607646228, 40.64210676633399], [-74.11630000082738, 40.642202665102346], [-74.1166704138269, 40.64318982489288], [-74.11614208635716, 40.6422164541504], [-74.1157191704229, 40.642351819214056], [-74.11622691905411, 40.64330710586208], [-74.11564823433872, 40.64237468333453], [-74.11535082182925, 40.64247054015818], [-74.11379666086005, 40.6436095158079], [-74.11395094068477, 40.64413659167522], [-74.11288806510967, 40.644532444637605], [-74.11389010824342, 40.64398966912679], [-74.11333023192623, 40.64372349758641], [-74.11116129469252, 40.64509642318128], [-74.11172529995703, 40.64465936172616], [-74.1097393256449, 40.64546372818483], [-74.1041235630174, 40.64574043220023], [-74.09880066885808, 40.6450470343109], [-74.09849981625507, 40.645370361953816], [-74.09604555281575, 40.645372747442735], [-74.09298828187654, 40.64597278075256], [-74.08570754378212, 40.64888055337049], [-74.08221272914942, 40.648280162290106]]]}}, {"id": "205", "type": "Feature", "properties": {"taxi_zone_id": 207, "zone": "Saint Michaels Cemetery/Woodside", "borough": "Queens"}, "geometry": {"type": "Polygon", "coordinates": [[[-73.90137640299986, 40.759642037999924], [-73.90356915599997, 40.76578178899999], [-73.90217951699996, 40.767315841999995], [-73.89349605899987, 40.765950929999974], [-73.89453879999992, 40.765357266999935], [-73.89866137899992, 40.75992101700003], [-73.90137640299986, 40.759642037999924]]]}}, {"id": "206", "type": "Feature", "properties": {"taxi_zone_id": 208, "zone": "Schuylerville/Edgewater Park", "borough": "Bronx"}, "geometry": {"type": "MultiPolygon", "coordinates": [[[[-73.82611300699996, 40.845338693999956], [-73.8258498599999, 40.83706086699991], [-73.82540482599977, 40.83565927499999], [-73.82622087800003, 40.834354707999886], [-73.82601252600003, 40.83402077799989], [-73.82515883900007, 40.834614471999984], [-73.82463346500003, 40.833855807999946], [-73.82379383199985, 40.83430014699994], [-73.81552500922504, 40.83597630692606], [-73.81606339574223, 40.835772927473684], [-73.81557397060101, 40.83552508183113], [-73.81608188313594, 40.83536118240027], [-73.81608401401107, 40.83459034626527], [-73.81566358139244, 40.83449084930705], [-73.8160119668146, 40.83398080521082], [-73.8148793738859, 40.83103008649146], [-73.8144703368803, 40.831141458252056], [-73.81476387691956, 40.83081679999354], [-73.8145200857769, 40.83062287579425], [-73.81391425388867, 40.830924257035505], [-73.81389783360487, 40.83090755415831], [-73.81451016521453, 40.8306140470511], [-73.81430920681511, 40.83035927120748], [-73.81385671977256, 40.83056144292277], [-73.81429959295038, 40.83035010370268], [-73.81366831284713, 40.829891284853815], [-73.8133876638913, 40.8290230944736], [-73.81290321918615, 40.828953132168564], [-73.81318011408904, 40.82880287122958], [-73.81275469994516, 40.82824823625139], [-73.80992515914596, 40.82817971199264], [-73.81009578138243, 40.82781949309145], [-73.81105578108608, 40.82798499568348], [-73.81003940033308, 40.8277781387868], [-73.81260338852059, 40.82783507674919], [-73.81384974851248, 40.826803528750425], [-73.81372207686618, 40.82627159251507], [-73.81291776131222, 40.8263503891207], [-73.81399111582792, 40.82606959843135], [-73.8139505407614, 40.82572915144365], [-73.81342102197195, 40.825925016768345], [-73.8139416195339, 40.82571703172853], [-73.81379523517661, 40.82529808600154], [-73.81211350556435, 40.82555263465942], [-73.81327735515306, 40.82516132170759], [-73.81308215093006, 40.824944546839774], [-73.81403745843352, 40.824483469493906], [-73.8139338355063, 40.82413716311622], [-73.81327417399014, 40.823966665819604], [-73.81274834915234, 40.824777187102356], [-73.81177284871205, 40.824339806172844], [-73.81087496294379, 40.82511394844664], [-73.81076192559172, 40.82490157071419], [-73.8096548114174, 40.82527553562165], [-73.80909234633528, 40.82587339816419], [-73.80766604765233, 40.82589699205905], [-73.80697771152201, 40.825388370897436], [-73.80656361554976, 40.824606405431815], [-73.80666166000621, 40.82341958423711], [-73.80623630693701, 40.823307934650764], [-73.80638355020798, 40.822892762129726], [-73.80595169124446, 40.82288259534947], [-73.80599159848933, 40.82082355849012], [-73.80461931205352, 40.81902711421376], [-73.80348320649303, 40.8182769854666], [-73.80207892871874, 40.81855673696862], [-73.80070762635494, 40.818045098797846], [-73.8003233797814, 40.817562833914494], [-73.79759032777322, 40.816507532070105], [-73.79738112573526, 40.81576350489567], [-73.79902816314, 40.81554113493872], [-73.8001114686428, 40.81402452556066], [-73.80091593237641, 40.8137614025066], [-73.80174561215799, 40.812865017918305], [-73.80133906141198, 40.81239373439243], [-73.8017593218082, 40.812861396987394], [-73.80304775394252, 40.8124487082389], [-73.80361390158114, 40.812521106621375], [-73.80351997906509, 40.81292187125161], [-73.80377912019877, 40.81280990604308], [-73.80361429261028, 40.81304451492817], [-73.804358103467, 40.81360853867406], [-73.80415365301042, 40.813730672865134], [-73.80422899591787, 40.81366330521166], [-73.80355921193633, 40.81304271217238], [-73.80361455805945, 40.8129721911916], [-73.80325294454988, 40.813196773549954], [-73.80453081609834, 40.81425461992448], [-73.80322176299285, 40.813374109942245], [-73.80511465526511, 40.81563585002814], [-73.80657247260172, 40.81660635539243], [-73.80508103466697, 40.815197964012626], [-73.80455440518865, 40.81462984223715], [-73.80465942815042, 40.814544989122034], [-73.80632932566019, 40.816137959320265], [-73.80660603189658, 40.81666449404115], [-73.80692933177552, 40.81656837907674], [-73.80653572493937, 40.81589198638634], [-73.80704600153508, 40.81653369387527], [-73.80659328471772, 40.81561670615476], [-73.80531902580653, 40.814781312998235], [-73.80505213646254, 40.812894962434164], [-73.80361382016022, 40.811938282058044], [-73.80224245334347, 40.81019739366037], [-73.80101172909842, 40.81071339964734], [-73.80146670007328, 40.81014171796315], [-73.7985376596495, 40.80958707552976], [-73.79228907337423, 40.80684900557951], [-73.79140059874486, 40.80699787791312], [-73.79152359065651, 40.80748908790953], [-73.79086475738406, 40.80734114044057], [-73.79006256328053, 40.805408941834415], [-73.79103717515576, 40.80426303170203], [-73.79224529219171, 40.80399636431491], [-73.7933898228672, 40.80420433003625], [-73.79577769394001, 40.806162949029215], [-73.79620903473185, 40.805968590461866], [-73.79636945999776, 40.80627720276665], [-73.79791967769252, 40.80669422755322], [-73.80195238321679, 40.809002826887635], [-73.80295921748117, 40.80907708372954], [-73.80392673417204, 40.80852797081176], [-73.8099202908178, 40.8129291522618], [-73.81185065747438, 40.81293940004026], [-73.81389275367364, 40.813587197838075], [-73.81443067312435, 40.81351837571569], [-73.81449994116008, 40.81290828760447], [-73.81447727191015, 40.81351854184121], [-73.81566326325769, 40.81351203974351], [-73.81620056896291, 40.81384747647936], [-73.81735988456492, 40.81337572053991], [-73.8179208412743, 40.8135446806033], [-73.81793546303673, 40.81329796423286], [-73.81797608887013, 40.81329902414639], [-73.81804229161202, 40.81353296785631], [-73.82010759340298, 40.81286406966544], [-73.82055521517324, 40.81301765507688], [-73.82024436122036, 40.81243067757404], [-73.8210651207081, 40.812203592467434], [-73.82032355515894, 40.81243965219497], [-73.82112969804922, 40.81244975686683], [-73.82044179624151, 40.8126575778362], [-73.82058709143999, 40.813019446608145], [-73.82228290825742, 40.81266149978757], [-73.8221714521873, 40.81235400527648], [-73.82230863560132, 40.8126582150787], [-73.82406387432496, 40.81216926152627], [-73.8247105112495, 40.81169935941126], [-73.82505782162761, 40.811829918389336], [-73.82480905359992, 40.81143928159996], [-73.82524350467826, 40.81176134024009], [-73.82487938938073, 40.81127298382826], [-73.82526664318074, 40.81175234789847], [-73.82523137433175, 40.81120978979896], [-73.82565070298092, 40.811592290916025], [-73.82535766859549, 40.81102764392382], [-73.82567229084775, 40.81158474373039], [-73.82553710461548, 40.81101552428065], [-73.82581255718891, 40.811533704520315], [-73.82579755905094, 40.81120533563978], [-73.82595641099927, 40.81147444843508], [-73.82821837513981, 40.8114245921359], [-73.83017915330238, 40.810834549489506], [-73.83147437789091, 40.809775148304894], [-73.8321661704888, 40.808502277670186], [-73.831615744777, 40.8049382559966], [-73.83431545195694, 40.80516265692343], [-73.83743612112924, 40.8062026425916], [-73.84025952898116, 40.81144303689143], [-73.84043199520461, 40.81254112811851], [-73.83962901684902, 40.814009717774624], [-73.83974355921865, 40.81640607175141], [-73.83696070299992, 40.81634054099996], [-73.83614239499985, 40.819198902999915], [-73.83612598999984, 40.823497431999954], [-73.83661819699992, 40.827114148999954], [-73.8370906139999, 40.828967146999986], [-73.84228428387955, 40.82864660499137], [-73.84233077477266, 40.82907396245374], [-73.84188643774428, 40.830713176534445], [-73.83885232384739, 40.83369066784828], [-73.83956700299987, 40.84054722799992], [-73.83936452799995, 40.84087706700001], [-73.83771374899992, 40.84040630999994], [-73.83688925199996, 40.843374787999956], [-73.83043186399985, 40.84385798399998], [-73.82611300699996, 40.845338693999956]]], [[[-73.83979488581072, 40.83561920724636], [-73.8394122031086, 40.83460006510746], [-73.83959266810578, 40.83456047582332], [-73.83979488581072, 40.83561920724636]]], [[[-73.83961672561374, 40.83566775262735], [-73.83960850400152, 40.83570805084228], [-73.83960098545434, 40.83567071869862], [-73.83961672561374, 40.83566775262735]]]]}}, {"id": "207", "type": "Feature", "properties": {"taxi_zone_id": 209, "zone": "Seaport", "borough": "Manhattan"}, "geometry": {"type": "Polygon", "coordinates": [[[-74.00499805099996, 40.71201189699992], [-74.00366118299998, 40.71148728299999], [-73.99919451154408, 40.70794737617575], [-74.00118685262835, 40.7068598257718], [-74.00098276691728, 40.70641671299293], [-74.00140666691954, 40.706179388020665], [-74.0005829704798, 40.70543393364893], [-74.00143661179398, 40.70487217770526], [-74.00256965079724, 40.70552357976177], [-74.00505672799989, 40.708788768999995], [-74.00906264699988, 40.710886703999954], [-74.00860085399992, 40.71139224000001], [-74.00499805099996, 40.71201189699992]]]}}, {"id": "208", "type": "Feature", "properties": {"taxi_zone_id": 210, "zone": "Sheepshead Bay", "borough": "Brooklyn"}, "geometry": {"type": "Polygon", "coordinates": [[[-73.92956858299992, 40.59682026499997], [-73.91805571865743, 40.586436853116254], [-73.9191903317235, 40.58596249414772], [-73.92082156941888, 40.58599577420633], [-73.92090603836381, 40.58559058153362], [-73.92235337377305, 40.58602393656233], [-73.9246794528378, 40.58563774645348], [-73.92520361514241, 40.58580627115542], [-73.92720774188899, 40.587722759186704], [-73.92768287747319, 40.587361600134045], [-73.9273568092889, 40.58802217627621], [-73.92791625741049, 40.587548736392066], [-73.92807906817849, 40.58770246052324], [-73.92740450151646, 40.58820650448985], [-73.9279017574099, 40.58795340927994], [-73.92802185276429, 40.58806875635092], [-73.92745467790976, 40.588299564074084], [-73.92776143639102, 40.58866060975885], [-73.9239529485009, 40.59113985052505], [-73.9246012993856, 40.5911993250032], [-73.92863061415636, 40.58857263642077], [-73.92844090493661, 40.589030428142046], [-73.9291344038264, 40.588879241682], [-73.92884679091428, 40.589232123875874], [-73.92998187866193, 40.58951599787866], [-73.92936128354346, 40.58925066298256], [-73.92976615773311, 40.5892920694477], [-73.93003427450557, 40.58942599650081], [-73.93057705718242, 40.58989064120319], [-73.93010325988745, 40.58960610507146], [-73.93029788091665, 40.59003516763006], [-73.93058940447355, 40.58995259113258], [-73.93044960172921, 40.591079691929174], [-73.93072578729826, 40.591089860265186], [-73.93037197719016, 40.59121140087592], [-73.93035364458565, 40.592554950294094], [-73.92971282036608, 40.593120048248124], [-73.93004238419583, 40.5930608793181], [-73.92995591909562, 40.593308572326634], [-73.92974147322658, 40.5931439224456], [-73.93001650952081, 40.594094536062144], [-73.93008159453139, 40.59359546287131], [-73.93052488661866, 40.59388024070082], [-73.93054679070711, 40.59419930408562], [-73.93029934404385, 40.59393805451029], [-73.93004011947687, 40.59410488733053], [-73.93043246129608, 40.59440267494993], [-73.93122055938903, 40.59418331726283], [-73.9309546342639, 40.594465945206295], [-73.93136684826814, 40.59452917209452], [-73.9317638740002, 40.59428409876288], [-73.93161313737198, 40.5945035184144], [-73.93136806343367, 40.59454645078472], [-73.93084626727261, 40.594451525297224], [-73.93078131379613, 40.59449895527685], [-73.93260420556844, 40.59492954452501], [-73.93267653975757, 40.59423641796763], [-73.93113956057566, 40.59200892874753], [-73.93139997986378, 40.591804890562194], [-73.9310098934316, 40.59193104248102], [-73.93155939441614, 40.591292964070796], [-73.93121294858955, 40.58953130811927], [-73.93068568059813, 40.58882195422685], [-73.93009138279199, 40.58898886237908], [-73.9306502192753, 40.58866986977082], [-73.93039967597488, 40.5884655204154], [-73.92972846380192, 40.58861391582972], [-73.93038545256262, 40.5884416160789], [-73.92972232646724, 40.58756008290387], [-73.93134917824065, 40.587328167229515], [-73.93125191267131, 40.58684982521426], [-73.92857393936457, 40.58706150237139], [-73.92808232971585, 40.586697693937666], [-73.92815700695613, 40.58586452306612], [-73.92736955785888, 40.58600658531646], [-73.92758641829884, 40.586254135332375], [-73.92751621995603, 40.58639826671554], [-73.92730433823876, 40.585865928419935], [-73.92638041881064, 40.58529575634788], [-73.92654820963334, 40.58557531538766], [-73.92552860874584, 40.58497837657271], [-73.92627529542231, 40.58535264744203], [-73.92583335908428, 40.58495307711066], [-73.92712081899994, 40.58487935699991], [-73.9344471859999, 40.586652074999975], [-73.94866230599997, 40.584893855999994], [-73.95123865600004, 40.58492463299993], [-73.95357366099982, 40.58530918799991], [-73.95387860700004, 40.58572124599997], [-73.96025825899996, 40.58502930799998], [-73.96034953599988, 40.58730628599997], [-73.95619313699986, 40.58776226899997], [-73.95700330399997, 40.59200225599993], [-73.95607720399984, 40.59210143199996], [-73.956927197, 40.5966120759999], [-73.94248473299992, 40.59820036499989], [-73.94288954099984, 40.60031864999997], [-73.93447158899998, 40.60123151199994], [-73.93503274599996, 40.60173378999989], [-73.9335511719998, 40.60268728099995], [-73.92813139699999, 40.597777927999914], [-73.92956858299992, 40.59682026499997]]]}}, {"id": "209", "type": "Feature", "properties": {"taxi_zone_id": 211, "zone": "SoHo", "borough": "Manhattan"}, "geometry": {"type": "Polygon", "coordinates": [[[-73.9967717579999, 40.725431943999965], [-74.00188406299993, 40.71939757099996], [-74.00539186699989, 40.722037365999974], [-74.003730175, 40.726250058999995], [-74.00214891499996, 40.72803536699996], [-73.9967717579999, 40.725431943999965]]]}}, {"id": "210", "type": "Feature", "properties": {"taxi_zone_id": 212, "zone": "Soundview/Bruckner", "borough": "Bronx"}, "geometry": {"type": "Polygon", "coordinates": [[[-73.88421976599987, 40.822996457999906], [-73.88465102199984, 40.823822897999975], [-73.88461335999997, 40.82527650299993], [-73.88378414099992, 40.82827429199998], [-73.87729930499995, 40.828742773999934], [-73.86085019699982, 40.83361353799993], [-73.85739121299999, 40.8322973719999], [-73.85615112900003, 40.826770045999915], [-73.88421976599987, 40.822996457999906]]]}}, {"id": "211", "type": "Feature", "properties": {"taxi_zone_id": 213, "zone": "Soundview/Castle Hill", "borough": "Bronx"}, "geometry": {"type": "MultiPolygon", "coordinates": [[[[-73.84289527503903, 40.82856917606089], [-73.840017529957, 40.822190243125505], [-73.83999860407422, 40.8199349468131], [-73.8419868483405, 40.81877437390812], [-73.84520736885104, 40.81188702200954], [-73.84617302872043, 40.81067666443043], [-73.8471968450964, 40.81058048761426], [-73.84821486515582, 40.81246290949832], [-73.85041066820106, 40.81358402388852], [-73.8511447226069, 40.81439654887604], [-73.85291177501854, 40.81450099671156], [-73.85261262519265, 40.81396258284022], [-73.85336857868805, 40.81359390313641], [-73.85538030243694, 40.814288882082835], [-73.85346774058523, 40.81347771160874], [-73.85255739434923, 40.81373533465524], [-73.85119997725174, 40.81355314437623], [-73.84903294180673, 40.812118910078574], [-73.85004241612901, 40.809215408487674], [-73.84995116937989, 40.808714720172254], [-73.84955076934936, 40.80872086751093], [-73.84996696802818, 40.80857801884364], [-73.8496116642038, 40.808124185051305], [-73.84876007745984, 40.80833745779313], [-73.84952218256736, 40.80805527772024], [-73.8484164096164, 40.80736877579535], [-73.8483795372141, 40.80636018633459], [-73.84753621975607, 40.80592640279513], [-73.847488226419, 40.80544890914924], [-73.8486478460621, 40.804699371480424], [-73.84933382307932, 40.80505121826179], [-73.84941036337706, 40.804667976275674], [-73.84942852727698, 40.80505982814057], [-73.84997722709161, 40.805059594981934], [-73.85019839036401, 40.804510024974014], [-73.85561003777734, 40.804470590943936], [-73.856614854502, 40.80479692395036], [-73.85762328796818, 40.80536948834176], [-73.85866549456955, 40.806833088596115], [-73.85838996228809, 40.80825880914886], [-73.8589514122177, 40.81027141758659], [-73.8601269523559, 40.80960549989128], [-73.85935625734362, 40.80898803428647], [-73.85938875426787, 40.8081661412071], [-73.85979407932838, 40.80911212206517], [-73.86065222514291, 40.80963668169186], [-73.86765646284456, 40.81058376193716], [-73.87077804885931, 40.814486895487825], [-73.8765199603362, 40.81613106342419], [-73.87663459981847, 40.81571150804961], [-73.8780628329999, 40.81618263199999], [-73.88244779599998, 40.81926832299997], [-73.8843985489999, 40.82296557599994], [-73.85635677499992, 40.82675208499997], [-73.85513639699997, 40.822436188999916], [-73.84289858800003, 40.82408305899991], [-73.84390624999999, 40.828407828999985], [-73.84289527503903, 40.82856917606089]]], [[[-73.83696070299992, 40.81634054099996], [-73.83974355921865, 40.81640607175141], [-73.84009272315726, 40.8169423397624], [-73.84005323723338, 40.81792128811371], [-73.83868347700722, 40.8195913815194], [-73.83906398923855, 40.81980243234168], [-73.83888231646733, 40.82214048985604], [-73.84228428387955, 40.82864660449136], [-73.8370906139999, 40.828967146999986], [-73.83612598999984, 40.823497431999954], [-73.83614239499985, 40.819198902999915], [-73.83696070299992, 40.81634054099996]]]]}}, {"id": "212", "type": "Feature", "properties": {"taxi_zone_id": 214, "zone": "South Beach/Dongan Hills", "borough": "Staten Island"}, "geometry": {"type": "Polygon", "coordinates": [[[-74.08587511899997, 40.59589012099988], [-74.08376862299998, 40.59552095699999], [-74.08173342999991, 40.5921562859999], [-74.0784669379999, 40.59330001199994], [-74.07888191699992, 40.59394279199994], [-74.07043976099992, 40.596734746999914], [-74.06728410699992, 40.59098620299992], [-74.06577682899997, 40.590021390999944], [-74.06436003721248, 40.588267891174816], [-74.06477833032984, 40.58848831072571], [-74.06722276816986, 40.58673445026272], [-74.07021154289465, 40.58398135771155], [-74.07144837595611, 40.58243406796454], [-74.07065781537806, 40.581625625037866], [-74.07146670932998, 40.58202724389817], [-74.07177638431192, 40.58187653516403], [-74.07499413073505, 40.57923655741634], [-74.07336118472098, 40.578275488289194], [-74.07508288192615, 40.57916015875555], [-74.07579819540712, 40.57830925065067], [-74.07534622582394, 40.57788796957175], [-74.07601596977891, 40.57824491229023], [-74.07688226472128, 40.57763678991157], [-74.07673747616731, 40.577372509325436], [-74.0773747252254, 40.57728215940814], [-74.07926321256913, 40.5756712922058], [-74.07867933938911, 40.57508182522345], [-74.07933640538252, 40.575627204016875], [-74.08017867442044, 40.57518041825959], [-74.08495715819193, 40.57125984002113], [-74.08597647499992, 40.57223697099989], [-74.10039083499996, 40.57968866599996], [-74.09844000899997, 40.58124170599995], [-74.10525775499998, 40.58592143599991], [-74.10088251699995, 40.59017921599996], [-74.10083052299994, 40.59263230599989], [-74.09979588999997, 40.59387136599995], [-74.09722072899997, 40.59536515499988], [-74.09375453799998, 40.596744889999925], [-74.09272305199994, 40.59746426399998], [-74.09172051499995, 40.599220856999885], [-74.08983655899988, 40.600774095000006], [-74.08432821299992, 40.60187268299995], [-74.08218729299988, 40.60194100799991], [-74.08125785899989, 40.6006788479999], [-74.08130343799998, 40.59938765599995], [-74.08248303399992, 40.598329807999974], [-74.08532650099991, 40.59700832199999], [-74.08587511899997, 40.59589012099988]]]}}, {"id": "213", "type": "Feature", "properties": {"taxi_zone_id": 215, "zone": "South Jamaica", "borough": "Queens"}, "geometry": {"type": "Polygon", "coordinates": [[[-73.78034491200003, 40.70541241699989], [-73.77395659499986, 40.699805781999935], [-73.77783593399984, 40.69432133499991], [-73.7802372379999, 40.69297233499994], [-73.77789337399993, 40.689917689999966], [-73.77977295099997, 40.68928116999997], [-73.78078155499992, 40.691029942999975], [-73.793908417, 40.68630469099988], [-73.79561486799987, 40.68865689099996], [-73.79995042799996, 40.686827718999965], [-73.79898209099994, 40.68485873799992], [-73.80576840199991, 40.68293239099995], [-73.81063298299996, 40.69194738299991], [-73.80890216900004, 40.692564348999966], [-73.80642479399984, 40.69087385799995], [-73.79786193399997, 40.69799340399996], [-73.79260506799987, 40.70043209999994], [-73.79186916599991, 40.70136613699993], [-73.79239170299988, 40.70216652999993], [-73.79115569699985, 40.70229407599993], [-73.78256582599995, 40.70542486399993], [-73.78034491200003, 40.70541241699989]]]}}, {"id": "214", "type": "Feature", "properties": {"taxi_zone_id": 216, "zone": "South Ozone Park", "borough": "Queens"}, "geometry": {"type": "Polygon", "coordinates": [[[-73.81063298299996, 40.69194738299991], [-73.80142836799988, 40.67366683399993], [-73.80117909099994, 40.66910026499998], [-73.80203207699995, 40.66524802499998], [-73.8084501619999, 40.66446130099994], [-73.81176694899986, 40.662934536000016], [-73.81496922499986, 40.66247266799997], [-73.82306169099988, 40.66353701600001], [-73.82687353900002, 40.663704106999944], [-73.832705339, 40.665405772999904], [-73.84012856099982, 40.68114665099992], [-73.83697486299991, 40.68198801799993], [-73.83807769099997, 40.68423890999991], [-73.82753021399995, 40.68723948299995], [-73.82851136799992, 40.689239056], [-73.82599347399987, 40.689953661999944], [-73.82501128899997, 40.687952317999994], [-73.81063298299996, 40.69194738299991]]]}}, {"id": "215", "type": "Feature", "properties": {"taxi_zone_id": 217, "zone": "South Williamsburg", "borough": "Brooklyn"}, "geometry": {"type": "Polygon", "coordinates": [[[-73.95790430799988, 40.708427172999976], [-73.95191055699979, 40.70636007899994], [-73.94705205299991, 40.70366394899991], [-73.95128819399989, 40.700922364999904], [-73.95381196900003, 40.70318097999995], [-73.95745736399992, 40.70082260299997], [-73.95701993199991, 40.69897391399997], [-73.96283963699993, 40.698038668], [-73.96217978199998, 40.70022070999993], [-73.96720961999985, 40.70425570899996], [-73.96838933699995, 40.70682918699994], [-73.963278738, 40.70772929899999], [-73.958455768, 40.70725184699994], [-73.95790430799988, 40.708427172999976]]]}}, {"id": "216", "type": "Feature", "properties": {"taxi_zone_id": 218, "zone": "Springfield Gardens North", "borough": "Queens"}, "geometry": {"type": "Polygon", "coordinates": [[[-73.77469730199986, 40.680486045999956], [-73.76380484799996, 40.67376993299999], [-73.76367677599995, 40.67474552499996], [-73.76248600399997, 40.674194981999925], [-73.76031463999993, 40.67510997099991], [-73.75857198899986, 40.67263733099991], [-73.75636239300002, 40.672429237000046], [-73.7564373439998, 40.66966637899995], [-73.75763129599991, 40.66645115699997], [-73.77342462799992, 40.668027618999915], [-73.78940999399987, 40.666841158999986], [-73.78808647399985, 40.67300962699995], [-73.78573730899993, 40.67238503499992], [-73.78376243999988, 40.675315685999934], [-73.777229236, 40.679652720999954], [-73.77469730199986, 40.680486045999956]]]}}, {"id": "217", "type": "Feature", "properties": {"taxi_zone_id": 219, "zone": "Springfield Gardens South", "borough": "Queens"}, "geometry": {"type": "Polygon", "coordinates": [[[-73.77342462799992, 40.668027618999915], [-73.75602173399979, 40.66639171599993], [-73.73856469500002, 40.666396897999974], [-73.73954958300003, 40.665256021999916], [-73.74281884600006, 40.66530554899989], [-73.74405313899989, 40.663658070999986], [-73.74450922599979, 40.663821277999915], [-73.74684750499985, 40.66079554099989], [-73.74679260099995, 40.65890762199997], [-73.74733230899986, 40.65912452099997], [-73.74853177199994, 40.65757569699998], [-73.74506037899988, 40.657407149999905], [-73.74487420299994, 40.656144557999994], [-73.74328714099993, 40.656134731999956], [-73.74332546899993, 40.652537803999955], [-73.74867194699979, 40.65267808799997], [-73.75680959499985, 40.657093283999956], [-73.75922652199993, 40.65790223699992], [-73.76165732899996, 40.65823808599989], [-73.76184429799997, 40.656536949999975], [-73.76319000499986, 40.655898053999934], [-73.76406290099993, 40.654356265999915], [-73.77418923599993, 40.65986052399997], [-73.78321833499997, 40.66316628399992], [-73.79582296400001, 40.664953255999976], [-73.80203207699995, 40.66524802499998], [-73.80155565300004, 40.66675336399994], [-73.79919289299993, 40.66651807499994], [-73.79711069, 40.66694966899997], [-73.78940999399991, 40.666841157999976], [-73.77342462799992, 40.668027618999915]]]}}, {"id": "218", "type": "Feature", "properties": {"taxi_zone_id": 220, "zone": "Spuyten Duyvil/Kingsbridge", "borough": "Bronx"}, "geometry": {"type": "Polygon", "coordinates": [[[-73.89787887499983, 40.890276100999955], [-73.89972588599989, 40.88651488699989], [-73.89661546599986, 40.885955255999974], [-73.89855059899999, 40.884374727000015], [-73.90369454799992, 40.878501617999945], [-73.90608130599988, 40.87323962899993], [-73.90746489699995, 40.873547353999875], [-73.90666530999995, 40.87571560899995], [-73.9068187309999, 40.87661958799999], [-73.90906235999998, 40.878486782999936], [-73.91033193599998, 40.87903804699995], [-73.91148913199984, 40.87901885899994], [-73.91205829999997, 40.87811931999993], [-73.91487449199987, 40.87664214599996], [-73.91578609320084, 40.87571718248037], [-73.91775669364831, 40.875663627930145], [-73.91978381266424, 40.876421436052965], [-73.92273788293744, 40.878905445213945], [-73.92490327486523, 40.878888367926564], [-73.92380525605498, 40.88032490163617], [-73.92058641888602, 40.887182678309905], [-73.91869590499981, 40.886885202999935], [-73.91876151499994, 40.885569684999936], [-73.9148927699999, 40.88462477099993], [-73.91281277499982, 40.88639518699992], [-73.91173089099985, 40.888218712999986], [-73.90900536, 40.889500140999914], [-73.9079634, 40.888859752999956], [-73.90738830199982, 40.88781969199992], [-73.90413642399992, 40.88708070899993], [-73.90285949099989, 40.88916474399996], [-73.90090301399997, 40.888910548999945], [-73.898348963, 40.890444996999925], [-73.89787887499983, 40.890276100999955]]]}}, {"id": "219", "type": "Feature", "properties": {"taxi_zone_id": 221, "zone": "Stapleton", "borough": "Staten Island"}, "geometry": {"type": "Polygon", "coordinates": [[[-74.0768399779999, 40.637750259999954], [-74.07258133886755, 40.637941874296025], [-74.07348353801716, 40.63778735793573], [-74.07348737303558, 40.63723352923624], [-74.07053959705199, 40.63747140462431], [-74.07052719831867, 40.637132058705696], [-74.07341562632823, 40.63689395096558], [-74.07337342888026, 40.63661072563945], [-74.07209483807503, 40.636647277624675], [-74.07335822045584, 40.63653609416523], [-74.07283184410423, 40.6336660328257], [-74.0733282131641, 40.632058442990356], [-74.0729847461233, 40.630308978981475], [-74.06802173543946, 40.628787585185464], [-74.06813019247986, 40.62853904609153], [-74.07291177936548, 40.62999637940658], [-74.0722922308001, 40.627151707706616], [-74.07278382204916, 40.62704855517882], [-74.07225500955778, 40.62460875019398], [-74.06975543088323, 40.62120813987245], [-74.06649335296378, 40.61889760159523], [-74.06596065271776, 40.61935901559377], [-74.06619907954864, 40.61872248128879], [-74.06544586069478, 40.61920262828928], [-74.06668207982919, 40.618067495938554], [-74.06546549952745, 40.618107070280836], [-74.0649618928053, 40.61777239957046], [-74.06425721751587, 40.61817168758558], [-74.06509908407213, 40.61751095612548], [-74.06443662005032, 40.61706241460255], [-74.06390892240353, 40.61732882514915], [-74.06432745858045, 40.61698850302216], [-74.0637612998448, 40.61679874999737], [-74.06130709550277, 40.61419225076562], [-74.0603368079201, 40.61190188021975], [-74.05985444328618, 40.61210295860815], [-74.05999919711631, 40.612783899618634], [-74.05976930738177, 40.61205664713941], [-74.06027224809941, 40.61181963993924], [-74.05927076216308, 40.6114931325371], [-74.059085843087, 40.61063367725449], [-74.05685812390232, 40.60805635777259], [-74.0651709129999, 40.60421350799995], [-74.06350565699995, 40.60215005499995], [-74.07399965299999, 40.60572556699991], [-74.0815547009999, 40.606290296999916], [-74.07939423999989, 40.60908436499993], [-74.075025699, 40.616378739999966], [-74.0714060829999, 40.61943137899998], [-74.07116568799995, 40.62069878599996], [-74.07253551699989, 40.622464021999946], [-74.08000094999994, 40.61855295199999], [-74.08720982799996, 40.613306972999915], [-74.0878234189999, 40.61508793499994], [-74.08626756599996, 40.617832011], [-74.08496211799991, 40.62462523299998], [-74.08415419899998, 40.62626711499994], [-74.08298808899993, 40.62735007299993], [-74.08084371499997, 40.627379490999935], [-74.07972492199994, 40.6289506879999], [-74.08173135299991, 40.63001222599997], [-74.08140615399998, 40.63030123599999], [-74.08491321699994, 40.63363992399996], [-74.08574928999991, 40.63395555699991], [-74.08443647599991, 40.63540524799994], [-74.07878831099995, 40.63826855899996], [-74.0768399779999, 40.637750259999954]]]}}, {"id": "220", "type": "Feature", "properties": {"taxi_zone_id": 222, "zone": "Starrett City", "borough": "Brooklyn"}, "geometry": {"type": "MultiPolygon", "coordinates": [[[[-73.88221364899994, 40.65451863800001], [-73.87610398000002, 40.646214788999956], [-73.87458081099992, 40.64561010599998], [-73.87841589406925, 40.63891218935336], [-73.88048386922625, 40.64097803454756], [-73.88073623546329, 40.64156595847582], [-73.88029248068577, 40.641404915733204], [-73.88006714132425, 40.642003446626795], [-73.88139306230616, 40.64234733997918], [-73.88214832562561, 40.643743727840615], [-73.88341999203011, 40.64452381564947], [-73.88480750411141, 40.64394630368026], [-73.88557762124441, 40.644040950146184], [-73.88743444708422, 40.645936681773826], [-73.88764072166725, 40.647802390007314], [-73.88863638434091, 40.64802449261569], [-73.89006780073055, 40.6493236356405], [-73.8903473469377, 40.64903360577811], [-73.89125147199995, 40.65002559699997], [-73.89000589199989, 40.651148696999975], [-73.88221364899994, 40.65451863800001]]], [[[-73.88829183121514, 40.646718719035675], [-73.88864137620679, 40.647079553158036], [-73.88851637568528, 40.64736069152194], [-73.88820050726648, 40.647140869529075], [-73.88829183121514, 40.646718719035675]]]]}}, {"id": "221", "type": "Feature", "properties": {"taxi_zone_id": 223, "zone": "Steinway", "borough": "Queens"}, "geometry": {"type": "Polygon", "coordinates": [[[-73.90985862925774, 40.79094549378195], [-73.90032629743816, 40.78900766282573], [-73.8959296297551, 40.78564894431379], [-73.8958291437706, 40.785221527383484], [-73.89874897638398, 40.78278115576607], [-73.90114577552107, 40.78271110609057], [-73.90217815315991, 40.781780561863506], [-73.90257929672346, 40.78028912083561], [-73.90218303706564, 40.78035936715217], [-73.90203565790105, 40.78120310196292], [-73.9012912761892, 40.78185841927038], [-73.90034960780264, 40.78216441053001], [-73.89865437844033, 40.78199542032078], [-73.89437777934127, 40.784243203484266], [-73.8960637773842, 40.78315720180526], [-73.89477429053531, 40.7822535924943], [-73.89542197971672, 40.78171777101633], [-73.8953575056752, 40.781657657133415], [-73.89460091774595, 40.78225315898143], [-73.89534850467375, 40.78164926548445], [-73.895284679113, 40.78154124925486], [-73.89416469083802, 40.78247204644139], [-73.89306090692054, 40.781848289707156], [-73.89230750203646, 40.78246604157377], [-73.89274917876408, 40.78296570668487], [-73.89165459123716, 40.78219478153067], [-73.89224191097428, 40.78241079906111], [-73.89300986180193, 40.78179802356219], [-73.8916500522784, 40.78084337967565], [-73.89253636793505, 40.77955306588067], [-73.89166859702844, 40.779492539409894], [-73.8911958970439, 40.77856328788709], [-73.89251064542336, 40.777392869272745], [-73.89141605901193, 40.77633895611716], [-73.89183244902246, 40.77488019994436], [-73.89034195999996, 40.773237605], [-73.88997672719441, 40.77372361007399], [-73.88945486901865, 40.7735329510636], [-73.8887255129998, 40.76891623899998], [-73.88822109399986, 40.76859228999997], [-73.88770661799985, 40.76683859799999], [-73.89089043699997, 40.76585819799999], [-73.89183535799987, 40.76622707999999], [-73.89325108799987, 40.766271444999916], [-73.89349605899987, 40.765950929999974], [-73.91759120499997, 40.769900870999955], [-73.91811686499992, 40.770028485999944], [-73.91770217299991, 40.77039311199994], [-73.92398142900001, 40.77461511299994], [-73.92302571500001, 40.77538430999993], [-73.92375761299998, 40.77654701199993], [-73.91796581399993, 40.781256291999966], [-73.91996458796496, 40.7826350687683], [-73.91818862939184, 40.7839329661137], [-73.91717118646426, 40.78419348437145], [-73.91683277016413, 40.78519139248747], [-73.91526013936094, 40.78619221664153], [-73.91558710139756, 40.78642963116587], [-73.912599859115, 40.78937632963399], [-73.91222952426433, 40.78917927946365], [-73.90985862925774, 40.79094549378195]]]}}, {"id": "222", "type": "Feature", "properties": {"taxi_zone_id": 224, "zone": "Stuy Town/Peter Cooper Village", "borough": "Manhattan"}, "geometry": {"type": "Polygon", "coordinates": [[[-73.97849845599995, 40.73679095699993], [-73.97443700979296, 40.735316356064665], [-73.97341321730852, 40.73128241642869], [-73.97151882628022, 40.72935136174015], [-73.97162697285862, 40.72662845299847], [-73.98255629299985, 40.73135013399996], [-73.97849845599995, 40.73679095699993]]]}}, {"id": "223", "type": "Feature", "properties": {"taxi_zone_id": 225, "zone": "Stuyvesant Heights", "borough": "Brooklyn"}, "geometry": {"type": "Polygon", "coordinates": [[[-73.91804607, 40.68721324799994], [-73.9163011989999, 40.678577111999935], [-73.92183500099996, 40.67894555899996], [-73.92281374299995, 40.68341442999995], [-73.92900883999985, 40.682702904999935], [-73.92916130699992, 40.683436323999956], [-73.93500821699992, 40.682763767999894], [-73.93435066499993, 40.67956340799996], [-73.94032794, 40.679889974999924], [-73.94394947299996, 40.69822127899996], [-73.93856854799981, 40.69884813599992], [-73.93817718599986, 40.69864022299991], [-73.91804607, 40.68721324799994]]]}}, {"id": "224", "type": "Feature", "properties": {"taxi_zone_id": 226, "zone": "Sunnyside", "borough": "Queens"}, "geometry": {"type": "Polygon", "coordinates": [[[-73.9094433199999, 40.7507552309999], [-73.91015860699994, 40.748501967999964], [-73.91164202799983, 40.74868457599994], [-73.91187504099992, 40.74822079599998], [-73.9124485379999, 40.74592040199988], [-73.9112472229998, 40.74578399299993], [-73.9119412979999, 40.742382948999975], [-73.9137938869998, 40.74251449199999], [-73.91443483199988, 40.740531052999906], [-73.91567469599988, 40.74078492999996], [-73.91717737999994, 40.736897870999904], [-73.91651522799987, 40.7367573459999], [-73.91689741899991, 40.73544470799994], [-73.91759250800001, 40.73523944099987], [-73.91903825199986, 40.73200596599992], [-73.917342506, 40.73138282599998], [-73.91796696699996, 40.728500770999936], [-73.91507233799989, 40.72797081999993], [-73.91505218099998, 40.728601180999966], [-73.91205021299994, 40.72850636299999], [-73.91174734199988, 40.72991203299997], [-73.9071225309999, 40.72742472799998], [-73.91257187699983, 40.72323963499992], [-73.91384828299984, 40.72289841199996], [-73.91132095099978, 40.71962422999997], [-73.92232773978448, 40.71659264406112], [-73.92393867329348, 40.71904275678701], [-73.92424364921001, 40.72142949875858], [-73.92515207271921, 40.722335339820845], [-73.9244229875485, 40.72358997598623], [-73.92214330961276, 40.72370755701882], [-73.92073356094122, 40.723309812770445], [-73.92037064235663, 40.72368111382109], [-73.92490316165177, 40.7245065756715], [-73.9292348587616, 40.72826016576106], [-73.93453176375675, 40.72910480653501], [-73.93804478507161, 40.730509967846096], [-73.93911054574804, 40.73137980652555], [-73.94006709327033, 40.7337621529801], [-73.94162472636452, 40.7358414423382], [-73.94594215413971, 40.73750712143966], [-73.94140886345744, 40.73929957085322], [-73.93869664599998, 40.73814081699992], [-73.93726110699993, 40.74517649099992], [-73.94031559800004, 40.74440449799994], [-73.94419561599983, 40.74288214599995], [-73.94401030399996, 40.74363945399994], [-73.94342742899987, 40.744231172], [-73.93952057199998, 40.745983778999964], [-73.93663681899982, 40.748204093999924], [-73.93739653799992, 40.748916439999945], [-73.93383269399993, 40.75160470199996], [-73.9322762319998, 40.75195388600002], [-73.92562743799989, 40.752137243999925], [-73.91763192799988, 40.75385784799994], [-73.914464508, 40.75367641199997], [-73.91035492999984, 40.752749908999895], [-73.9094433199999, 40.7507552309999]]]}}, {"id": "225", "type": "Feature", "properties": {"taxi_zone_id": 227, "zone": "Sunset Park East", "borough": "Brooklyn"}, "geometry": {"type": "Polygon", "coordinates": [[[-73.98905872499985, 40.644119241000006], [-73.9955103369999, 40.63980966699996], [-73.99917564699989, 40.64202544199996], [-74.00735636699996, 40.63416362699994], [-74.00556490399993, 40.633083175999936], [-74.01000340799995, 40.63011308899994], [-74.01560204999993, 40.633516977999946], [-74.016020101, 40.63331711400001], [-74.0161423149999, 40.634360157999964], [-74.016835401, 40.635355429000015], [-74.0139608859999, 40.638153266999986], [-74.01616711499993, 40.639482440999956], [-74.00214474699995, 40.652956107000016], [-73.99779466099982, 40.65028888999997], [-73.99830602299986, 40.649740014999956], [-73.98905872499985, 40.644119241000006]]]}}, {"id": "226", "type": "Feature", "properties": {"taxi_zone_id": 228, "zone": "Sunset Park West", "borough": "Brooklyn"}, "geometry": {"type": "Polygon", "coordinates": [[[-73.9986188799999, 40.671830171999936], [-73.99490350099988, 40.66678543499995], [-73.99692689899985, 40.66437491499997], [-73.99063545399997, 40.66057908899994], [-73.988716511, 40.66240493800001], [-73.98725068899996, 40.66037895599999], [-73.990188415, 40.657600817999956], [-73.99238339499986, 40.65889901599998], [-73.99296401999982, 40.658337408999934], [-73.99516890199999, 40.65966952199998], [-74.01616711499993, 40.639482440999956], [-74.0139608859999, 40.638153266999986], [-74.016835401, 40.635355429000015], [-74.02141038399992, 40.638584902999916], [-74.02176040899997, 40.639824345999905], [-74.02108051399998, 40.64149093699998], [-74.02321780199998, 40.63990151499994], [-74.02475437599998, 40.63812141799995], [-74.02695244699993, 40.63944606500002], [-74.0262626739999, 40.64009438099989], [-74.02890829899998, 40.64117341099996], [-74.02905968899994, 40.641726672999965], [-74.03266558998958, 40.6437203448901], [-74.03231070598247, 40.64357458661776], [-74.03254173795665, 40.64382548485453], [-74.03226870865812, 40.64407437929256], [-74.03189708494334, 40.64388934936983], [-74.03051830863413, 40.64527442520901], [-74.02908090885776, 40.64440359693033], [-74.02915418994519, 40.64458144541965], [-74.02886241127031, 40.64486602372301], [-74.0290865428924, 40.644583001799695], [-74.02850116250595, 40.64417756470265], [-74.0281905304931, 40.64441433020637], [-74.02820569545008, 40.64401598289039], [-74.02604948400315, 40.646261350326164], [-74.02974078211068, 40.648486026210435], [-74.02938990486619, 40.64880405511396], [-74.02571758804807, 40.646615492290984], [-74.02516202606716, 40.647138748494164], [-74.02483957406781, 40.64694442476542], [-74.02461487103105, 40.64715112511883], [-74.02629688858224, 40.64816892652106], [-74.02488305491131, 40.64741052302426], [-74.02414566050564, 40.647615101259895], [-74.02512911955235, 40.64832318145726], [-74.02553864578033, 40.64978215934808], [-74.02484436363444, 40.6505996380571], [-74.02605133196793, 40.65099430074314], [-74.02552971543649, 40.651478550692886], [-74.02477160495674, 40.65068770743541], [-74.02424021347534, 40.65113351631337], [-74.02541604028593, 40.65193380685513], [-74.02417752973396, 40.65119177321227], [-74.02285141795984, 40.651169195161735], [-74.02536890150509, 40.65272143692738], [-74.02154138319214, 40.65067162291125], [-74.02105230392205, 40.651098282927755], [-74.0223373466683, 40.65191060538166], [-74.02089862870834, 40.6512472752183], [-74.02380703903121, 40.653044728511496], [-74.02359434497556, 40.653216368961836], [-74.02195900090592, 40.65222278197074], [-74.02118670027885, 40.65283983689538], [-74.02320464727141, 40.654096116817975], [-74.02162946295488, 40.65364516521606], [-74.02114963484483, 40.6542107552116], [-74.02182479745494, 40.65465617578548], [-74.02164486415387, 40.65487898338254], [-74.0204746182018, 40.654216589227126], [-74.01919203025426, 40.654022598494166], [-74.0186223830857, 40.653491349023], [-74.01811897876475, 40.65388527110536], [-74.02025589052923, 40.65511826288121], [-74.02005182454292, 40.655335948874466], [-74.01787407223816, 40.654061502330826], [-74.01715319581021, 40.65477510436217], [-74.01970596410222, 40.65658116375109], [-74.01726715936593, 40.65519418798657], [-74.01639437533773, 40.65562064285076], [-74.01910843803118, 40.65736888430354], [-74.01860569460999, 40.65784587402289], [-74.01585370056823, 40.65621324055539], [-74.01543632269646, 40.6566323967597], [-74.01786573109668, 40.65830844729858], [-74.0150473822185, 40.656950386693445], [-74.01442130484548, 40.6576080219514], [-74.01745803087898, 40.659450197386754], [-74.01554165388997, 40.66075835547617], [-74.01183862056543, 40.65891283727474], [-74.011107504103, 40.65970627458065], [-74.01402247678024, 40.6615297474401], [-74.0131555493881, 40.66198159772598], [-74.012653588115, 40.66198165403761], [-74.00859956968283, 40.65952092309833], [-74.00745858163884, 40.660558476209914], [-74.0103720129723, 40.662398880232544], [-74.00955074142027, 40.663267694130454], [-74.00868371591297, 40.66337201284027], [-74.00616141136321, 40.66184506899059], [-74.00568594756898, 40.662274740360495], [-74.00428358250115, 40.66144489410131], [-74.00622698247925, 40.662787827861045], [-74.00592360503022, 40.66310825073912], [-74.0038081547088, 40.66190794572826], [-74.00348801100651, 40.66224055612853], [-74.00455498488702, 40.66281637291271], [-74.00473298121766, 40.66249650399674], [-74.00535812864251, 40.66286912973174], [-74.00497157758612, 40.66306821324208], [-74.00519233775076, 40.663201553096584], [-74.00538014413911, 40.662883926452785], [-74.00599748682693, 40.66325861082864], [-74.00561348681754, 40.663458390254796], [-74.00772133506703, 40.66471863301981], [-74.00730516126835, 40.664597590752614], [-74.0071253264673, 40.66491521847427], [-74.00652469600116, 40.664547227662936], [-74.00688215307311, 40.664340372942966], [-74.00662937859565, 40.664187930124484], [-74.00644979980798, 40.66450620679909], [-74.0058415763248, 40.66413802067461], [-74.00604608518974, 40.66384000563558], [-74.00575781045477, 40.66392275680166], [-74.0056414075448, 40.664531491895886], [-74.0056502595958, 40.66390033784388], [-74.00362862508561, 40.66273484753463], [-74.00340348595626, 40.66298572659838], [-74.00528132177348, 40.6646570035241], [-74.00486193792648, 40.66506482193823], [-74.00113519509667, 40.66290172405514], [-74.00083401108444, 40.66300644269175], [-73.99953152609916, 40.66439748593694], [-74.00292463516382, 40.66646231216337], [-74.00161950021086, 40.6667662791745], [-74.00068774868765, 40.667545951898866], [-73.99998149339123, 40.66745027490873], [-73.99902600998384, 40.668442972126975], [-73.99902633264173, 40.66900788840069], [-73.9992404910503, 40.66830628656001], [-73.99907935327965, 40.66903827186171], [-73.998655806916, 40.66951479554792], [-73.9986188799999, 40.671830171999936]]]}}, {"id": "227", "type": "Feature", "properties": {"taxi_zone_id": 229, "zone": "Sutton Place/Turtle Bay North", "borough": "Manhattan"}, "geometry": {"type": "Polygon", "coordinates": [[[-73.95877790811335, 40.758270920924396], [-73.96482214210387, 40.75159632579117], [-73.967067339, 40.75262067499996], [-73.96661581800002, 40.75324342499999], [-73.9712170449999, 40.75519332399999], [-73.9665833839999, 40.761550934999946], [-73.95877790811335, 40.758270920924396]]]}}, {"id": "228", "type": "Feature", "properties": {"taxi_zone_id": 230, "zone": "Times Sq/Theatre District", "borough": "Manhattan"}, "geometry": {"type": "Polygon", "coordinates": [[[-73.97860169399989, 40.762396072], [-73.98411754799999, 40.75484205299998], [-73.98979085399995, 40.757233131999946], [-73.98428230099987, 40.764791814999974], [-73.97860169399989, 40.762396072]]]}}, {"id": "229", "type": "Feature", "properties": {"taxi_zone_id": 231, "zone": "TriBeCa/Civic Center", "borough": "Manhattan"}, "geometry": {"type": "Polygon", "coordinates": [[[-74.01102457999994, 40.725793861999975], [-73.999956209, 40.71801709499992], [-74.00272286199994, 40.71438970899998], [-74.00485768099996, 40.712452540999934], [-74.00834760999993, 40.711358545999914], [-74.01375388499997, 40.713690554999914], [-74.01244109199989, 40.71905767299994], [-74.01303068113208, 40.71913145590958], [-74.0129144874633, 40.71970829322544], [-74.01344694115667, 40.7197820207914], [-74.01338906903435, 40.72004260727325], [-74.01457231438083, 40.720274137742216], [-74.01452278990024, 40.72053205032784], [-74.01296558526825, 40.72032867558718], [-74.01308010145627, 40.72154580719529], [-74.01253875807251, 40.72150317657639], [-74.01196432024551, 40.72432986411995], [-74.01135428299995, 40.724277182999934], [-74.01102457999994, 40.725793861999975]]]}}, {"id": "230", "type": "Feature", "properties": {"taxi_zone_id": 232, "zone": "Two Bridges/Seward Park", "borough": "Manhattan"}, "geometry": {"type": "Polygon", "coordinates": [[[-73.97635525199995, 40.719132883999876], [-73.97347975524508, 40.71886142911294], [-73.97612368838796, 40.712460325398446], [-73.97782091638246, 40.710645444907065], [-73.98127684210984, 40.71021725119103], [-73.98123734462091, 40.709823343318504], [-73.98839064023261, 40.70912694916264], [-73.9887368170753, 40.709970741845154], [-73.99190824271031, 40.70953292664338], [-73.99256242199989, 40.71438807699999], [-73.99022012699989, 40.714404939999916], [-73.98915463799979, 40.716708646999955], [-73.98836626299988, 40.71644570199996], [-73.98675136699994, 40.71959284600002], [-73.985073423, 40.71908329399993], [-73.9838238729998, 40.721472871999914], [-73.97635525199995, 40.719132883999876]]]}}, {"id": "231", "type": "Feature", "properties": {"taxi_zone_id": 233, "zone": "UN/Turtle Bay South", "borough": "Manhattan"}, "geometry": {"type": "MultiPolygon", "coordinates": [[[[-73.96413382933486, 40.74681279616543], [-73.96458318426942, 40.74645440067336], [-73.96415980288437, 40.746865547359604], [-73.96413382933486, 40.74681279616543]]], [[[-73.96706733899993, 40.752620675999935], [-73.96482214210387, 40.75159632579117], [-73.97094062960416, 40.744471444025514], [-73.97112503018552, 40.74418974894766], [-73.9707031746558, 40.74399049541116], [-73.9711819357606, 40.744103232707886], [-73.97123301520192, 40.74341466396012], [-73.97167921200406, 40.74305446402991], [-73.97350835000003, 40.743782033999935], [-73.97121971999988, 40.746921541], [-73.9758346669999, 40.74886314600001], [-73.9712170449999, 40.75519332399999], [-73.96661581800002, 40.75324342499999], [-73.96706733899993, 40.752620675999935]]]]}}, {"id": "232", "type": "Feature", "properties": {"taxi_zone_id": 234, "zone": "Union Sq", "borough": "Manhattan"}, "geometry": {"type": "Polygon", "coordinates": [[[-73.98996936399989, 40.734904566999994], [-73.98990295999991, 40.73443478999994], [-73.99683993899998, 40.737360889], [-73.99051761299985, 40.74603863799992], [-73.98407485299994, 40.743324717999904], [-73.98996936399989, 40.734904566999994]]]}}, {"id": "233", "type": "Feature", "properties": {"taxi_zone_id": 235, "zone": "University Heights/Morris Heights", "borough": "Bronx"}, "geometry": {"type": "Polygon", "coordinates": [[[-73.90947862999988, 40.861808128999925], [-73.91075688299993, 40.86073995499991], [-73.91328437000003, 40.85961860099999], [-73.91056799299989, 40.85862059299998], [-73.90976165899988, 40.85718261199993], [-73.90777320599985, 40.8596075379999], [-73.90679734899983, 40.85937358899993], [-73.90486847199993, 40.858693224999946], [-73.90565953499988, 40.85739873400002], [-73.90468371399987, 40.85706030199993], [-73.910581699, 40.850181594999924], [-73.91416184199993, 40.845179187999975], [-73.92478318799984, 40.84475266399995], [-73.92808209386837, 40.845391596916755], [-73.92465379915153, 40.84978504325654], [-73.92256178923255, 40.85318891176366], [-73.92134207683873, 40.85431743565775], [-73.92151543705523, 40.85451006389131], [-73.92080070289325, 40.855380814394586], [-73.92030027213424, 40.85524637134159], [-73.92052653132843, 40.85568666840186], [-73.91956620889232, 40.85684018384381], [-73.91720664647033, 40.85892892273458], [-73.91422824049913, 40.862490790359644], [-73.91278962899986, 40.861872470999934], [-73.91075595799987, 40.86165148399994], [-73.9090395089999, 40.86267886399993], [-73.90947862999988, 40.861808128999925]]]}}, {"id": "234", "type": "Feature", "properties": {"taxi_zone_id": 236, "zone": "Upper East Side North", "borough": "Manhattan"}, "geometry": {"type": "Polygon", "coordinates": [[[-73.94933170599992, 40.78519312699997], [-73.95825534899998, 40.77296533699996], [-73.96468735799994, 40.77567708199999], [-73.9557773589999, 40.78791392399999], [-73.94933170599992, 40.78519312699997]]]}}, {"id": "235", "type": "Feature", "properties": {"taxi_zone_id": 237, "zone": "Upper East Side South", "borough": "Manhattan"}, "geometry": {"type": "Polygon", "coordinates": [[[-73.95825534899998, 40.77296533699996], [-73.9665833839999, 40.761550934999946], [-73.97301487199995, 40.764278878999946], [-73.96468735799994, 40.77567708199999], [-73.95825534899998, 40.77296533699996]]]}}, {"id": "236", "type": "Feature", "properties": {"taxi_zone_id": 238, "zone": "Upper West Side North", "borough": "Manhattan"}, "geometry": {"type": "Polygon", "coordinates": [[[-73.96417598599989, 40.7923620449999], [-73.96933573299991, 40.78529327999997], [-73.98188645923244, 40.790516580467546], [-73.97639951965265, 40.7982732108463], [-73.96941543899999, 40.795360779000006], [-73.96987063299996, 40.79473520499993], [-73.96417598599989, 40.7923620449999]]]}}, {"id": "237", "type": "Feature", "properties": {"taxi_zone_id": 239, "zone": "Upper West Side South", "borough": "Manhattan"}, "geometry": {"type": "Polygon", "coordinates": [[[-73.98188645923244, 40.790516580467546], [-73.96933573299991, 40.78529327999997], [-73.97499744000005, 40.77753254599994], [-73.98507184299989, 40.78177968099999], [-73.98567936099997, 40.78031263299998], [-73.9881274613434, 40.781401796723685], [-73.98546581197031, 40.7853607005755], [-73.98617270496534, 40.78606845225868], [-73.98711901394245, 40.78521031900415], [-73.9861284224858, 40.78623900133114], [-73.98542932126932, 40.785413942184626], [-73.9850811377319, 40.785921935110494], [-73.98576566029756, 40.78619627485875], [-73.98501696406503, 40.78601423719577], [-73.98465507883023, 40.78653474180796], [-73.98594956155647, 40.78648711396657], [-73.98461942858404, 40.78658601634984], [-73.98188645923244, 40.790516580467546]]]}}, {"id": "238", "type": "Feature", "properties": {"taxi_zone_id": 240, "zone": "Van Cortlandt Park", "borough": "Bronx"}, "geometry": {"type": "Polygon", "coordinates": [[[-73.87643743099994, 40.896870592999996], [-73.8771197409999, 40.89546866400002], [-73.87048672599987, 40.896640210999934], [-73.86491632499997, 40.89574949499997], [-73.86135927899984, 40.89466231899996], [-73.86620661499991, 40.88537861399998], [-73.86605231299984, 40.88428704399998], [-73.8688461339999, 40.87858635699992], [-73.86943471300005, 40.87812919899998], [-73.87094367500002, 40.878510767000016], [-73.87024100099985, 40.880229352999976], [-73.87084076999994, 40.88043889399997], [-73.87494589799991, 40.87994766899992], [-73.87467601499999, 40.88156285199999], [-73.87812594399992, 40.88215382599995], [-73.87760676499984, 40.88452304399993], [-73.87803562399996, 40.887118321999914], [-73.88124422499992, 40.88270963299995], [-73.88274833399998, 40.88339738699999], [-73.88421696399995, 40.88319772799994], [-73.88683486599984, 40.88434202599996], [-73.88758612599987, 40.88425561899993], [-73.89972588499982, 40.88651488699997], [-73.89643170799985, 40.89365527899993], [-73.89715717199994, 40.89937182699992], [-73.89635785999997, 40.903200131999945], [-73.89663333831648, 40.91141737492317], [-73.86789043706806, 40.90298695407618], [-73.87010369599989, 40.90074194699994], [-73.87482041599985, 40.89844543799996], [-73.87643743099994, 40.896870592999996]]]}}, {"id": "239", "type": "Feature", "properties": {"taxi_zone_id": 241, "zone": "Van Cortlandt Village", "borough": "Bronx"}, "geometry": {"type": "Polygon", "coordinates": [[[-73.89661546599986, 40.885955255999974], [-73.88705142599984, 40.88434957599995], [-73.88716505199984, 40.88257651099991], [-73.88595071699983, 40.88050741199995], [-73.88567517999986, 40.878872510999905], [-73.88773577599993, 40.877033881999914], [-73.88937163799983, 40.87338229799995], [-73.88785196299986, 40.872114175999926], [-73.89157400099988, 40.86968425299999], [-73.89438130299993, 40.866068851000016], [-73.8974032329998, 40.86747418999995], [-73.89656060499982, 40.8685652], [-73.89891854299988, 40.86965857399995], [-73.89960300399986, 40.86872820799994], [-73.89942436199988, 40.86788083799996], [-73.90235804799984, 40.86869612099994], [-73.90442003199995, 40.870361275999926], [-73.90452070499992, 40.87249521099993], [-73.90608130599988, 40.87323962899993], [-73.90369454799992, 40.878501617999945], [-73.89855059899999, 40.884374727000015], [-73.89661546599986, 40.885955255999974]]]}}, {"id": "240", "type": "Feature", "properties": {"taxi_zone_id": 242, "zone": "Van Nest/Morris Park", "borough": "Bronx"}, "geometry": {"type": "Polygon", "coordinates": [[[-73.83555900199993, 40.85196401299998], [-73.83619907199994, 40.845827396000026], [-73.83771374799997, 40.84040630999992], [-73.83936452799995, 40.84087706700001], [-73.84204144699997, 40.84064589699998], [-73.84458129199986, 40.83853550799994], [-73.85052278099987, 40.842789488999905], [-73.86347232399994, 40.84130593299992], [-73.86920766899995, 40.83960004599996], [-73.87359713599987, 40.83979855499998], [-73.87099518100001, 40.84311139199996], [-73.86804200399997, 40.84481383899994], [-73.86863721699987, 40.845309842999974], [-73.868926528, 40.84688174099994], [-73.86835465999991, 40.84708023299992], [-73.86785992999984, 40.84886493099995], [-73.86920944599994, 40.84923837299997], [-73.86823466099995, 40.850913736999885], [-73.86860515599989, 40.852068645999935], [-73.86518787199995, 40.85016438599997], [-73.86303938099996, 40.85061130699999], [-73.86250923799993, 40.8483622809999], [-73.86069456599994, 40.848753393999964], [-73.85457388299992, 40.851508345999996], [-73.85304526899994, 40.849547331999894], [-73.84968869799998, 40.85105890699993], [-73.8443084699999, 40.85119046399992], [-73.8449695409999, 40.85009703099995], [-73.84494053799982, 40.84821822099997], [-73.8404976739999, 40.854184104999945], [-73.83818561199983, 40.855564009999966], [-73.83499552599993, 40.85657120099992], [-73.83667557299988, 40.85665266299993], [-73.83681918499988, 40.85727680899992], [-73.829874887, 40.859740419999945], [-73.82847346699994, 40.860731352999956], [-73.83111449199998, 40.85752432999993], [-73.83283502299986, 40.85603584499994], [-73.83129157699987, 40.85543410499996], [-73.83350017799994, 40.85467968400001], [-73.83463970199992, 40.85381799399994], [-73.83555900199993, 40.85196401299998]]]}}, {"id": "241", "type": "Feature", "properties": {"taxi_zone_id": 243, "zone": "Washington Heights North", "borough": "Manhattan"}, "geometry": {"type": "Polygon", "coordinates": [[[-73.93156536999994, 40.869582157999936], [-73.93141437399996, 40.868961927999955], [-73.92726915099985, 40.86553456], [-73.92474153399992, 40.861593637999945], [-73.9252866269999, 40.86012579700001], [-73.92709951599984, 40.85827552099997], [-73.92691117499983, 40.85750876099997], [-73.9261752689999, 40.85815409599997], [-73.92518924999993, 40.85802753699998], [-73.92467094699998, 40.85681088899996], [-73.92769565799996, 40.85248778199991], [-73.92703315699981, 40.852200774999936], [-73.92747680599985, 40.850694369999964], [-73.92970731599995, 40.84812261199992], [-73.9306210789998, 40.84848097699996], [-73.93139355399987, 40.847428230999896], [-73.93639683100004, 40.84954119499991], [-73.93575394299994, 40.850168202999924], [-73.93957073799986, 40.85127555599998], [-73.94126220299982, 40.85139196199994], [-73.94203871799984, 40.85193102899995], [-73.94290346199983, 40.850997163999935], [-73.94317806099997, 40.84979994299995], [-73.94692626452421, 40.850528055834204], [-73.94347978545616, 40.85228188294712], [-73.94186996426673, 40.853867739442784], [-73.94029347497097, 40.8566417706576], [-73.93401664426698, 40.865035548291594], [-73.93283958205068, 40.8674152769114], [-73.93251910022944, 40.86741057820758], [-73.93235370807281, 40.86975525529659], [-73.9321333660305, 40.869415975441065], [-73.9321985510756, 40.86984487087173], [-73.93156536999994, 40.869582157999936]]]}}, {"id": "242", "type": "Feature", "properties": {"taxi_zone_id": 244, "zone": "Washington Heights South", "borough": "Manhattan"}, "geometry": {"type": "Polygon", "coordinates": [[[-73.94068822000003, 40.8513154329999], [-73.93957073799986, 40.85127555599998], [-73.93575394299994, 40.850168202999924], [-73.93639683100004, 40.84954119499991], [-73.93139355399987, 40.847428230999896], [-73.93556697199989, 40.841712527999995], [-73.93505508799984, 40.839333235999945], [-73.93638316899992, 40.83785012499991], [-73.93804235799993, 40.83428854499995], [-73.94024600800003, 40.83184212099993], [-73.94034643299983, 40.83045784199994], [-73.94941570599993, 40.834358589999965], [-73.95015521048293, 40.83439675940795], [-73.94856054520493, 40.839564885664274], [-73.94612416421772, 40.84389249655716], [-73.9463507804993, 40.846240331289295], [-73.94682445342639, 40.84713426206983], [-73.9469644175959, 40.850465525818215], [-73.94317806099984, 40.84979994399994], [-73.94290346199983, 40.850997163999935], [-73.94203871799984, 40.85193102899995], [-73.94068822000003, 40.8513154329999]]]}}, {"id": "243", "type": "Feature", "properties": {"taxi_zone_id": 245, "zone": "West Brighton", "borough": "Staten Island"}, "geometry": {"type": "Polygon", "coordinates": [[[-74.09787969199995, 40.64035805499993], [-74.09767290799995, 40.638960678999915], [-74.09409312599998, 40.63926691400002], [-74.09338942299995, 40.63659955499994], [-74.09242513499993, 40.63558181299995], [-74.0897037829999, 40.63568250099997], [-74.08870582299987, 40.63684520599991], [-74.0869059279999, 40.63585724299992], [-74.08587882899995, 40.63669158999997], [-74.08373397299995, 40.63573714399995], [-74.08443647599991, 40.63540524799994], [-74.08934045699996, 40.629923284999975], [-74.09223971399994, 40.62574291599991], [-74.10004426999996, 40.61935795499995], [-74.10254940599991, 40.616853684999924], [-74.10350925299994, 40.61641607499996], [-74.10608939599997, 40.618984194999975], [-74.11094392899994, 40.62119448899991], [-74.11326249599989, 40.62305442499998], [-74.11614321199995, 40.62870226399992], [-74.11765722499997, 40.63806246600001], [-74.11519147399999, 40.63834768099992], [-74.11499559699989, 40.637292225999964], [-74.10974833299994, 40.63786583299998], [-74.10702926799993, 40.63870678799992], [-74.09787969199995, 40.64035805499993]]]}}, {"id": "244", "type": "Feature", "properties": {"taxi_zone_id": 246, "zone": "West Chelsea/Hudson Yards", "borough": "Manhattan"}, "geometry": {"type": "Polygon", "coordinates": [[[-74.00439976203513, 40.762671359098924], [-74.00220082073264, 40.76172843222645], [-74.00153309083484, 40.76264459806379], [-74.00127796299991, 40.762075824999904], [-73.99547450199992, 40.759626856999944], [-74.00820401899988, 40.7421475179999], [-74.00916608208486, 40.74241659123166], [-74.0090915684619, 40.742886149575014], [-74.00962015348914, 40.74295124889239], [-74.00958464345709, 40.74326352048313], [-74.01213726936172, 40.74353192705931], [-74.01202085006403, 40.743939770208954], [-74.00951201767357, 40.74367609376031], [-74.00943800870866, 40.74397125597573], [-74.00890032962846, 40.74391792709615], [-74.0087278005888, 40.74485823291001], [-74.00991660813445, 40.74532725500705], [-74.00987211085476, 40.744916502125875], [-74.01016790535392, 40.7449423297097], [-74.0099739502191, 40.7453231351093], [-74.01046920011856, 40.745386766028965], [-74.01041937209395, 40.74497682467362], [-74.01076419780681, 40.74500503202087], [-74.010531065377, 40.74538205038945], [-74.01110359804878, 40.74544767024402], [-74.0110445915082, 40.74504621240208], [-74.01138769974187, 40.74507311268271], [-74.01115419176905, 40.7454463780839], [-74.01173958552815, 40.745519918190226], [-74.01183642872408, 40.74512596367877], [-74.01167885505592, 40.74597946181597], [-74.00946389855962, 40.74575014365952], [-74.00936550495776, 40.74633720086214], [-74.0115282185556, 40.74657522476397], [-74.01150411235528, 40.7469908025052], [-74.00924314592588, 40.74676279075383], [-74.0091373625992, 40.74735976280303], [-74.0113567533772, 40.747592418346805], [-74.01133174441699, 40.74800057534194], [-74.00905847901352, 40.747785645332904], [-74.00894606502311, 40.748411893168715], [-74.01121562130405, 40.748696821175876], [-74.01110891182985, 40.74904987642217], [-74.00994817938025, 40.74893198800581], [-74.00956004978684, 40.74993504179157], [-74.01080815800898, 40.75031931136802], [-74.00925340917918, 40.74998520622454], [-74.00853256925014, 40.75188360930437], [-74.00934089245268, 40.75235560954561], [-74.00842636447226, 40.75215785023925], [-74.0099905581974, 40.752816187149115], [-74.00997058797012, 40.75293356415319], [-74.00835352838843, 40.752350739342305], [-74.00774478605632, 40.754336542719436], [-74.00480392560178, 40.75780984316469], [-74.00527894797887, 40.75802855492825], [-74.00503105136634, 40.75835701647312], [-74.00700358904015, 40.75923187034111], [-74.00647588371949, 40.75989360126808], [-74.00450483093914, 40.75908499655269], [-74.0042062912538, 40.759501707688464], [-74.00390742032765, 40.7593756921836], [-74.0043188942507, 40.75991068576347], [-74.0036689145353, 40.75970596957668], [-74.00392854933564, 40.76000301972046], [-74.00233528130057, 40.76154372700163], [-74.00454520983433, 40.76249280194481], [-74.00439976203513, 40.762671359098924]]]}}, {"id": "245", "type": "Feature", "properties": {"taxi_zone_id": 247, "zone": "West Concourse", "borough": "Bronx"}, "geometry": {"type": "Polygon", "coordinates": [[[-73.91193751499992, 40.84320238799996], [-73.91383125899985, 40.8386390449999], [-73.91986089399985, 40.83194722699995], [-73.92499654899987, 40.82220270099996], [-73.92634345699997, 40.82057855199992], [-73.92885642099992, 40.81487986599995], [-73.93027812699984, 40.813248025000014], [-73.93242632000944, 40.814117518979664], [-73.93246603518885, 40.82157743497582], [-73.93307251084069, 40.82815615201814], [-73.93033933099994, 40.828495555], [-73.92850073899987, 40.82935235000001], [-73.92537540099983, 40.832628095999986], [-73.92399049499991, 40.83505229799994], [-73.91901668400006, 40.83838109299991], [-73.91618344399991, 40.84233489999996], [-73.91794965199988, 40.842229571], [-73.91729224999992, 40.84510993999994], [-73.91193751499992, 40.84320238799996]]]}}, {"id": "246", "type": "Feature", "properties": {"taxi_zone_id": 248, "zone": "West Farms/Bronx River", "borough": "Bronx"}, "geometry": {"type": "Polygon", "coordinates": [[[-73.8639374809998, 40.84004456599999], [-73.86271114399993, 40.83299150900002], [-73.87729930499995, 40.828742773999934], [-73.88378414099992, 40.82827429199998], [-73.8835201879999, 40.82926018099998], [-73.88390094800003, 40.829802815999926], [-73.88005188499987, 40.834702058999945], [-73.87925239499992, 40.83442478999996], [-73.87756524599996, 40.835818751999945], [-73.87482228199985, 40.836859479999895], [-73.874908511, 40.837359610000036], [-73.87379590199993, 40.83744513299994], [-73.87277204699981, 40.839751282], [-73.86920766899992, 40.83960004699993], [-73.86448011799995, 40.84108779699997], [-73.8639374809998, 40.84004456599999]]]}}, {"id": "247", "type": "Feature", "properties": {"taxi_zone_id": 249, "zone": "West Village", "borough": "Manhattan"}, "geometry": {"type": "Polygon", "coordinates": [[[-73.99683993899998, 40.737360889], [-74.00281726599992, 40.72836312899997], [-74.00709020799991, 40.72877225299998], [-74.00515808199998, 40.74085808099994], [-73.99683993899998, 40.737360889]]]}}, {"id": "248", "type": "Feature", "properties": {"taxi_zone_id": 250, "zone": "Westchester Village/Unionport", "borough": "Bronx"}, "geometry": {"type": "Polygon", "coordinates": [[[-73.85052278099987, 40.842789488999905], [-73.84458129199986, 40.83853550799994], [-73.84204144699997, 40.84064589699998], [-73.83936452799995, 40.84087706700001], [-73.83972014457761, 40.83956540599307], [-73.84030282537192, 40.839524313944985], [-73.83959108476135, 40.834041688045296], [-73.84018151749495, 40.833043425236944], [-73.84275884293768, 40.83081848414286], [-73.84309950959586, 40.829960011795166], [-73.84289527503903, 40.82856917656088], [-73.84390624999996, 40.82840782999999], [-73.84289858800003, 40.82408305899991], [-73.85513639799981, 40.82243618899989], [-73.85739121299999, 40.8322973719999], [-73.86033845899995, 40.83325316599999], [-73.85168459699997, 40.83420105199993], [-73.85333524999986, 40.84247015499991], [-73.85052278099987, 40.842789488999905]]]}}, {"id": "249", "type": "Feature", "properties": {"taxi_zone_id": 251, "zone": "Westerleigh", "borough": "Staten Island"}, "geometry": {"type": "Polygon", "coordinates": [[[-74.13107460299995, 40.631147729], [-74.13047428999985, 40.630885508999924], [-74.13014141499997, 40.62996520899998], [-74.1313098529999, 40.626328343000004], [-74.12216225499999, 40.62747689199993], [-74.12125677899994, 40.627822749999936], [-74.11790654899988, 40.62487746099993], [-74.11326249599989, 40.62305442499998], [-74.11094392899994, 40.62119448899991], [-74.10552598799995, 40.61859232999996], [-74.10209434299992, 40.614600490999976], [-74.09987733699994, 40.61291865299991], [-74.0977696879999, 40.61062359299994], [-74.10890146199993, 40.61025158499999], [-74.11359920399994, 40.61114391299995], [-74.1156683379999, 40.611175384999946], [-74.12452618799996, 40.60902231899996], [-74.13210459699991, 40.608152923999974], [-74.13215051199998, 40.60855196399998], [-74.14471100599997, 40.60803429700001], [-74.14719646699989, 40.60856292999994], [-74.14954343599996, 40.609627172999915], [-74.14696864199988, 40.61015135599995], [-74.14603562099998, 40.617012777], [-74.13982184799994, 40.616299824999906], [-74.13836666899986, 40.62173711699994], [-74.13826358199992, 40.62424376999999], [-74.137227136, 40.62429519699991], [-74.13581008299997, 40.62506433999993], [-74.13805849499992, 40.6270685179999], [-74.13806393799992, 40.62756847099997], [-74.13674237799992, 40.628662536999904], [-74.13586108399996, 40.62806152799994], [-74.13408698299992, 40.62954168099988], [-74.13343731299992, 40.629074345999946], [-74.13107460299995, 40.631147729]]]}}, {"id": "250", "type": "Feature", "properties": {"taxi_zone_id": 252, "zone": "Whitestone", "borough": "Queens"}, "geometry": {"type": "Polygon", "coordinates": [[[-73.82049919995305, 40.80101146781911], [-73.82040454927233, 40.80063950029249], [-73.81981538958014, 40.8009919998477], [-73.81740429876693, 40.799299019785046], [-73.81367907633198, 40.797545787910956], [-73.81369963725258, 40.79707941566514], [-73.81342050415856, 40.79769302041071], [-73.8134935036856, 40.79705838037777], [-73.81305279469926, 40.79745501885085], [-73.81288386452479, 40.797166565227045], [-73.8122418447208, 40.798125827927855], [-73.81177838321305, 40.798025053453365], [-73.81160938202306, 40.797372409443525], [-73.8063633145256, 40.79639360543774], [-73.80623135012368, 40.79681747758281], [-73.80633076714673, 40.796392740435984], [-73.80529962989374, 40.796156683585764], [-73.8046717376879, 40.796167469164125], [-73.8046343775328, 40.7964380889563], [-73.804348259354, 40.79621409099281], [-73.80427353614904, 40.79664126132843], [-73.80431138699923, 40.79621287616006], [-73.80334996362961, 40.79671302643], [-73.80226038840061, 40.796262209355426], [-73.80101126230589, 40.79652237458965], [-73.80025662935842, 40.796260149266644], [-73.80008350203387, 40.79662756747466], [-73.80018235388113, 40.79626691369686], [-73.79960548292512, 40.79633222060571], [-73.79789832686916, 40.79555922192186], [-73.79766994008877, 40.7959938223818], [-73.79758295471346, 40.79596720215483], [-73.79787014914405, 40.79555201314654], [-73.79673567660085, 40.79520894342072], [-73.7964343873751, 40.795736430359156], [-73.79670587562217, 40.79519762595182], [-73.79443085877568, 40.794812543344094], [-73.79497523156434, 40.791876181418914], [-73.79375837416896, 40.78907330211843], [-73.79338628565984, 40.78958123095264], [-73.79362007276016, 40.78899663774986], [-73.79286156729569, 40.7887896477192], [-73.79179280401884, 40.789351616549304], [-73.79058298999988, 40.78819290999995], [-73.79582463099997, 40.78613058799994], [-73.7978420549998, 40.78589425899993], [-73.80242791599977, 40.78606827399998], [-73.80379022899989, 40.77561011199996], [-73.81485850699984, 40.776485922999896], [-73.81452997799975, 40.778888174999956], [-73.82331286899986, 40.77957865999991], [-73.82224127699999, 40.78169387899998], [-73.83869921299996, 40.78167695699993], [-73.83824429099994, 40.787785916000004], [-73.84008157499997, 40.78785153099999], [-73.83992306199994, 40.79064990199995], [-73.83900524099994, 40.79061732199999], [-73.83895676099984, 40.791438430999996], [-73.84081532599994, 40.79150488499996], [-73.84067828300006, 40.793907891999964], [-73.83922303099996, 40.79304304599996], [-73.83663288911686, 40.79251637576932], [-73.83653187324715, 40.791743432405674], [-73.83764705075262, 40.791028611947624], [-73.83750358883579, 40.790461660725455], [-73.83681814957055, 40.79046990635982], [-73.83748191403237, 40.79043449792186], [-73.83728024446076, 40.78900952077268], [-73.83713432989512, 40.78956403301432], [-73.83568022069021, 40.78957491756835], [-73.83533150242093, 40.78921274271695], [-73.83413566521263, 40.78906613655139], [-73.83379548109895, 40.7885171690437], [-73.83251063648018, 40.788624476626815], [-73.83143628889387, 40.789181356548625], [-73.8321487200091, 40.7900332448532], [-73.83166080927866, 40.791102591159735], [-73.82836657648583, 40.79239541955738], [-73.82922857533939, 40.79301934041091], [-73.82829155299557, 40.79251424596063], [-73.8278487557192, 40.7930876732142], [-73.82801372355921, 40.79493240877008], [-73.8294599153436, 40.796823367591465], [-73.82905864191761, 40.796562114134275], [-73.82741768831188, 40.796789018829045], [-73.82697091510649, 40.797128277689616], [-73.82717365601191, 40.79762220131636], [-73.82673856166687, 40.79779624545301], [-73.82614856928551, 40.79741598500312], [-73.82506496699443, 40.79737577656833], [-73.82402784484827, 40.79836118320878], [-73.82385948384697, 40.79815413510469], [-73.82343323450802, 40.79840651440787], [-73.82367983693867, 40.79876994649953], [-73.82340872309875, 40.79841781429599], [-73.82330552497581, 40.798962866120554], [-73.8230026297057, 40.79864228972399], [-73.82259935617279, 40.798901842475736], [-73.8227772788283, 40.79932022137905], [-73.82251916455868, 40.79898773568928], [-73.82262174556764, 40.799407808072196], [-73.82238754736628, 40.79911289157362], [-73.82043245966628, 40.800627864421074], [-73.82049919995305, 40.80101146781911]]]}}, {"id": "251", "type": "Feature", "properties": {"taxi_zone_id": 253, "zone": "Willets Point", "borough": "Queens"}, "geometry": {"type": "Polygon", "coordinates": [[[-73.83908354399989, 40.765256912999945], [-73.83790429599993, 40.76458779699992], [-73.83691694399995, 40.76276667999995], [-73.83679107299986, 40.76116667099997], [-73.83867321899987, 40.757019978999985], [-73.84324381399976, 40.75533680399998], [-73.84606731299985, 40.76090886399989], [-73.84670933714986, 40.76134526931981], [-73.8435936131629, 40.76337054278842], [-73.84368787664133, 40.76361272608369], [-73.84306961269657, 40.76359256915378], [-73.84272819396486, 40.764628548931704], [-73.84052635479259, 40.7653879902027], [-73.83908354399989, 40.765256912999945]]]}}, {"id": "252", "type": "Feature", "properties": {"taxi_zone_id": 254, "zone": "Williamsbridge/Olinville", "borough": "Bronx"}, "geometry": {"type": "Polygon", "coordinates": [[[-73.85248305800003, 40.87946370499992], [-73.85091896099982, 40.877893440999905], [-73.85254854099988, 40.87709158699997], [-73.85172236099986, 40.87684337099998], [-73.85068955699988, 40.87548667799999], [-73.85363638799987, 40.87330059900001], [-73.85651292399993, 40.87421779300001], [-73.85661382499993, 40.87125016699994], [-73.87056192499988, 40.871510778], [-73.87019944899986, 40.87631135499992], [-73.86605231299984, 40.88428704399998], [-73.86620661499991, 40.88537861399998], [-73.860710982, 40.895370543999995], [-73.85695619399986, 40.89416793799998], [-73.85736281700004, 40.89341143899993], [-73.84590568599998, 40.88974136899993], [-73.85248305800003, 40.87946370499992]]]}}, {"id": "253", "type": "Feature", "properties": {"taxi_zone_id": 255, "zone": "Williamsburg (North Side)", "borough": "Brooklyn"}, "geometry": {"type": "Polygon", "coordinates": [[[-73.96211461583417, 40.72514806319951], [-73.95771989199994, 40.724284956999924], [-73.95477662900004, 40.722459504999975], [-73.95164632299998, 40.723485856999964], [-73.95064594299997, 40.72170569299997], [-73.94907816799986, 40.722540286999966], [-73.94841638599995, 40.718455533000004], [-73.94721341799986, 40.71856098599992], [-73.95114433699997, 40.716034520999955], [-73.95348472199983, 40.71407020799991], [-73.95433904200002, 40.71407170199993], [-73.95547596099992, 40.71226542599995], [-73.96447229899992, 40.71573310599997], [-73.96736391666703, 40.71648367952751], [-73.96659690332692, 40.71796798088769], [-73.96729652521331, 40.7183118141736], [-73.96652792581678, 40.71803252419765], [-73.9658789353266, 40.718755077686396], [-73.96662993360903, 40.719132427860956], [-73.96654344630538, 40.719222942469486], [-73.96585847175166, 40.71877322834646], [-73.96552577399207, 40.718900892712604], [-73.96515385976045, 40.719269683047486], [-73.9655469308472, 40.719659198690884], [-73.9653743106172, 40.720093633066966], [-73.96513713562288, 40.72034359475422], [-73.96435606131355, 40.720163003598735], [-73.96468283641283, 40.72047045735996], [-73.9640876914787, 40.72075552952232], [-73.96504914549352, 40.72135734425185], [-73.96399793724473, 40.72093843807281], [-73.96298124491233, 40.72203167639528], [-73.96165984300669, 40.72486045423156], [-73.96211461583417, 40.72514806319951]]]}}, {"id": "254", "type": "Feature", "properties": {"taxi_zone_id": 256, "zone": "Williamsburg (South Side)", "borough": "Brooklyn"}, "geometry": {"type": "Polygon", "coordinates": [[[-73.96447229899992, 40.71573310599997], [-73.95547596099992, 40.71226542599995], [-73.95433904200002, 40.71407170199993], [-73.94937231899985, 40.714066877999905], [-73.94865533499987, 40.70972498299993], [-73.95087492699996, 40.70951311499994], [-73.95023693799996, 40.705473246999965], [-73.95191055699979, 40.70636007899994], [-73.95790430799988, 40.708427172999976], [-73.958455768, 40.70725184699994], [-73.963278738, 40.70772929899999], [-73.96838933699995, 40.70682918699994], [-73.96929296374243, 40.7070933310478], [-73.96984864823531, 40.708003041687704], [-73.9695567958969, 40.71029607131984], [-73.9700095322252, 40.71045393762766], [-73.96934894946878, 40.71096061478669], [-73.96976280357137, 40.71117261775998], [-73.96925812194722, 40.71116242174909], [-73.96942598248582, 40.71147272512738], [-73.96846973347022, 40.71282470934618], [-73.9688422905027, 40.71322392502165], [-73.96736391666705, 40.71648367902756], [-73.96447229899992, 40.71573310599997]]]}}, {"id": "255", "type": "Feature", "properties": {"taxi_zone_id": 257, "zone": "Windsor Terrace", "borough": "Brooklyn"}, "geometry": {"type": "Polygon", "coordinates": [[[-73.97984261899994, 40.660727441], [-73.97957870099991, 40.66085324199995], [-73.97515738099997, 40.65872279399994], [-73.97411953499982, 40.65769375199993], [-73.97232846299997, 40.6513979289999], [-73.97267303599992, 40.65096372799995], [-73.9721097859998, 40.65066414299993], [-73.97084113699994, 40.646378570999985], [-73.974642245, 40.64481321899996], [-73.97482741699987, 40.64566342099997], [-73.97777380600002, 40.645341877000014], [-73.97819074399992, 40.64752599199996], [-73.98029115499995, 40.64729716099993], [-73.98179568699996, 40.65524609699995], [-73.98843135299977, 40.65925121200001], [-73.9868846449999, 40.660366388999925], [-73.98508679399998, 40.65901328799994], [-73.982230342, 40.66214149199999], [-73.97984261899994, 40.660727441]]]}}, {"id": "256", "type": "Feature", "properties": {"taxi_zone_id": 258, "zone": "Woodhaven", "borough": "Queens"}, "geometry": {"type": "Polygon", "coordinates": [[[-73.8450419489999, 40.689318946999975], [-73.84419150899994, 40.68947440799996], [-73.8411960569998, 40.68335136599993], [-73.84786817599985, 40.681486831999955], [-73.8519786459999, 40.6825642109999], [-73.85099089299987, 40.68056836699993], [-73.85392389199987, 40.67968615599993], [-73.85819836099995, 40.679430848999914], [-73.85878576899987, 40.68063046299994], [-73.86334943599995, 40.67935163999996], [-73.86410096700003, 40.68237284999993], [-73.86602666899996, 40.68191805199995], [-73.86868454399996, 40.69403469199996], [-73.86842489800001, 40.694718119999976], [-73.85277238699999, 40.69755711199994], [-73.8527113089999, 40.698414962000015], [-73.85443455699989, 40.700602952], [-73.85070842300001, 40.700203124999916], [-73.84913837299976, 40.69828274100001], [-73.84947763499991, 40.698195806999905], [-73.8450419489999, 40.689318946999975]]]}}, {"id": "257", "type": "Feature", "properties": {"taxi_zone_id": 259, "zone": "Woodlawn/Wakefield", "borough": "Bronx"}, "geometry": {"type": "Polygon", "coordinates": [[[-73.85107116191898, 40.910371520111], [-73.85347522366716, 40.907530293514284], [-73.85092059381415, 40.90661649424488], [-73.85017317542919, 40.907507865825316], [-73.84481886992495, 40.90552994983737], [-73.84489264904629, 40.9041908668981], [-73.84138689269206, 40.904172741766544], [-73.84067966362085, 40.901517031231464], [-73.83919486690272, 40.89935069221553], [-73.83964812806491, 40.89733053517028], [-73.83839199161751, 40.89406700802404], [-73.83737956161107, 40.8939247413044], [-73.83554853999995, 40.88913350399994], [-73.84704957999995, 40.88767181599993], [-73.84590568599998, 40.88974136899993], [-73.85736281700004, 40.89341143899993], [-73.85695619399986, 40.89416793799998], [-73.860710982, 40.895370543999995], [-73.86135927899984, 40.89466231899996], [-73.86491632499997, 40.89574949499997], [-73.87048672599987, 40.896640210999934], [-73.8771197409999, 40.89546866400002], [-73.87643743099987, 40.89687059399997], [-73.87482041599985, 40.89844543799996], [-73.87010369599989, 40.90074194699994], [-73.86789043706806, 40.90298695407618], [-73.85946778750369, 40.90051720913342], [-73.8590769232051, 40.90100799305039], [-73.85937696512505, 40.90156521808218], [-73.8590270417611, 40.901444909876766], [-73.8588640130816, 40.90171169502487], [-73.85946389979054, 40.901933877816866], [-73.85957882974114, 40.902440842885746], [-73.85926432520931, 40.90266947944827], [-73.85816000002418, 40.90230571010131], [-73.85711090489973, 40.903649532848], [-73.85699157373413, 40.90458420903164], [-73.85743457609159, 40.90484154309897], [-73.85717766087977, 40.90528654183073], [-73.85665436861377, 40.90505500013995], [-73.8560102334462, 40.905305983813534], [-73.85681013619276, 40.906155828163016], [-73.85580463797965, 40.906264364063276], [-73.85513792091523, 40.906866889070564], [-73.85423776693442, 40.907032868127146], [-73.85374103615364, 40.907787916367795], [-73.8547107831982, 40.90800630947148], [-73.85458940544117, 40.90893949914913], [-73.85295618460705, 40.91035304408962], [-73.85227451608235, 40.909854099321564], [-73.85144753984513, 40.91044967110142], [-73.85107116191898, 40.910371520111]]]}}, {"id": "258", "type": "Feature", "properties": {"taxi_zone_id": 260, "zone": "Woodside", "borough": "Queens"}, "geometry": {"type": "Polygon", "coordinates": [[[-73.90356915599997, 40.76578178899999], [-73.90147053099994, 40.75963304999994], [-73.89866137799999, 40.759921016999954], [-73.89967747499992, 40.75829686399997], [-73.89976862099998, 40.75666423699996], [-73.89770744899982, 40.752734858999936], [-73.8970765, 40.75011887599996], [-73.89480782, 40.74606246500001], [-73.8949120899999, 40.744281231], [-73.90057825399985, 40.739492895999895], [-73.90672950499994, 40.73691348499995], [-73.90926002999988, 40.73640317999988], [-73.91068876399997, 40.73347108099999], [-73.90628903499987, 40.732400751999926], [-73.90516948899983, 40.7358596429999], [-73.90107970900003, 40.733914633999895], [-73.90518057899999, 40.72895657699999], [-73.9071225309999, 40.72742472799998], [-73.91174734199988, 40.72991203299997], [-73.91205021299994, 40.72850636299999], [-73.91505218099985, 40.72860117999995], [-73.91507233799989, 40.72797081999993], [-73.91796696699996, 40.728500770999936], [-73.917342506, 40.73138282599998], [-73.91903825199986, 40.73200596599992], [-73.91759250800001, 40.73523944099987], [-73.91689741899991, 40.73544470799994], [-73.91651522799987, 40.7367573459999], [-73.91717737999979, 40.736897869999986], [-73.91651190599995, 40.73894475799992], [-73.91567469599995, 40.7407849289999], [-73.91443483199988, 40.740531052999906], [-73.9137938869998, 40.74251449199999], [-73.9119412979999, 40.742382948999975], [-73.9112472229998, 40.74578399299993], [-73.9124485379999, 40.74592040199988], [-73.91190979099993, 40.74810539499991], [-73.91164202799983, 40.74868457599994], [-73.91015860699994, 40.748501967999964], [-73.90945182799983, 40.75065550699998], [-73.91067474899997, 40.75299507699994], [-73.91023124699991, 40.75297652299991], [-73.90901259099992, 40.754279815000004], [-73.90631505099988, 40.75984387599996], [-73.90779405499987, 40.76051779999997], [-73.90356915599997, 40.76578178899999]]]}}, {"id": "259", "type": "Feature", "properties": {"taxi_zone_id": 261, "zone": "World Trade Center", "borough": "Manhattan"}, "geometry": {"type": "Polygon", "coordinates": [[[-74.01325396399993, 40.70587051399994], [-74.01326979499997, 40.704553496000024], [-74.01668613099999, 40.70479933799998], [-74.01375388499997, 40.713690554999914], [-74.00860085399992, 40.71139224000001], [-74.01325396399993, 40.70587051399994]]]}}, {"id": "260", "type": "Feature", "properties": {"taxi_zone_id": 262, "zone": "Yorkville East", "borough": "Manhattan"}, "geometry": {"type": "MultiPolygon", "coordinates": [[[[-73.9437600529999, 40.78282893199994], [-73.94360047475412, 40.78015909946616], [-73.94321386265217, 40.77931758866006], [-73.94271600545086, 40.77954416947618], [-73.94289340818789, 40.77861409324624], [-73.94200266722274, 40.77618531738275], [-73.94366431814754, 40.773840764679406], [-73.94748975478171, 40.77011515400956], [-73.95268514999994, 40.77233940499997], [-73.94472264499986, 40.7832475719999], [-73.9437600529999, 40.78282893199994]]], [[[-73.9379013362395, 40.780749996172595], [-73.93764631821479, 40.78100121589289], [-73.93759894622616, 40.78046784086147], [-73.93861200821945, 40.780338955868956], [-73.93953015793254, 40.77952762026046], [-73.93830097951646, 40.78136208436499], [-73.9379013362395, 40.780749996172595]]]]}}, {"id": "261", "type": "Feature", "properties": {"taxi_zone_id": 263, "zone": "Yorkville West", "borough": "Manhattan"}, "geometry": {"type": "Polygon", "coordinates": [[[-73.94472264499986, 40.7832475719999], [-73.95268514999994, 40.77233940499997], [-73.95729409999986, 40.774283554999954], [-73.94933170599992, 40.78519312699997], [-73.94472264499986, 40.7832475719999]]]}}]}